{"Timestamp":"2023-04-23T16:36:53.3211627+02:00","Level":"Information","MessageTemplate":"Now listening on: {address}","Properties":{"address":"https://localhost:5001","EventId":{"Id":14,"Name":"ListeningOnAddress"},"SourceContext":"Microsoft.Hosting.Lifetime","ApplicationName":"Barn.Api"}}
{"Timestamp":"2023-04-23T16:36:53.3521492+02:00","Level":"Information","MessageTemplate":"Now listening on: {address}","Properties":{"address":"http://localhost:5000","EventId":{"Id":14,"Name":"ListeningOnAddress"},"SourceContext":"Microsoft.Hosting.Lifetime","ApplicationName":"Barn.Api"}}
{"Timestamp":"2023-04-23T16:36:53.3538953+02:00","Level":"Information","MessageTemplate":"Application started. Press Ctrl+C to shut down.","Properties":{"SourceContext":"Microsoft.Hosting.Lifetime","ApplicationName":"Barn.Api"}}
{"Timestamp":"2023-04-23T16:36:53.3540876+02:00","Level":"Information","MessageTemplate":"Hosting environment: {EnvName}","Properties":{"EnvName":"Development","SourceContext":"Microsoft.Hosting.Lifetime","ApplicationName":"Barn.Api"}}
{"Timestamp":"2023-04-23T16:36:53.3541619+02:00","Level":"Information","MessageTemplate":"Content root path: {ContentRoot}","Properties":{"ContentRoot":"C:\\Repos\\Birk.Bestillingsveiviser.Web\\Birk.Client.Bestilling","SourceContext":"Microsoft.Hosting.Lifetime","ApplicationName":"Barn.Api"}}
{"Timestamp":"2023-04-23T16:36:55.8652274+02:00","Level":"Information","MessageTemplate":"Entering {Method}","Properties":{"Method":"InitializeDropdownsAsync","SourceContext":"Birk.Client.Bestilling.Pages.Bestilling","ActionId":"7ea7071c-ac03-43f0-8636-50daabe8b2ef","ActionName":"/_Host","RequestId":"0HMQ410N9QTII:00000001","RequestPath":"/","ConnectionId":"0HMQ410N9QTII","ApplicationName":"Barn.Api","CorrelationId":"b8ac334e-06dc-4a0a-b7e2-0ee081c73594"}}
{"Timestamp":"2023-04-23T16:36:55.8687562+02:00","Level":"Information","MessageTemplate":"Entering {Method}","Properties":{"Method":"GetTypes","SourceContext":"Birk.Client.Bestilling.Services.Implementation.KodeverkService","ActionId":"7ea7071c-ac03-43f0-8636-50daabe8b2ef","ActionName":"/_Host","RequestId":"0HMQ410N9QTII:00000001","RequestPath":"/","ConnectionId":"0HMQ410N9QTII","ApplicationName":"Barn.Api","CorrelationId":"b8ac334e-06dc-4a0a-b7e2-0ee081c73594"}}
{"Timestamp":"2023-04-23T16:37:01.9697845+02:00","Level":"Information","MessageTemplate":"Entering {Method}","Properties":{"Method":"InitializeDropdownsAsync","SourceContext":"Birk.Client.Bestilling.Pages.Bestilling","TransportConnectionId":"W-44tpfCHV-VImjPNSf8EQ","RequestId":"0HMQ410N9QTII:0000003D","RequestPath":"/_blazor","ConnectionId":"0HMQ410N9QTII","ApplicationName":"Barn.Api"}}
{"Timestamp":"2023-04-23T16:37:02.2226886+02:00","Level":"Information","MessageTemplate":"Entering {Method}","Properties":{"Method":"GetTypes","SourceContext":"Birk.Client.Bestilling.Services.Implementation.KodeverkService","TransportConnectionId":"W-44tpfCHV-VImjPNSf8EQ","RequestId":"0HMQ410N9QTII:0000003D","RequestPath":"/_blazor","ConnectionId":"0HMQ410N9QTII","ApplicationName":"Barn.Api"}}
{"Timestamp":"2023-04-23T16:37:02.3786697+02:00","Level":"Information","MessageTemplate":"Exiting {Method}","Properties":{"Method":"InitializeDropdownsAsync","SourceContext":"Birk.Client.Bestilling.Pages.Bestilling","TransportConnectionId":"W-44tpfCHV-VImjPNSf8EQ","RequestId":"0HMQ410N9QTII:0000003D","RequestPath":"/_blazor","ConnectionId":"0HMQ410N9QTII","ApplicationName":"Barn.Api"}}
{"Timestamp":"2023-04-23T16:38:02.7802513+02:00","Level":"Information","MessageTemplate":"Entering {Method}","Properties":{"Method":"GetKommunesAndBvtjenestes","SourceContext":"Birk.Client.Bestilling.Services.Implementation.KodeverkService","TransportConnectionId":"W-44tpfCHV-VImjPNSf8EQ","RequestId":"0HMQ410N9QTII:0000003D","RequestPath":"/_blazor","ConnectionId":"0HMQ410N9QTII","ApplicationName":"Barn.Api"}}
{"Timestamp":"2023-04-23T16:38:18.6616539+02:00","Level":"Information","MessageTemplate":"Entering {Method}","Properties":{"Method":"GetBarnByFnr","SourceContext":"Birk.Client.Bestilling.Services.Implementation.BarnService","TransportConnectionId":"W-44tpfCHV-VImjPNSf8EQ","RequestId":"0HMQ410N9QTII:0000003D","RequestPath":"/_blazor","ConnectionId":"0HMQ410N9QTII","ApplicationName":"Barn.Api"}}
{"Timestamp":"2023-04-23T16:41:38.5738300+02:00","Level":"Information","MessageTemplate":"Now listening on: {address}","Properties":{"address":"https://localhost:5001","EventId":{"Id":14,"Name":"ListeningOnAddress"},"SourceContext":"Microsoft.Hosting.Lifetime","ApplicationName":"Barn.Api"}}
{"Timestamp":"2023-04-23T16:41:38.6067177+02:00","Level":"Information","MessageTemplate":"Now listening on: {address}","Properties":{"address":"http://localhost:5000","EventId":{"Id":14,"Name":"ListeningOnAddress"},"SourceContext":"Microsoft.Hosting.Lifetime","ApplicationName":"Barn.Api"}}
{"Timestamp":"2023-04-23T16:41:38.6081585+02:00","Level":"Information","MessageTemplate":"Application started. Press Ctrl+C to shut down.","Properties":{"SourceContext":"Microsoft.Hosting.Lifetime","ApplicationName":"Barn.Api"}}
{"Timestamp":"2023-04-23T16:41:38.6083541+02:00","Level":"Information","MessageTemplate":"Hosting environment: {EnvName}","Properties":{"EnvName":"Development","SourceContext":"Microsoft.Hosting.Lifetime","ApplicationName":"Barn.Api"}}
{"Timestamp":"2023-04-23T16:41:38.6084163+02:00","Level":"Information","MessageTemplate":"Content root path: {ContentRoot}","Properties":{"ContentRoot":"C:\\Repos\\Birk.Bestillingsveiviser.Web\\Birk.Client.Bestilling","SourceContext":"Microsoft.Hosting.Lifetime","ApplicationName":"Barn.Api"}}
{"Timestamp":"2023-04-23T16:41:39.8550921+02:00","Level":"Information","MessageTemplate":"Entering {Method}","Properties":{"Method":"InitializeDropdownsAsync","SourceContext":"Birk.Client.Bestilling.Pages.Bestilling","ActionId":"fe182777-4a98-4723-80f5-07fb63483f52","ActionName":"/_Host","RequestId":"0HMQ413C8L2HK:00000001","RequestPath":"/","ConnectionId":"0HMQ413C8L2HK","ApplicationName":"Barn.Api","CorrelationId":"c4b96cc1-80e7-46a3-a2d4-593e2eef47ad"}}
{"Timestamp":"2023-04-23T16:41:39.8599238+02:00","Level":"Information","MessageTemplate":"Entering {Method}","Properties":{"Method":"GetTypes","SourceContext":"Birk.Client.Bestilling.Services.Implementation.KodeverkService","ActionId":"fe182777-4a98-4723-80f5-07fb63483f52","ActionName":"/_Host","RequestId":"0HMQ413C8L2HK:00000001","RequestPath":"/","ConnectionId":"0HMQ413C8L2HK","ApplicationName":"Barn.Api","CorrelationId":"c4b96cc1-80e7-46a3-a2d4-593e2eef47ad"}}
{"Timestamp":"2023-04-23T16:41:40.2067802+02:00","Level":"Information","MessageTemplate":"Exiting {Method}","Properties":{"Method":"InitializeDropdownsAsync","SourceContext":"Birk.Client.Bestilling.Pages.Bestilling","ActionId":"fe182777-4a98-4723-80f5-07fb63483f52","ActionName":"/_Host","RequestId":"0HMQ413C8L2HK:00000001","RequestPath":"/","ConnectionId":"0HMQ413C8L2HK","ApplicationName":"Barn.Api","CorrelationId":"c4b96cc1-80e7-46a3-a2d4-593e2eef47ad"}}
{"Timestamp":"2023-04-23T16:41:40.9920914+02:00","Level":"Information","MessageTemplate":"Entering {Method}","Properties":{"Method":"InitializeDropdownsAsync","SourceContext":"Birk.Client.Bestilling.Pages.Bestilling","TransportConnectionId":"4Zi9xbAoYtFJoXMpSefX1w","RequestId":"0HMQ413C8L2HK:0000003D","RequestPath":"/_blazor","ConnectionId":"0HMQ413C8L2HK","ApplicationName":"Barn.Api"}}
{"Timestamp":"2023-04-23T16:41:41.1808343+02:00","Level":"Information","MessageTemplate":"Entering {Method}","Properties":{"Method":"GetTypes","SourceContext":"Birk.Client.Bestilling.Services.Implementation.KodeverkService","TransportConnectionId":"4Zi9xbAoYtFJoXMpSefX1w","RequestId":"0HMQ413C8L2HK:0000003D","RequestPath":"/_blazor","ConnectionId":"0HMQ413C8L2HK","ApplicationName":"Barn.Api"}}
{"Timestamp":"2023-04-23T16:41:41.2526758+02:00","Level":"Information","MessageTemplate":"Exiting {Method}","Properties":{"Method":"InitializeDropdownsAsync","SourceContext":"Birk.Client.Bestilling.Pages.Bestilling","TransportConnectionId":"4Zi9xbAoYtFJoXMpSefX1w","RequestId":"0HMQ413C8L2HK:0000003D","RequestPath":"/_blazor","ConnectionId":"0HMQ413C8L2HK","ApplicationName":"Barn.Api"}}
{"Timestamp":"2023-04-23T16:41:44.8194462+02:00","Level":"Information","MessageTemplate":"Entering {Method}","Properties":{"Method":"GetKommunesAndBvtjenestes","SourceContext":"Birk.Client.Bestilling.Services.Implementation.KodeverkService","TransportConnectionId":"4Zi9xbAoYtFJoXMpSefX1w","RequestId":"0HMQ413C8L2HK:0000003D","RequestPath":"/_blazor","ConnectionId":"0HMQ413C8L2HK","ApplicationName":"Barn.Api"}}
{"Timestamp":"2023-04-23T16:45:38.3357169+02:00","Level":"Information","MessageTemplate":"Now listening on: {address}","Properties":{"address":"https://localhost:5001","EventId":{"Id":14,"Name":"ListeningOnAddress"},"SourceContext":"Microsoft.Hosting.Lifetime","ApplicationName":"Barn.Api"}}
{"Timestamp":"2023-04-23T16:45:38.3705735+02:00","Level":"Information","MessageTemplate":"Now listening on: {address}","Properties":{"address":"http://localhost:5000","EventId":{"Id":14,"Name":"ListeningOnAddress"},"SourceContext":"Microsoft.Hosting.Lifetime","ApplicationName":"Barn.Api"}}
{"Timestamp":"2023-04-23T16:45:38.3723302+02:00","Level":"Information","MessageTemplate":"Application started. Press Ctrl+C to shut down.","Properties":{"SourceContext":"Microsoft.Hosting.Lifetime","ApplicationName":"Barn.Api"}}
{"Timestamp":"2023-04-23T16:45:38.3725781+02:00","Level":"Information","MessageTemplate":"Hosting environment: {EnvName}","Properties":{"EnvName":"Development","SourceContext":"Microsoft.Hosting.Lifetime","ApplicationName":"Barn.Api"}}
{"Timestamp":"2023-04-23T16:45:38.3727662+02:00","Level":"Information","MessageTemplate":"Content root path: {ContentRoot}","Properties":{"ContentRoot":"C:\\Repos\\Birk.Bestillingsveiviser.Web\\Birk.Client.Bestilling","SourceContext":"Microsoft.Hosting.Lifetime","ApplicationName":"Barn.Api"}}
{"Timestamp":"2023-04-23T16:45:39.8163135+02:00","Level":"Information","MessageTemplate":"Entering {Method}","Properties":{"Method":"InitializeDropdownsAsync","SourceContext":"Birk.Client.Bestilling.Pages.Bestilling","ActionId":"0557b555-e40e-4f9e-8d6d-cc5211dc6d31","ActionName":"/_Host","RequestId":"0HMQ415JMKEFC:00000001","RequestPath":"/","ConnectionId":"0HMQ415JMKEFC","ApplicationName":"Barn.Api","CorrelationId":"75693ac7-6a65-469b-bfd3-9b0d86928907"}}
{"Timestamp":"2023-04-23T16:45:39.8197692+02:00","Level":"Information","MessageTemplate":"Entering {Method}","Properties":{"Method":"GetTypes","SourceContext":"Birk.Client.Bestilling.Services.Implementation.KodeverkService","ActionId":"0557b555-e40e-4f9e-8d6d-cc5211dc6d31","ActionName":"/_Host","RequestId":"0HMQ415JMKEFC:00000001","RequestPath":"/","ConnectionId":"0HMQ415JMKEFC","ApplicationName":"Barn.Api","CorrelationId":"75693ac7-6a65-469b-bfd3-9b0d86928907"}}
{"Timestamp":"2023-04-23T16:45:40.0195304+02:00","Level":"Information","MessageTemplate":"Exiting {Method}","Properties":{"Method":"InitializeDropdownsAsync","SourceContext":"Birk.Client.Bestilling.Pages.Bestilling","ActionId":"0557b555-e40e-4f9e-8d6d-cc5211dc6d31","ActionName":"/_Host","RequestId":"0HMQ415JMKEFC:00000001","RequestPath":"/","ConnectionId":"0HMQ415JMKEFC","ApplicationName":"Barn.Api","CorrelationId":"75693ac7-6a65-469b-bfd3-9b0d86928907"}}
{"Timestamp":"2023-04-23T16:45:40.8772371+02:00","Level":"Information","MessageTemplate":"Entering {Method}","Properties":{"Method":"InitializeDropdownsAsync","SourceContext":"Birk.Client.Bestilling.Pages.Bestilling","TransportConnectionId":"JhpI1altgTV6fthWm4zhIg","RequestId":"0HMQ415JMKEFC:0000003D","RequestPath":"/_blazor","ConnectionId":"0HMQ415JMKEFC","ApplicationName":"Barn.Api"}}
{"Timestamp":"2023-04-23T16:45:41.0463631+02:00","Level":"Information","MessageTemplate":"Entering {Method}","Properties":{"Method":"GetTypes","SourceContext":"Birk.Client.Bestilling.Services.Implementation.KodeverkService","TransportConnectionId":"JhpI1altgTV6fthWm4zhIg","RequestId":"0HMQ415JMKEFC:0000003D","RequestPath":"/_blazor","ConnectionId":"0HMQ415JMKEFC","ApplicationName":"Barn.Api"}}
{"Timestamp":"2023-04-23T16:45:41.1371428+02:00","Level":"Information","MessageTemplate":"Exiting {Method}","Properties":{"Method":"InitializeDropdownsAsync","SourceContext":"Birk.Client.Bestilling.Pages.Bestilling","TransportConnectionId":"JhpI1altgTV6fthWm4zhIg","RequestId":"0HMQ415JMKEFC:0000003D","RequestPath":"/_blazor","ConnectionId":"0HMQ415JMKEFC","ApplicationName":"Barn.Api"}}
{"Timestamp":"2023-04-23T16:45:50.2884505+02:00","Level":"Information","MessageTemplate":"Entering {Method}","Properties":{"Method":"GetKommunesAndBvtjenestes","SourceContext":"Birk.Client.Bestilling.Services.Implementation.KodeverkService","TransportConnectionId":"JhpI1altgTV6fthWm4zhIg","RequestId":"0HMQ415JMKEFC:0000003D","RequestPath":"/_blazor","ConnectionId":"0HMQ415JMKEFC","ApplicationName":"Barn.Api"}}
{"Timestamp":"2023-04-23T17:03:05.9554960+02:00","Level":"Information","MessageTemplate":"Now listening on: {address}","Properties":{"address":"https://localhost:5001","EventId":{"Id":14,"Name":"ListeningOnAddress"},"SourceContext":"Microsoft.Hosting.Lifetime","ApplicationName":"Barn.Api"}}
{"Timestamp":"2023-04-23T17:03:05.9843625+02:00","Level":"Information","MessageTemplate":"Now listening on: {address}","Properties":{"address":"http://localhost:5000","EventId":{"Id":14,"Name":"ListeningOnAddress"},"SourceContext":"Microsoft.Hosting.Lifetime","ApplicationName":"Barn.Api"}}
{"Timestamp":"2023-04-23T17:03:05.9857055+02:00","Level":"Information","MessageTemplate":"Application started. Press Ctrl+C to shut down.","Properties":{"SourceContext":"Microsoft.Hosting.Lifetime","ApplicationName":"Barn.Api"}}
{"Timestamp":"2023-04-23T17:03:05.9858878+02:00","Level":"Information","MessageTemplate":"Hosting environment: {EnvName}","Properties":{"EnvName":"Development","SourceContext":"Microsoft.Hosting.Lifetime","ApplicationName":"Barn.Api"}}
{"Timestamp":"2023-04-23T17:03:05.9859493+02:00","Level":"Information","MessageTemplate":"Content root path: {ContentRoot}","Properties":{"ContentRoot":"C:\\Repos\\Birk.Bestillingsveiviser.Web\\Birk.Client.Bestilling","SourceContext":"Microsoft.Hosting.Lifetime","ApplicationName":"Barn.Api"}}
{"Timestamp":"2023-04-23T17:03:07.4485389+02:00","Level":"Information","MessageTemplate":"Entering {Method}","Properties":{"Method":"InitializeDropdownsAsync","SourceContext":"Birk.Client.Bestilling.Pages.Bestilling","ActionId":"e2342767-0a47-4406-ba26-58b9549f7437","ActionName":"/_Host","RequestId":"0HMQ41FBUOP14:00000001","RequestPath":"/","ConnectionId":"0HMQ41FBUOP14","ApplicationName":"Barn.Api","CorrelationId":"e8faeb07-2133-4a8d-a024-8d894d42f392"}}
{"Timestamp":"2023-04-23T17:03:07.4524627+02:00","Level":"Information","MessageTemplate":"Entering {Method}","Properties":{"Method":"GetTypes","SourceContext":"Birk.Client.Bestilling.Services.Implementation.KodeverkService","ActionId":"e2342767-0a47-4406-ba26-58b9549f7437","ActionName":"/_Host","RequestId":"0HMQ41FBUOP14:00000001","RequestPath":"/","ConnectionId":"0HMQ41FBUOP14","ApplicationName":"Barn.Api","CorrelationId":"e8faeb07-2133-4a8d-a024-8d894d42f392"}}
{"Timestamp":"2023-04-23T17:03:07.8377921+02:00","Level":"Information","MessageTemplate":"Exiting {Method}","Properties":{"Method":"InitializeDropdownsAsync","SourceContext":"Birk.Client.Bestilling.Pages.Bestilling","ActionId":"e2342767-0a47-4406-ba26-58b9549f7437","ActionName":"/_Host","RequestId":"0HMQ41FBUOP14:00000001","RequestPath":"/","ConnectionId":"0HMQ41FBUOP14","ApplicationName":"Barn.Api","CorrelationId":"e8faeb07-2133-4a8d-a024-8d894d42f392"}}
{"Timestamp":"2023-04-23T17:03:08.6915869+02:00","Level":"Information","MessageTemplate":"Entering {Method}","Properties":{"Method":"InitializeDropdownsAsync","SourceContext":"Birk.Client.Bestilling.Pages.Bestilling","TransportConnectionId":"BjWvCLfdHN_jsYeVCQXzsQ","RequestId":"0HMQ41FBUOP14:0000003D","RequestPath":"/_blazor","ConnectionId":"0HMQ41FBUOP14","ApplicationName":"Barn.Api"}}
{"Timestamp":"2023-04-23T17:03:08.9192984+02:00","Level":"Information","MessageTemplate":"Entering {Method}","Properties":{"Method":"GetTypes","SourceContext":"Birk.Client.Bestilling.Services.Implementation.KodeverkService","TransportConnectionId":"BjWvCLfdHN_jsYeVCQXzsQ","RequestId":"0HMQ41FBUOP14:0000003D","RequestPath":"/_blazor","ConnectionId":"0HMQ41FBUOP14","ApplicationName":"Barn.Api"}}
{"Timestamp":"2023-04-23T17:03:09.0110758+02:00","Level":"Information","MessageTemplate":"Exiting {Method}","Properties":{"Method":"InitializeDropdownsAsync","SourceContext":"Birk.Client.Bestilling.Pages.Bestilling","TransportConnectionId":"BjWvCLfdHN_jsYeVCQXzsQ","RequestId":"0HMQ41FBUOP14:0000003D","RequestPath":"/_blazor","ConnectionId":"0HMQ41FBUOP14","ApplicationName":"Barn.Api"}}
{"Timestamp":"2023-04-23T17:03:15.0410095+02:00","Level":"Information","MessageTemplate":"Entering {Method}","Properties":{"Method":"GetKommunesAndBvtjenestes","SourceContext":"Birk.Client.Bestilling.Services.Implementation.KodeverkService","TransportConnectionId":"BjWvCLfdHN_jsYeVCQXzsQ","RequestId":"0HMQ41FBUOP14:0000003D","RequestPath":"/_blazor","ConnectionId":"0HMQ41FBUOP14","ApplicationName":"Barn.Api"}}
{"Timestamp":"2023-04-23T17:04:00.7860710+02:00","Level":"Information","MessageTemplate":"Now listening on: {address}","Properties":{"address":"https://localhost:5001","EventId":{"Id":14,"Name":"ListeningOnAddress"},"SourceContext":"Microsoft.Hosting.Lifetime","ApplicationName":"Barn.Api"}}
{"Timestamp":"2023-04-23T17:04:00.8225723+02:00","Level":"Information","MessageTemplate":"Now listening on: {address}","Properties":{"address":"http://localhost:5000","EventId":{"Id":14,"Name":"ListeningOnAddress"},"SourceContext":"Microsoft.Hosting.Lifetime","ApplicationName":"Barn.Api"}}
{"Timestamp":"2023-04-23T17:04:00.8246123+02:00","Level":"Information","MessageTemplate":"Application started. Press Ctrl+C to shut down.","Properties":{"SourceContext":"Microsoft.Hosting.Lifetime","ApplicationName":"Barn.Api"}}
{"Timestamp":"2023-04-23T17:04:00.8250680+02:00","Level":"Information","MessageTemplate":"Hosting environment: {EnvName}","Properties":{"EnvName":"Development","SourceContext":"Microsoft.Hosting.Lifetime","ApplicationName":"Barn.Api"}}
{"Timestamp":"2023-04-23T17:04:00.8251639+02:00","Level":"Information","MessageTemplate":"Content root path: {ContentRoot}","Properties":{"ContentRoot":"C:\\Repos\\Birk.Bestillingsveiviser.Web\\Birk.Client.Bestilling","SourceContext":"Microsoft.Hosting.Lifetime","ApplicationName":"Barn.Api"}}
{"Timestamp":"2023-04-23T17:04:03.6022948+02:00","Level":"Information","MessageTemplate":"Entering {Method}","Properties":{"Method":"InitializeDropdownsAsync","SourceContext":"Birk.Client.Bestilling.Pages.Bestilling","ActionId":"eac7a82b-99b1-416a-8cec-c82c7f439c0c","ActionName":"/_Host","RequestId":"0HMQ41FSAL7PU:00000001","RequestPath":"/","ConnectionId":"0HMQ41FSAL7PU","ApplicationName":"Barn.Api","CorrelationId":"c08f2e23-7ba2-44ae-916e-fc9fdf1b5631"}}
{"Timestamp":"2023-04-23T17:04:03.6057394+02:00","Level":"Information","MessageTemplate":"Entering {Method}","Properties":{"Method":"GetTypes","SourceContext":"Birk.Client.Bestilling.Services.Implementation.KodeverkService","ActionId":"eac7a82b-99b1-416a-8cec-c82c7f439c0c","ActionName":"/_Host","RequestId":"0HMQ41FSAL7PU:00000001","RequestPath":"/","ConnectionId":"0HMQ41FSAL7PU","ApplicationName":"Barn.Api","CorrelationId":"c08f2e23-7ba2-44ae-916e-fc9fdf1b5631"}}
{"Timestamp":"2023-04-23T17:04:03.8567849+02:00","Level":"Information","MessageTemplate":"Exiting {Method}","Properties":{"Method":"InitializeDropdownsAsync","SourceContext":"Birk.Client.Bestilling.Pages.Bestilling","ActionId":"eac7a82b-99b1-416a-8cec-c82c7f439c0c","ActionName":"/_Host","RequestId":"0HMQ41FSAL7PU:00000001","RequestPath":"/","ConnectionId":"0HMQ41FSAL7PU","ApplicationName":"Barn.Api","CorrelationId":"c08f2e23-7ba2-44ae-916e-fc9fdf1b5631"}}
{"Timestamp":"2023-04-23T17:04:04.6621946+02:00","Level":"Information","MessageTemplate":"Entering {Method}","Properties":{"Method":"InitializeDropdownsAsync","SourceContext":"Birk.Client.Bestilling.Pages.Bestilling","TransportConnectionId":"hYDXjRH2HcRcMCGZNSrdRQ","RequestId":"0HMQ41FSAL7PU:0000003D","RequestPath":"/_blazor","ConnectionId":"0HMQ41FSAL7PU","ApplicationName":"Barn.Api"}}
{"Timestamp":"2023-04-23T17:04:04.8266059+02:00","Level":"Information","MessageTemplate":"Entering {Method}","Properties":{"Method":"GetTypes","SourceContext":"Birk.Client.Bestilling.Services.Implementation.KodeverkService","TransportConnectionId":"hYDXjRH2HcRcMCGZNSrdRQ","RequestId":"0HMQ41FSAL7PU:0000003D","RequestPath":"/_blazor","ConnectionId":"0HMQ41FSAL7PU","ApplicationName":"Barn.Api"}}
{"Timestamp":"2023-04-23T17:04:04.9143582+02:00","Level":"Information","MessageTemplate":"Exiting {Method}","Properties":{"Method":"InitializeDropdownsAsync","SourceContext":"Birk.Client.Bestilling.Pages.Bestilling","TransportConnectionId":"hYDXjRH2HcRcMCGZNSrdRQ","RequestId":"0HMQ41FSAL7PU:0000003D","RequestPath":"/_blazor","ConnectionId":"0HMQ41FSAL7PU","ApplicationName":"Barn.Api"}}
{"Timestamp":"2023-04-23T17:07:20.3294824+02:00","Level":"Information","MessageTemplate":"Entering {Method}","Properties":{"Method":"GetKommunesAndBvtjenestes","SourceContext":"Birk.Client.Bestilling.Services.Implementation.KodeverkService","TransportConnectionId":"hYDXjRH2HcRcMCGZNSrdRQ","RequestId":"0HMQ41FSAL7PU:0000003D","RequestPath":"/_blazor","ConnectionId":"0HMQ41FSAL7PU","ApplicationName":"Barn.Api"}}
{"Timestamp":"2023-04-23T18:05:05.0673803+02:00","Level":"Information","MessageTemplate":"Now listening on: {address}","Properties":{"address":"https://localhost:5001","EventId":{"Id":14,"Name":"ListeningOnAddress"},"SourceContext":"Microsoft.Hosting.Lifetime","ApplicationName":"Barn.Api"}}
{"Timestamp":"2023-04-23T18:05:05.0985722+02:00","Level":"Information","MessageTemplate":"Now listening on: {address}","Properties":{"address":"http://localhost:5000","EventId":{"Id":14,"Name":"ListeningOnAddress"},"SourceContext":"Microsoft.Hosting.Lifetime","ApplicationName":"Barn.Api"}}
{"Timestamp":"2023-04-23T18:05:05.0999680+02:00","Level":"Information","MessageTemplate":"Application started. Press Ctrl+C to shut down.","Properties":{"SourceContext":"Microsoft.Hosting.Lifetime","ApplicationName":"Barn.Api"}}
{"Timestamp":"2023-04-23T18:05:05.1001535+02:00","Level":"Information","MessageTemplate":"Hosting environment: {EnvName}","Properties":{"EnvName":"Development","SourceContext":"Microsoft.Hosting.Lifetime","ApplicationName":"Barn.Api"}}
{"Timestamp":"2023-04-23T18:05:05.1002281+02:00","Level":"Information","MessageTemplate":"Content root path: {ContentRoot}","Properties":{"ContentRoot":"C:\\Repos\\Birk.Bestillingsveiviser.Web\\Birk.Client.Bestilling","SourceContext":"Microsoft.Hosting.Lifetime","ApplicationName":"Barn.Api"}}
{"Timestamp":"2023-04-23T18:05:06.7685953+02:00","Level":"Information","MessageTemplate":"Entering {Method}","Properties":{"Method":"InitializeDropdownsAsync","SourceContext":"Birk.Client.Bestilling.Pages.Bestilling","ActionId":"dd824eed-f779-4d09-959f-248b11ac8c40","ActionName":"/_Host","RequestId":"0HMQ42I0BDLQ6:00000001","RequestPath":"/","ConnectionId":"0HMQ42I0BDLQ6","ApplicationName":"Barn.Api","CorrelationId":"65aef017-c067-4a92-8df2-bece8c205a13"}}
{"Timestamp":"2023-04-23T18:05:06.7716951+02:00","Level":"Information","MessageTemplate":"Entering {Method}","Properties":{"Method":"GetTypes","SourceContext":"Birk.Client.Bestilling.Services.Implementation.KodeverkService","ActionId":"dd824eed-f779-4d09-959f-248b11ac8c40","ActionName":"/_Host","RequestId":"0HMQ42I0BDLQ6:00000001","RequestPath":"/","ConnectionId":"0HMQ42I0BDLQ6","ApplicationName":"Barn.Api","CorrelationId":"65aef017-c067-4a92-8df2-bece8c205a13"}}
{"Timestamp":"2023-04-23T18:05:09.4549350+02:00","Level":"Information","MessageTemplate":"Exiting {Method}","Properties":{"Method":"InitializeDropdownsAsync","SourceContext":"Birk.Client.Bestilling.Pages.Bestilling","ActionId":"dd824eed-f779-4d09-959f-248b11ac8c40","ActionName":"/_Host","RequestId":"0HMQ42I0BDLQ6:00000001","RequestPath":"/","ConnectionId":"0HMQ42I0BDLQ6","ApplicationName":"Barn.Api","CorrelationId":"65aef017-c067-4a92-8df2-bece8c205a13"}}
{"Timestamp":"2023-04-23T18:05:10.2523741+02:00","Level":"Information","MessageTemplate":"Entering {Method}","Properties":{"Method":"InitializeDropdownsAsync","SourceContext":"Birk.Client.Bestilling.Pages.Bestilling","TransportConnectionId":"xJl-cSjgL6GBFE-71GZY-Q","RequestId":"0HMQ42I0BDLQ6:0000003D","RequestPath":"/_blazor","ConnectionId":"0HMQ42I0BDLQ6","ApplicationName":"Barn.Api"}}
{"Timestamp":"2023-04-23T18:05:10.4356859+02:00","Level":"Information","MessageTemplate":"Entering {Method}","Properties":{"Method":"GetTypes","SourceContext":"Birk.Client.Bestilling.Services.Implementation.KodeverkService","TransportConnectionId":"xJl-cSjgL6GBFE-71GZY-Q","RequestId":"0HMQ42I0BDLQ6:0000003D","RequestPath":"/_blazor","ConnectionId":"0HMQ42I0BDLQ6","ApplicationName":"Barn.Api"}}
{"Timestamp":"2023-04-23T18:05:10.5682329+02:00","Level":"Information","MessageTemplate":"Exiting {Method}","Properties":{"Method":"InitializeDropdownsAsync","SourceContext":"Birk.Client.Bestilling.Pages.Bestilling","TransportConnectionId":"xJl-cSjgL6GBFE-71GZY-Q","RequestId":"0HMQ42I0BDLQ6:0000003D","RequestPath":"/_blazor","ConnectionId":"0HMQ42I0BDLQ6","ApplicationName":"Barn.Api"}}
{"Timestamp":"2023-04-23T18:05:13.1584624+02:00","Level":"Information","MessageTemplate":"Entering {Method}","Properties":{"Method":"GetKommunesAndBvtjenestes","SourceContext":"Birk.Client.Bestilling.Services.Implementation.KodeverkService","TransportConnectionId":"xJl-cSjgL6GBFE-71GZY-Q","RequestId":"0HMQ42I0BDLQ6:0000003D","RequestPath":"/_blazor","ConnectionId":"0HMQ42I0BDLQ6","ApplicationName":"Barn.Api"}}
{"Timestamp":"2023-04-23T18:05:23.4985994+02:00","Level":"Information","MessageTemplate":"Entering {Method}","Properties":{"Method":"InitializeDropdownsAsync","SourceContext":"Birk.Client.Bestilling.Pages.Bestilling","ActionId":"dd824eed-f779-4d09-959f-248b11ac8c40","ActionName":"/_Host","RequestId":"0HMQ42I0BDLQ6:00000041","RequestPath":"/","ConnectionId":"0HMQ42I0BDLQ6","ApplicationName":"Barn.Api","CorrelationId":"6e2eacfd-0a49-4b2a-b23f-499ae79723ec"}}
{"Timestamp":"2023-04-23T18:05:23.4988307+02:00","Level":"Information","MessageTemplate":"Entering {Method}","Properties":{"Method":"GetTypes","SourceContext":"Birk.Client.Bestilling.Services.Implementation.KodeverkService","ActionId":"dd824eed-f779-4d09-959f-248b11ac8c40","ActionName":"/_Host","RequestId":"0HMQ42I0BDLQ6:00000041","RequestPath":"/","ConnectionId":"0HMQ42I0BDLQ6","ApplicationName":"Barn.Api","CorrelationId":"6e2eacfd-0a49-4b2a-b23f-499ae79723ec"}}
{"Timestamp":"2023-04-23T18:05:23.5180622+02:00","Level":"Information","MessageTemplate":"Exiting {Method}","Properties":{"Method":"InitializeDropdownsAsync","SourceContext":"Birk.Client.Bestilling.Pages.Bestilling","ActionId":"dd824eed-f779-4d09-959f-248b11ac8c40","ActionName":"/_Host","RequestId":"0HMQ42I0BDLQ6:00000041","RequestPath":"/","ConnectionId":"0HMQ42I0BDLQ6","ApplicationName":"Barn.Api","CorrelationId":"6e2eacfd-0a49-4b2a-b23f-499ae79723ec"}}
{"Timestamp":"2023-04-23T18:05:25.2346242+02:00","Level":"Information","MessageTemplate":"Entering {Method}","Properties":{"Method":"InitializeDropdownsAsync","SourceContext":"Birk.Client.Bestilling.Pages.Bestilling","TransportConnectionId":"dOo40ADYb2FpZcQfk6LmKQ","RequestId":"0HMQ42I0BDLQ6:0000007F","RequestPath":"/_blazor","ConnectionId":"0HMQ42I0BDLQ6","ApplicationName":"Barn.Api"}}
{"Timestamp":"2023-04-23T18:05:25.3322108+02:00","Level":"Information","MessageTemplate":"Entering {Method}","Properties":{"Method":"GetTypes","SourceContext":"Birk.Client.Bestilling.Services.Implementation.KodeverkService","TransportConnectionId":"dOo40ADYb2FpZcQfk6LmKQ","RequestId":"0HMQ42I0BDLQ6:0000007F","RequestPath":"/_blazor","ConnectionId":"0HMQ42I0BDLQ6","ApplicationName":"Barn.Api"}}
{"Timestamp":"2023-04-23T18:05:25.5312065+02:00","Level":"Information","MessageTemplate":"Exiting {Method}","Properties":{"Method":"InitializeDropdownsAsync","SourceContext":"Birk.Client.Bestilling.Pages.Bestilling","TransportConnectionId":"dOo40ADYb2FpZcQfk6LmKQ","RequestId":"0HMQ42I0BDLQ6:0000007F","RequestPath":"/_blazor","ConnectionId":"0HMQ42I0BDLQ6","ApplicationName":"Barn.Api"}}
{"Timestamp":"2023-04-23T18:05:27.2388059+02:00","Level":"Information","MessageTemplate":"Entering {Method}","Properties":{"Method":"GetKommunesAndBvtjenestes","SourceContext":"Birk.Client.Bestilling.Services.Implementation.KodeverkService","TransportConnectionId":"dOo40ADYb2FpZcQfk6LmKQ","RequestId":"0HMQ42I0BDLQ6:0000007F","RequestPath":"/_blazor","ConnectionId":"0HMQ42I0BDLQ6","ApplicationName":"Barn.Api"}}
{"Timestamp":"2023-04-23T18:05:33.3418529+02:00","Level":"Information","MessageTemplate":"Entering {Method}","Properties":{"Method":"GetBarnByFnr","SourceContext":"Birk.Client.Bestilling.Services.Implementation.BarnService","TransportConnectionId":"dOo40ADYb2FpZcQfk6LmKQ","RequestId":"0HMQ42I0BDLQ6:0000007F","RequestPath":"/_blazor","ConnectionId":"0HMQ42I0BDLQ6","ApplicationName":"Barn.Api"}}
{"Timestamp":"2023-04-23T18:07:29.1073077+02:00","Level":"Information","MessageTemplate":"Now listening on: {address}","Properties":{"address":"https://localhost:5001","EventId":{"Id":14,"Name":"ListeningOnAddress"},"SourceContext":"Microsoft.Hosting.Lifetime","ApplicationName":"Barn.Api"}}
{"Timestamp":"2023-04-23T18:07:29.1374836+02:00","Level":"Information","MessageTemplate":"Now listening on: {address}","Properties":{"address":"http://localhost:5000","EventId":{"Id":14,"Name":"ListeningOnAddress"},"SourceContext":"Microsoft.Hosting.Lifetime","ApplicationName":"Barn.Api"}}
{"Timestamp":"2023-04-23T18:07:29.1388858+02:00","Level":"Information","MessageTemplate":"Application started. Press Ctrl+C to shut down.","Properties":{"SourceContext":"Microsoft.Hosting.Lifetime","ApplicationName":"Barn.Api"}}
{"Timestamp":"2023-04-23T18:07:29.1390601+02:00","Level":"Information","MessageTemplate":"Hosting environment: {EnvName}","Properties":{"EnvName":"Development","SourceContext":"Microsoft.Hosting.Lifetime","ApplicationName":"Barn.Api"}}
{"Timestamp":"2023-04-23T18:07:29.1391214+02:00","Level":"Information","MessageTemplate":"Content root path: {ContentRoot}","Properties":{"ContentRoot":"C:\\Repos\\Birk.Bestillingsveiviser.Web\\Birk.Client.Bestilling","SourceContext":"Microsoft.Hosting.Lifetime","ApplicationName":"Barn.Api"}}
{"Timestamp":"2023-04-23T18:07:30.7690479+02:00","Level":"Information","MessageTemplate":"Entering {Method}","Properties":{"Method":"InitializeDropdownsAsync","SourceContext":"Birk.Client.Bestilling.Pages.Bestilling","ActionId":"79b27501-4256-4ee1-9c51-0878a3b49ab7","ActionName":"/_Host","RequestId":"0HMQ42JB83020:00000001","RequestPath":"/","ConnectionId":"0HMQ42JB83020","ApplicationName":"Barn.Api","CorrelationId":"8707bf4e-b9cf-4c83-b5b3-2d5383477508"}}
{"Timestamp":"2023-04-23T18:07:30.7720584+02:00","Level":"Information","MessageTemplate":"Entering {Method}","Properties":{"Method":"GetTypes","SourceContext":"Birk.Client.Bestilling.Services.Implementation.KodeverkService","ActionId":"79b27501-4256-4ee1-9c51-0878a3b49ab7","ActionName":"/_Host","RequestId":"0HMQ42JB83020:00000001","RequestPath":"/","ConnectionId":"0HMQ42JB83020","ApplicationName":"Barn.Api","CorrelationId":"8707bf4e-b9cf-4c83-b5b3-2d5383477508"}}
{"Timestamp":"2023-04-23T18:07:31.4727797+02:00","Level":"Information","MessageTemplate":"Exiting {Method}","Properties":{"Method":"InitializeDropdownsAsync","SourceContext":"Birk.Client.Bestilling.Pages.Bestilling","ActionId":"79b27501-4256-4ee1-9c51-0878a3b49ab7","ActionName":"/_Host","RequestId":"0HMQ42JB83020:00000001","RequestPath":"/","ConnectionId":"0HMQ42JB83020","ApplicationName":"Barn.Api","CorrelationId":"8707bf4e-b9cf-4c83-b5b3-2d5383477508"}}
{"Timestamp":"2023-04-23T18:07:32.3386682+02:00","Level":"Information","MessageTemplate":"Entering {Method}","Properties":{"Method":"InitializeDropdownsAsync","SourceContext":"Birk.Client.Bestilling.Pages.Bestilling","TransportConnectionId":"s0GEABtoM4KvmsYrTarMrQ","RequestId":"0HMQ42JB83020:0000003D","RequestPath":"/_blazor","ConnectionId":"0HMQ42JB83020","ApplicationName":"Barn.Api"}}
{"Timestamp":"2023-04-23T18:07:32.6032971+02:00","Level":"Information","MessageTemplate":"Entering {Method}","Properties":{"Method":"GetTypes","SourceContext":"Birk.Client.Bestilling.Services.Implementation.KodeverkService","TransportConnectionId":"s0GEABtoM4KvmsYrTarMrQ","RequestId":"0HMQ42JB83020:0000003D","RequestPath":"/_blazor","ConnectionId":"0HMQ42JB83020","ApplicationName":"Barn.Api"}}
{"Timestamp":"2023-04-23T18:07:32.6844505+02:00","Level":"Information","MessageTemplate":"Exiting {Method}","Properties":{"Method":"InitializeDropdownsAsync","SourceContext":"Birk.Client.Bestilling.Pages.Bestilling","TransportConnectionId":"s0GEABtoM4KvmsYrTarMrQ","RequestId":"0HMQ42JB83020:0000003D","RequestPath":"/_blazor","ConnectionId":"0HMQ42JB83020","ApplicationName":"Barn.Api"}}
{"Timestamp":"2023-04-23T18:08:44.2362738+02:00","Level":"Information","MessageTemplate":"Entering {Method}","Properties":{"Method":"GetKommunesAndBvtjenestes","SourceContext":"Birk.Client.Bestilling.Services.Implementation.KodeverkService","TransportConnectionId":"s0GEABtoM4KvmsYrTarMrQ","RequestId":"0HMQ42JB83020:0000003D","RequestPath":"/_blazor","ConnectionId":"0HMQ42JB83020","ApplicationName":"Barn.Api"}}
{"Timestamp":"2023-04-23T18:08:49.4224028+02:00","Level":"Information","MessageTemplate":"Entering {Method}","Properties":{"Method":"GetBarnByFnr","SourceContext":"Birk.Client.Bestilling.Services.Implementation.BarnService","TransportConnectionId":"s0GEABtoM4KvmsYrTarMrQ","RequestId":"0HMQ42JB83020:0000003D","RequestPath":"/_blazor","ConnectionId":"0HMQ42JB83020","ApplicationName":"Barn.Api"}}
{"Timestamp":"2023-04-23T18:11:34.5801084+02:00","Level":"Information","MessageTemplate":"Now listening on: {address}","Properties":{"address":"https://localhost:5001","EventId":{"Id":14,"Name":"ListeningOnAddress"},"SourceContext":"Microsoft.Hosting.Lifetime","ApplicationName":"Barn.Api"}}
{"Timestamp":"2023-04-23T18:11:34.6083743+02:00","Level":"Information","MessageTemplate":"Now listening on: {address}","Properties":{"address":"http://localhost:5000","EventId":{"Id":14,"Name":"ListeningOnAddress"},"SourceContext":"Microsoft.Hosting.Lifetime","ApplicationName":"Barn.Api"}}
{"Timestamp":"2023-04-23T18:11:34.6097693+02:00","Level":"Information","MessageTemplate":"Application started. Press Ctrl+C to shut down.","Properties":{"SourceContext":"Microsoft.Hosting.Lifetime","ApplicationName":"Barn.Api"}}
{"Timestamp":"2023-04-23T18:11:34.6099393+02:00","Level":"Information","MessageTemplate":"Hosting environment: {EnvName}","Properties":{"EnvName":"Development","SourceContext":"Microsoft.Hosting.Lifetime","ApplicationName":"Barn.Api"}}
{"Timestamp":"2023-04-23T18:11:34.6100007+02:00","Level":"Information","MessageTemplate":"Content root path: {ContentRoot}","Properties":{"ContentRoot":"C:\\Repos\\Birk.Bestillingsveiviser.Web\\Birk.Client.Bestilling","SourceContext":"Microsoft.Hosting.Lifetime","ApplicationName":"Barn.Api"}}
{"Timestamp":"2023-04-23T18:11:36.3146390+02:00","Level":"Information","MessageTemplate":"Entering {Method}","Properties":{"Method":"InitializeDropdownsAsync","SourceContext":"Birk.Client.Bestilling.Pages.Bestilling","ActionId":"bd5ab7e1-201c-4c3d-93b6-3f9e8ce9e7ef","ActionName":"/_Host","RequestId":"0HMQ42LKCN8G5:00000001","RequestPath":"/","ConnectionId":"0HMQ42LKCN8G5","ApplicationName":"Barn.Api","CorrelationId":"42e7a3f3-e5c5-40b7-b012-729aaf8ce1b7"}}
{"Timestamp":"2023-04-23T18:11:36.3176484+02:00","Level":"Information","MessageTemplate":"Entering {Method}","Properties":{"Method":"GetTypes","SourceContext":"Birk.Client.Bestilling.Services.Implementation.KodeverkService","ActionId":"bd5ab7e1-201c-4c3d-93b6-3f9e8ce9e7ef","ActionName":"/_Host","RequestId":"0HMQ42LKCN8G5:00000001","RequestPath":"/","ConnectionId":"0HMQ42LKCN8G5","ApplicationName":"Barn.Api","CorrelationId":"42e7a3f3-e5c5-40b7-b012-729aaf8ce1b7"}}
{"Timestamp":"2023-04-23T18:11:36.5414557+02:00","Level":"Information","MessageTemplate":"Exiting {Method}","Properties":{"Method":"InitializeDropdownsAsync","SourceContext":"Birk.Client.Bestilling.Pages.Bestilling","ActionId":"bd5ab7e1-201c-4c3d-93b6-3f9e8ce9e7ef","ActionName":"/_Host","RequestId":"0HMQ42LKCN8G5:00000001","RequestPath":"/","ConnectionId":"0HMQ42LKCN8G5","ApplicationName":"Barn.Api","CorrelationId":"42e7a3f3-e5c5-40b7-b012-729aaf8ce1b7"}}
{"Timestamp":"2023-04-23T18:11:37.5034794+02:00","Level":"Information","MessageTemplate":"Entering {Method}","Properties":{"Method":"InitializeDropdownsAsync","SourceContext":"Birk.Client.Bestilling.Pages.Bestilling","TransportConnectionId":"0Vk7-tUZKzKgeX5Cu-vYjQ","RequestId":"0HMQ42LKCN8G5:0000003D","RequestPath":"/_blazor","ConnectionId":"0HMQ42LKCN8G5","ApplicationName":"Barn.Api"}}
{"Timestamp":"2023-04-23T18:11:37.7148565+02:00","Level":"Information","MessageTemplate":"Entering {Method}","Properties":{"Method":"GetTypes","SourceContext":"Birk.Client.Bestilling.Services.Implementation.KodeverkService","TransportConnectionId":"0Vk7-tUZKzKgeX5Cu-vYjQ","RequestId":"0HMQ42LKCN8G5:0000003D","RequestPath":"/_blazor","ConnectionId":"0HMQ42LKCN8G5","ApplicationName":"Barn.Api"}}
{"Timestamp":"2023-04-23T18:11:37.7823188+02:00","Level":"Information","MessageTemplate":"Exiting {Method}","Properties":{"Method":"InitializeDropdownsAsync","SourceContext":"Birk.Client.Bestilling.Pages.Bestilling","TransportConnectionId":"0Vk7-tUZKzKgeX5Cu-vYjQ","RequestId":"0HMQ42LKCN8G5:0000003D","RequestPath":"/_blazor","ConnectionId":"0HMQ42LKCN8G5","ApplicationName":"Barn.Api"}}
{"Timestamp":"2023-04-23T18:11:39.9078368+02:00","Level":"Information","MessageTemplate":"Entering {Method}","Properties":{"Method":"GetKommunesAndBvtjenestes","SourceContext":"Birk.Client.Bestilling.Services.Implementation.KodeverkService","TransportConnectionId":"0Vk7-tUZKzKgeX5Cu-vYjQ","RequestId":"0HMQ42LKCN8G5:0000003D","RequestPath":"/_blazor","ConnectionId":"0HMQ42LKCN8G5","ApplicationName":"Barn.Api"}}
{"Timestamp":"2023-04-23T18:12:16.7452942+02:00","Level":"Information","MessageTemplate":"Now listening on: {address}","Properties":{"address":"https://localhost:5001","EventId":{"Id":14,"Name":"ListeningOnAddress"},"SourceContext":"Microsoft.Hosting.Lifetime","ApplicationName":"Barn.Api"}}
{"Timestamp":"2023-04-23T18:12:16.7743079+02:00","Level":"Information","MessageTemplate":"Now listening on: {address}","Properties":{"address":"http://localhost:5000","EventId":{"Id":14,"Name":"ListeningOnAddress"},"SourceContext":"Microsoft.Hosting.Lifetime","ApplicationName":"Barn.Api"}}
{"Timestamp":"2023-04-23T18:12:16.7759081+02:00","Level":"Information","MessageTemplate":"Application started. Press Ctrl+C to shut down.","Properties":{"SourceContext":"Microsoft.Hosting.Lifetime","ApplicationName":"Barn.Api"}}
{"Timestamp":"2023-04-23T18:12:16.7760888+02:00","Level":"Information","MessageTemplate":"Hosting environment: {EnvName}","Properties":{"EnvName":"Development","SourceContext":"Microsoft.Hosting.Lifetime","ApplicationName":"Barn.Api"}}
{"Timestamp":"2023-04-23T18:12:16.7762208+02:00","Level":"Information","MessageTemplate":"Content root path: {ContentRoot}","Properties":{"ContentRoot":"C:\\Repos\\Birk.Bestillingsveiviser.Web\\Birk.Client.Bestilling","SourceContext":"Microsoft.Hosting.Lifetime","ApplicationName":"Barn.Api"}}
{"Timestamp":"2023-04-23T18:12:18.1948895+02:00","Level":"Information","MessageTemplate":"Entering {Method}","Properties":{"Method":"InitializeDropdownsAsync","SourceContext":"Birk.Client.Bestilling.Pages.Bestilling","ActionId":"ad1085b1-244b-478c-9733-5f27cc952fed","ActionName":"/_Host","RequestId":"0HMQ42M0VOGTF:00000001","RequestPath":"/","ConnectionId":"0HMQ42M0VOGTF","ApplicationName":"Barn.Api","CorrelationId":"33e9eda9-d44a-497a-b497-0a5330cf880c"}}
{"Timestamp":"2023-04-23T18:12:18.1978763+02:00","Level":"Information","MessageTemplate":"Entering {Method}","Properties":{"Method":"GetTypes","SourceContext":"Birk.Client.Bestilling.Services.Implementation.KodeverkService","ActionId":"ad1085b1-244b-478c-9733-5f27cc952fed","ActionName":"/_Host","RequestId":"0HMQ42M0VOGTF:00000001","RequestPath":"/","ConnectionId":"0HMQ42M0VOGTF","ApplicationName":"Barn.Api","CorrelationId":"33e9eda9-d44a-497a-b497-0a5330cf880c"}}
{"Timestamp":"2023-04-23T18:12:18.4047609+02:00","Level":"Information","MessageTemplate":"Exiting {Method}","Properties":{"Method":"InitializeDropdownsAsync","SourceContext":"Birk.Client.Bestilling.Pages.Bestilling","ActionId":"ad1085b1-244b-478c-9733-5f27cc952fed","ActionName":"/_Host","RequestId":"0HMQ42M0VOGTF:00000001","RequestPath":"/","ConnectionId":"0HMQ42M0VOGTF","ApplicationName":"Barn.Api","CorrelationId":"33e9eda9-d44a-497a-b497-0a5330cf880c"}}
{"Timestamp":"2023-04-23T18:12:19.4298650+02:00","Level":"Information","MessageTemplate":"Entering {Method}","Properties":{"Method":"InitializeDropdownsAsync","SourceContext":"Birk.Client.Bestilling.Pages.Bestilling","TransportConnectionId":"okwucfPib3OQB7y0zuj7XQ","RequestId":"0HMQ42M0VOGTF:0000003D","RequestPath":"/_blazor","ConnectionId":"0HMQ42M0VOGTF","ApplicationName":"Barn.Api"}}
{"Timestamp":"2023-04-23T18:12:19.5541759+02:00","Level":"Information","MessageTemplate":"Entering {Method}","Properties":{"Method":"GetTypes","SourceContext":"Birk.Client.Bestilling.Services.Implementation.KodeverkService","TransportConnectionId":"okwucfPib3OQB7y0zuj7XQ","RequestId":"0HMQ42M0VOGTF:0000003D","RequestPath":"/_blazor","ConnectionId":"0HMQ42M0VOGTF","ApplicationName":"Barn.Api"}}
{"Timestamp":"2023-04-23T18:12:19.6488744+02:00","Level":"Information","MessageTemplate":"Exiting {Method}","Properties":{"Method":"InitializeDropdownsAsync","SourceContext":"Birk.Client.Bestilling.Pages.Bestilling","TransportConnectionId":"okwucfPib3OQB7y0zuj7XQ","RequestId":"0HMQ42M0VOGTF:0000003D","RequestPath":"/_blazor","ConnectionId":"0HMQ42M0VOGTF","ApplicationName":"Barn.Api"}}
{"Timestamp":"2023-04-23T18:12:21.1957830+02:00","Level":"Information","MessageTemplate":"Entering {Method}","Properties":{"Method":"GetKommunesAndBvtjenestes","SourceContext":"Birk.Client.Bestilling.Services.Implementation.KodeverkService","TransportConnectionId":"okwucfPib3OQB7y0zuj7XQ","RequestId":"0HMQ42M0VOGTF:0000003D","RequestPath":"/_blazor","ConnectionId":"0HMQ42M0VOGTF","ApplicationName":"Barn.Api"}}
{"Timestamp":"2023-04-23T18:13:50.5069931+02:00","Level":"Information","MessageTemplate":"Now listening on: {address}","Properties":{"address":"https://localhost:5001","EventId":{"Id":14,"Name":"ListeningOnAddress"},"SourceContext":"Microsoft.Hosting.Lifetime","ApplicationName":"Barn.Api"}}
{"Timestamp":"2023-04-23T18:13:50.6825674+02:00","Level":"Information","MessageTemplate":"Now listening on: {address}","Properties":{"address":"http://localhost:5000","EventId":{"Id":14,"Name":"ListeningOnAddress"},"SourceContext":"Microsoft.Hosting.Lifetime","ApplicationName":"Barn.Api"}}
{"Timestamp":"2023-04-23T18:13:50.6851385+02:00","Level":"Information","MessageTemplate":"Application started. Press Ctrl+C to shut down.","Properties":{"SourceContext":"Microsoft.Hosting.Lifetime","ApplicationName":"Barn.Api"}}
{"Timestamp":"2023-04-23T18:13:50.6854108+02:00","Level":"Information","MessageTemplate":"Hosting environment: {EnvName}","Properties":{"EnvName":"Development","SourceContext":"Microsoft.Hosting.Lifetime","ApplicationName":"Barn.Api"}}
{"Timestamp":"2023-04-23T18:13:50.6855265+02:00","Level":"Information","MessageTemplate":"Content root path: {ContentRoot}","Properties":{"ContentRoot":"C:\\Repos\\Birk.Bestillingsveiviser.Web\\Birk.Client.Bestilling","SourceContext":"Microsoft.Hosting.Lifetime","ApplicationName":"Barn.Api"}}
{"Timestamp":"2023-04-23T18:13:52.1662672+02:00","Level":"Information","MessageTemplate":"Entering {Method}","Properties":{"Method":"InitializeDropdownsAsync","SourceContext":"Birk.Client.Bestilling.Pages.Bestilling","ActionId":"26f6e222-68dc-49f1-8947-d75d53ee39ff","ActionName":"/_Host","RequestId":"0HMQ42MSSO5S7:00000001","RequestPath":"/","ConnectionId":"0HMQ42MSSO5S7","ApplicationName":"Barn.Api","CorrelationId":"3a257f94-2400-4936-9477-1703d3c2b7af"}}
{"Timestamp":"2023-04-23T18:13:52.1699403+02:00","Level":"Information","MessageTemplate":"Entering {Method}","Properties":{"Method":"GetTypes","SourceContext":"Birk.Client.Bestilling.Services.Implementation.KodeverkService","ActionId":"26f6e222-68dc-49f1-8947-d75d53ee39ff","ActionName":"/_Host","RequestId":"0HMQ42MSSO5S7:00000001","RequestPath":"/","ConnectionId":"0HMQ42MSSO5S7","ApplicationName":"Barn.Api","CorrelationId":"3a257f94-2400-4936-9477-1703d3c2b7af"}}
{"Timestamp":"2023-04-23T18:13:52.3469777+02:00","Level":"Information","MessageTemplate":"Exiting {Method}","Properties":{"Method":"InitializeDropdownsAsync","SourceContext":"Birk.Client.Bestilling.Pages.Bestilling","ActionId":"26f6e222-68dc-49f1-8947-d75d53ee39ff","ActionName":"/_Host","RequestId":"0HMQ42MSSO5S7:00000001","RequestPath":"/","ConnectionId":"0HMQ42MSSO5S7","ApplicationName":"Barn.Api","CorrelationId":"3a257f94-2400-4936-9477-1703d3c2b7af"}}
{"Timestamp":"2023-04-23T18:13:53.3110987+02:00","Level":"Information","MessageTemplate":"Entering {Method}","Properties":{"Method":"InitializeDropdownsAsync","SourceContext":"Birk.Client.Bestilling.Pages.Bestilling","TransportConnectionId":"0MMkwY3NUuxAVVxJFZzSAQ","RequestId":"0HMQ42MSSO5S7:0000003D","RequestPath":"/_blazor","ConnectionId":"0HMQ42MSSO5S7","ApplicationName":"Barn.Api"}}
{"Timestamp":"2023-04-23T18:13:53.4978972+02:00","Level":"Information","MessageTemplate":"Entering {Method}","Properties":{"Method":"GetTypes","SourceContext":"Birk.Client.Bestilling.Services.Implementation.KodeverkService","TransportConnectionId":"0MMkwY3NUuxAVVxJFZzSAQ","RequestId":"0HMQ42MSSO5S7:0000003D","RequestPath":"/_blazor","ConnectionId":"0HMQ42MSSO5S7","ApplicationName":"Barn.Api"}}
{"Timestamp":"2023-04-23T18:13:53.5636160+02:00","Level":"Information","MessageTemplate":"Exiting {Method}","Properties":{"Method":"InitializeDropdownsAsync","SourceContext":"Birk.Client.Bestilling.Pages.Bestilling","TransportConnectionId":"0MMkwY3NUuxAVVxJFZzSAQ","RequestId":"0HMQ42MSSO5S7:0000003D","RequestPath":"/_blazor","ConnectionId":"0HMQ42MSSO5S7","ApplicationName":"Barn.Api"}}
{"Timestamp":"2023-04-23T18:13:55.1172623+02:00","Level":"Information","MessageTemplate":"Entering {Method}","Properties":{"Method":"GetKommunesAndBvtjenestes","SourceContext":"Birk.Client.Bestilling.Services.Implementation.KodeverkService","TransportConnectionId":"0MMkwY3NUuxAVVxJFZzSAQ","RequestId":"0HMQ42MSSO5S7:0000003D","RequestPath":"/_blazor","ConnectionId":"0HMQ42MSSO5S7","ApplicationName":"Barn.Api"}}
{"Timestamp":"2023-04-23T18:14:07.8285021+02:00","Level":"Information","MessageTemplate":"Entering {Method}","Properties":{"Method":"GetBarnByFnr","SourceContext":"Birk.Client.Bestilling.Services.Implementation.BarnService","TransportConnectionId":"0MMkwY3NUuxAVVxJFZzSAQ","RequestId":"0HMQ42MSSO5S7:0000003D","RequestPath":"/_blazor","ConnectionId":"0HMQ42MSSO5S7","ApplicationName":"Barn.Api"}}
