{"Timestamp":"2023-04-29T15:38:42.9467210+02:00","Level":"Information","MessageTemplate":"Now listening on: {address}","Properties":{"address":"https://localhost:5001","EventId":{"Id":14,"Name":"ListeningOnAddress"},"SourceContext":"Microsoft.Hosting.Lifetime","ApplicationName":"Barn.Api"}}
{"Timestamp":"2023-04-29T15:38:42.9868384+02:00","Level":"Information","MessageTemplate":"Now listening on: {address}","Properties":{"address":"http://localhost:5000","EventId":{"Id":14,"Name":"ListeningOnAddress"},"SourceContext":"Microsoft.Hosting.Lifetime","ApplicationName":"Barn.Api"}}
{"Timestamp":"2023-04-29T15:38:42.9887761+02:00","Level":"Information","MessageTemplate":"Application started. Press Ctrl+C to shut down.","Properties":{"SourceContext":"Microsoft.Hosting.Lifetime","ApplicationName":"Barn.Api"}}
{"Timestamp":"2023-04-29T15:38:42.9889771+02:00","Level":"Information","MessageTemplate":"Hosting environment: {EnvName}","Properties":{"EnvName":"Development","SourceContext":"Microsoft.Hosting.Lifetime","ApplicationName":"Barn.Api"}}
{"Timestamp":"2023-04-29T15:38:42.9890587+02:00","Level":"Information","MessageTemplate":"Content root path: {ContentRoot}","Properties":{"ContentRoot":"C:\\Repos\\Birk.Bestillingsveiviser.Web\\Birk.Client.Bestilling","SourceContext":"Microsoft.Hosting.Lifetime","ApplicationName":"Barn.Api"}}
{"Timestamp":"2023-04-29T15:38:46.1003174+02:00","Level":"Information","MessageTemplate":"Entering {Method}","Properties":{"Method":"InitializeDropdownsAsync","SourceContext":"Birk.Client.Bestilling.Pages.Bestilling","ActionId":"978600ef-c192-40e9-b6d3-7233cdce623a","ActionName":"/_Host","RequestId":"0HMQ8MS6BTQPV:00000001","RequestPath":"/","ConnectionId":"0HMQ8MS6BTQPV","ApplicationName":"Barn.Api","CorrelationId":"fd97fcd9-7bd6-4117-8698-5b636e652934"}}
{"Timestamp":"2023-04-29T15:38:46.1039470+02:00","Level":"Information","MessageTemplate":"Entering {Method}","Properties":{"Method":"GetTypes","SourceContext":"Birk.Client.Bestilling.Services.Implementation.KodeverkService","ActionId":"978600ef-c192-40e9-b6d3-7233cdce623a","ActionName":"/_Host","RequestId":"0HMQ8MS6BTQPV:00000001","RequestPath":"/","ConnectionId":"0HMQ8MS6BTQPV","ApplicationName":"Barn.Api","CorrelationId":"fd97fcd9-7bd6-4117-8698-5b636e652934"}}
{"Timestamp":"2023-04-29T15:38:49.9777100+02:00","Level":"Information","MessageTemplate":"Exiting {Method}","Properties":{"Method":"InitializeDropdownsAsync","SourceContext":"Birk.Client.Bestilling.Pages.Bestilling","ActionId":"978600ef-c192-40e9-b6d3-7233cdce623a","ActionName":"/_Host","RequestId":"0HMQ8MS6BTQPV:00000001","RequestPath":"/","ConnectionId":"0HMQ8MS6BTQPV","ApplicationName":"Barn.Api","CorrelationId":"fd97fcd9-7bd6-4117-8698-5b636e652934"}}
{"Timestamp":"2023-04-29T15:38:50.6295531+02:00","Level":"Information","MessageTemplate":"Entering {Method}","Properties":{"Method":"InitializeDropdownsAsync","SourceContext":"Birk.Client.Bestilling.Pages.Bestilling","TransportConnectionId":"IUzwJYC93uIqjQGMYPyDeg","RequestId":"0HMQ8MS6BTQPV:0000003D","RequestPath":"/_blazor","ConnectionId":"0HMQ8MS6BTQPV","ApplicationName":"Barn.Api"}}
{"Timestamp":"2023-04-29T15:38:50.7443304+02:00","Level":"Information","MessageTemplate":"Entering {Method}","Properties":{"Method":"GetTypes","SourceContext":"Birk.Client.Bestilling.Services.Implementation.KodeverkService","TransportConnectionId":"IUzwJYC93uIqjQGMYPyDeg","RequestId":"0HMQ8MS6BTQPV:0000003D","RequestPath":"/_blazor","ConnectionId":"0HMQ8MS6BTQPV","ApplicationName":"Barn.Api"}}
{"Timestamp":"2023-04-29T15:38:50.8431385+02:00","Level":"Information","MessageTemplate":"Exiting {Method}","Properties":{"Method":"InitializeDropdownsAsync","SourceContext":"Birk.Client.Bestilling.Pages.Bestilling","TransportConnectionId":"IUzwJYC93uIqjQGMYPyDeg","RequestId":"0HMQ8MS6BTQPV:0000003D","RequestPath":"/_blazor","ConnectionId":"0HMQ8MS6BTQPV","ApplicationName":"Barn.Api"}}
{"Timestamp":"2023-04-29T15:39:03.1455081+02:00","Level":"Information","MessageTemplate":"Entering {Method}","Properties":{"Method":"GetKommunesAndBvtjenestes","SourceContext":"Birk.Client.Bestilling.Services.Implementation.KodeverkService","TransportConnectionId":"IUzwJYC93uIqjQGMYPyDeg","RequestId":"0HMQ8MS6BTQPV:0000003D","RequestPath":"/_blazor","ConnectionId":"0HMQ8MS6BTQPV","ApplicationName":"Barn.Api"}}
{"Timestamp":"2023-04-29T16:05:25.9761228+02:00","Level":"Information","MessageTemplate":"Now listening on: {address}","Properties":{"address":"https://localhost:5001","EventId":{"Id":14,"Name":"ListeningOnAddress"},"SourceContext":"Microsoft.Hosting.Lifetime","ApplicationName":"Barn.Api"}}
{"Timestamp":"2023-04-29T16:05:26.0167086+02:00","Level":"Information","MessageTemplate":"Now listening on: {address}","Properties":{"address":"http://localhost:5000","EventId":{"Id":14,"Name":"ListeningOnAddress"},"SourceContext":"Microsoft.Hosting.Lifetime","ApplicationName":"Barn.Api"}}
{"Timestamp":"2023-04-29T16:05:26.0179967+02:00","Level":"Information","MessageTemplate":"Application started. Press Ctrl+C to shut down.","Properties":{"SourceContext":"Microsoft.Hosting.Lifetime","ApplicationName":"Barn.Api"}}
{"Timestamp":"2023-04-29T16:05:26.0181605+02:00","Level":"Information","MessageTemplate":"Hosting environment: {EnvName}","Properties":{"EnvName":"Development","SourceContext":"Microsoft.Hosting.Lifetime","ApplicationName":"Barn.Api"}}
{"Timestamp":"2023-04-29T16:05:26.0182117+02:00","Level":"Information","MessageTemplate":"Content root path: {ContentRoot}","Properties":{"ContentRoot":"C:\\Repos\\Birk.Bestillingsveiviser.Web\\Birk.Client.Bestilling","SourceContext":"Microsoft.Hosting.Lifetime","ApplicationName":"Barn.Api"}}
{"Timestamp":"2023-04-29T16:05:27.7790810+02:00","Level":"Information","MessageTemplate":"Entering {Method}","Properties":{"Method":"InitializeDropdownsAsync","SourceContext":"Birk.Client.Bestilling.Pages.Bestilling","ActionId":"8073be77-ed09-41e3-bcaa-c5466f2f25d2","ActionName":"/_Host","RequestId":"0HMQ8NB46KOOC:00000001","RequestPath":"/","ConnectionId":"0HMQ8NB46KOOC","ApplicationName":"Barn.Api","CorrelationId":"fad44ae4-c828-4ba2-9327-af51caac364f"}}
{"Timestamp":"2023-04-29T16:05:27.7840348+02:00","Level":"Information","MessageTemplate":"Entering {Method}","Properties":{"Method":"GetTypes","SourceContext":"Birk.Client.Bestilling.Services.Implementation.KodeverkService","ActionId":"8073be77-ed09-41e3-bcaa-c5466f2f25d2","ActionName":"/_Host","RequestId":"0HMQ8NB46KOOC:00000001","RequestPath":"/","ConnectionId":"0HMQ8NB46KOOC","ApplicationName":"Barn.Api","CorrelationId":"fad44ae4-c828-4ba2-9327-af51caac364f"}}
{"Timestamp":"2023-04-29T16:05:30.3388104+02:00","Level":"Information","MessageTemplate":"Exiting {Method}","Properties":{"Method":"InitializeDropdownsAsync","SourceContext":"Birk.Client.Bestilling.Pages.Bestilling","ActionId":"8073be77-ed09-41e3-bcaa-c5466f2f25d2","ActionName":"/_Host","RequestId":"0HMQ8NB46KOOC:00000001","RequestPath":"/","ConnectionId":"0HMQ8NB46KOOC","ApplicationName":"Barn.Api","CorrelationId":"fad44ae4-c828-4ba2-9327-af51caac364f"}}
{"Timestamp":"2023-04-29T16:05:31.0367163+02:00","Level":"Information","MessageTemplate":"Entering {Method}","Properties":{"Method":"InitializeDropdownsAsync","SourceContext":"Birk.Client.Bestilling.Pages.Bestilling","TransportConnectionId":"wvmPWSWHraja6A99fzDH1w","RequestId":"0HMQ8NB46KOOC:0000003D","RequestPath":"/_blazor","ConnectionId":"0HMQ8NB46KOOC","ApplicationName":"Barn.Api"}}
{"Timestamp":"2023-04-29T16:05:31.1454215+02:00","Level":"Information","MessageTemplate":"Entering {Method}","Properties":{"Method":"GetTypes","SourceContext":"Birk.Client.Bestilling.Services.Implementation.KodeverkService","TransportConnectionId":"wvmPWSWHraja6A99fzDH1w","RequestId":"0HMQ8NB46KOOC:0000003D","RequestPath":"/_blazor","ConnectionId":"0HMQ8NB46KOOC","ApplicationName":"Barn.Api"}}
{"Timestamp":"2023-04-29T16:05:31.2706206+02:00","Level":"Information","MessageTemplate":"Exiting {Method}","Properties":{"Method":"InitializeDropdownsAsync","SourceContext":"Birk.Client.Bestilling.Pages.Bestilling","TransportConnectionId":"wvmPWSWHraja6A99fzDH1w","RequestId":"0HMQ8NB46KOOC:0000003D","RequestPath":"/_blazor","ConnectionId":"0HMQ8NB46KOOC","ApplicationName":"Barn.Api"}}
{"Timestamp":"2023-04-29T16:10:11.1050855+02:00","Level":"Information","MessageTemplate":"Entering {Method}","Properties":{"Method":"GetKommunesAndBvtjenestes","SourceContext":"Birk.Client.Bestilling.Services.Implementation.KodeverkService","TransportConnectionId":"wvmPWSWHraja6A99fzDH1w","RequestId":"0HMQ8NB46KOOC:0000003D","RequestPath":"/_blazor","ConnectionId":"0HMQ8NB46KOOC","ApplicationName":"Barn.Api"}}
{"Timestamp":"2023-04-29T16:10:24.3759240+02:00","Level":"Information","MessageTemplate":"Entering {Method}","Properties":{"Method":"GetBarnByFnr","SourceContext":"Birk.Client.Bestilling.Services.Implementation.BarnService","TransportConnectionId":"wvmPWSWHraja6A99fzDH1w","RequestId":"0HMQ8NB46KOOC:0000003D","RequestPath":"/_blazor","ConnectionId":"0HMQ8NB46KOOC","ApplicationName":"Barn.Api"}}
{"Timestamp":"2023-04-29T16:17:30.0809969+02:00","Level":"Information","MessageTemplate":"Now listening on: {address}","Properties":{"address":"https://localhost:5001","EventId":{"Id":14,"Name":"ListeningOnAddress"},"SourceContext":"Microsoft.Hosting.Lifetime","ApplicationName":"Barn.Api"}}
{"Timestamp":"2023-04-29T16:17:30.1205548+02:00","Level":"Information","MessageTemplate":"Now listening on: {address}","Properties":{"address":"http://localhost:5000","EventId":{"Id":14,"Name":"ListeningOnAddress"},"SourceContext":"Microsoft.Hosting.Lifetime","ApplicationName":"Barn.Api"}}
{"Timestamp":"2023-04-29T16:17:30.1221420+02:00","Level":"Information","MessageTemplate":"Application started. Press Ctrl+C to shut down.","Properties":{"SourceContext":"Microsoft.Hosting.Lifetime","ApplicationName":"Barn.Api"}}
{"Timestamp":"2023-04-29T16:17:30.1224117+02:00","Level":"Information","MessageTemplate":"Hosting environment: {EnvName}","Properties":{"EnvName":"Development","SourceContext":"Microsoft.Hosting.Lifetime","ApplicationName":"Barn.Api"}}
{"Timestamp":"2023-04-29T16:17:30.1224762+02:00","Level":"Information","MessageTemplate":"Content root path: {ContentRoot}","Properties":{"ContentRoot":"C:\\Repos\\Birk.Bestillingsveiviser.Web\\Birk.Client.Bestilling","SourceContext":"Microsoft.Hosting.Lifetime","ApplicationName":"Barn.Api"}}
{"Timestamp":"2023-04-29T16:17:31.3561817+02:00","Level":"Information","MessageTemplate":"Entering {Method}","Properties":{"Method":"InitializeDropdownsAsync","SourceContext":"Birk.Client.Bestilling.Pages.Bestilling","ActionId":"8175d8f4-6183-4eab-b7a4-b4ca0f8de59e","ActionName":"/_Host","RequestId":"0HMQ8NHRQL7D9:00000001","RequestPath":"/","ConnectionId":"0HMQ8NHRQL7D9","ApplicationName":"Barn.Api","CorrelationId":"390a8139-0b14-4190-9970-1ce946738396"}}
{"Timestamp":"2023-04-29T16:17:31.3593541+02:00","Level":"Information","MessageTemplate":"Entering {Method}","Properties":{"Method":"GetTypes","SourceContext":"Birk.Client.Bestilling.Services.Implementation.KodeverkService","ActionId":"8175d8f4-6183-4eab-b7a4-b4ca0f8de59e","ActionName":"/_Host","RequestId":"0HMQ8NHRQL7D9:00000001","RequestPath":"/","ConnectionId":"0HMQ8NHRQL7D9","ApplicationName":"Barn.Api","CorrelationId":"390a8139-0b14-4190-9970-1ce946738396"}}
{"Timestamp":"2023-04-29T16:17:31.6288583+02:00","Level":"Information","MessageTemplate":"Exiting {Method}","Properties":{"Method":"InitializeDropdownsAsync","SourceContext":"Birk.Client.Bestilling.Pages.Bestilling","ActionId":"8175d8f4-6183-4eab-b7a4-b4ca0f8de59e","ActionName":"/_Host","RequestId":"0HMQ8NHRQL7D9:00000001","RequestPath":"/","ConnectionId":"0HMQ8NHRQL7D9","ApplicationName":"Barn.Api","CorrelationId":"390a8139-0b14-4190-9970-1ce946738396"}}
{"Timestamp":"2023-04-29T16:17:33.5363808+02:00","Level":"Error","MessageTemplate":"An unhandled exception has occurred while executing the request.","Exception":"System.InvalidOperationException: Object of type 'Birk.Client.Bestilling.Components.Panels.TopPanel' does not have a property matching the name 'BarnOgPerson'.\r\n   at Microsoft.AspNetCore.Components.Reflection.ComponentProperties.ThrowForUnknownIncomingParameterName(Type targetType, String parameterName)\r\n   at Microsoft.AspNetCore.Components.Reflection.ComponentProperties.SetProperties(ParameterView& parameters, Object target)\r\n   at Microsoft.AspNetCore.Components.ComponentBase.SetParametersAsync(ParameterView parameters)\r\n   at Microsoft.AspNetCore.Components.Rendering.ComponentState.SupplyCombinedParameters(ParameterView directAndCascadingParameters)\r\n--- End of stack trace from previous location ---\r\n   at Microsoft.AspNetCore.Components.Rendering.ComponentState.SetDirectParameters(ParameterView parameters)\r\n   at Microsoft.AspNetCore.Components.RenderTree.RenderTreeDiffBuilder.InitializeNewComponentFrame(DiffContext& diffContext, Int32 frameIndex)\r\n   at Microsoft.AspNetCore.Components.RenderTree.RenderTreeDiffBuilder.InitializeNewSubtree(DiffContext& diffContext, Int32 frameIndex)\r\n   at Microsoft.AspNetCore.Components.RenderTree.RenderTreeDiffBuilder.InsertNewFrame(DiffContext& diffContext, Int32 newFrameIndex)\r\n   at Microsoft.AspNetCore.Components.RenderTree.RenderTreeDiffBuilder.AppendDiffEntriesForRange(DiffContext& diffContext, Int32 oldStartIndex, Int32 oldEndIndexExcl, Int32 newStartIndex, Int32 newEndIndexExcl)\r\n   at Microsoft.AspNetCore.Components.RenderTree.RenderTreeDiffBuilder.ComputeDiff(Renderer renderer, RenderBatchBuilder batchBuilder, Int32 componentId, ArrayRange`1 oldTree, ArrayRange`1 newTree)\r\n   at Microsoft.AspNetCore.Components.Rendering.ComponentState.RenderIntoBatch(RenderBatchBuilder batchBuilder, RenderFragment renderFragment, Exception& renderFragmentException)\r\n   at Microsoft.AspNetCore.Components.RenderTree.Renderer.ProcessRenderQueue()\r\n--- End of stack trace from previous location ---\r\n   at Microsoft.AspNetCore.Components.RenderTree.Renderer.ProcessRenderQueue()\r\n   at Microsoft.AspNetCore.Components.RenderTree.Renderer.AddToRenderQueue(Int32 componentId, RenderFragment renderFragment)\r\n   at Microsoft.AspNetCore.Components.ComponentBase.StateHasChanged()\r\n   at Microsoft.AspNetCore.Components.ComponentBase.CallOnParametersSetAsync()\r\n   at Microsoft.AspNetCore.Components.ComponentBase.RunInitAndSetParametersAsync()\r\n   at Microsoft.AspNetCore.Components.RenderTree.Renderer.GetErrorHandledTask(Task taskToHandle, ComponentState owningComponentState)\r\n   at Microsoft.AspNetCore.Components.RenderTree.Renderer.GetErrorHandledTask(Task taskToHandle, ComponentState owningComponentState)\r\n   at Microsoft.AspNetCore.Components.RenderTree.Renderer.<WaitForQuiescence>g__ProcessAsynchronousWork|48_0()\r\n   at Microsoft.AspNetCore.Components.RenderTree.Renderer.WaitForQuiescence()\r\n   at Microsoft.AspNetCore.Components.RenderTree.Renderer.RenderRootComponentAsync(Int32 componentId, ParameterView initialParameters)\r\n   at Microsoft.AspNetCore.Components.Rendering.HtmlRenderer.RenderComponentAsync(Type componentType, ParameterView initialParameters)\r\n   at Microsoft.AspNetCore.Components.Rendering.RendererSynchronizationContext.<>c__11`1.<<InvokeAsync>b__11_0>d.MoveNext()\r\n--- End of stack trace from previous location ---\r\n   at Microsoft.AspNetCore.Mvc.ViewFeatures.StaticComponentRenderer.PrerenderComponentAsync(ParameterView parameters, HttpContext httpContext, Type componentType)\r\n   at Microsoft.AspNetCore.Mvc.ViewFeatures.ComponentRenderer.PrerenderedServerComponentAsync(HttpContext context, ServerComponentInvocationSequence invocationId, Type type, ParameterView parametersCollection)\r\n   at Microsoft.AspNetCore.Mvc.ViewFeatures.ComponentRenderer.RenderComponentAsync(ViewContext viewContext, Type componentType, RenderMode renderMode, Object parameters)\r\n   at Microsoft.AspNetCore.Mvc.TagHelpers.ComponentTagHelper.ProcessAsync(TagHelperContext context, TagHelperOutput output)\r\n   at Microsoft.AspNetCore.Razor.Runtime.TagHelpers.TagHelperRunner.<RunAsync>g__Awaited|0_0(Task task, TagHelperExecutionContext executionContext, Int32 i, Int32 count)\r\n   at Birk.Client.Bestilling.Pages.Pages__Host.<ExecuteAsync>b__16_1() in C:\\Repos\\Birk.Bestillingsveiviser.Web\\Birk.Client.Bestilling\\Pages\\_Host.cshtml:line 48\r\n   at Microsoft.AspNetCore.Razor.Runtime.TagHelpers.TagHelperExecutionContext.SetOutputContentAsync()\r\n   at Birk.Client.Bestilling.Pages.Pages__Host.ExecuteAsync()\r\n   at Microsoft.AspNetCore.Mvc.Razor.RazorView.RenderPageCoreAsync(IRazorPage page, ViewContext context)\r\n   at Microsoft.AspNetCore.Mvc.Razor.RazorView.RenderPageAsync(IRazorPage page, ViewContext context, Boolean invokeViewStarts)\r\n   at Microsoft.AspNetCore.Mvc.Razor.RazorView.RenderAsync(ViewContext context)\r\n   at Microsoft.AspNetCore.Mvc.ViewFeatures.ViewExecutor.ExecuteAsync(ViewContext viewContext, String contentType, Nullable`1 statusCode)\r\n   at Microsoft.AspNetCore.Mvc.ViewFeatures.ViewExecutor.ExecuteAsync(ViewContext viewContext, String contentType, Nullable`1 statusCode)\r\n   at Microsoft.AspNetCore.Mvc.Infrastructure.ResourceInvoker.<InvokeNextResultFilterAsync>g__Awaited|30_0[TFilter,TFilterAsync](ResourceInvoker invoker, Task lastTask, State next, Scope scope, Object state, Boolean isCompleted)\r\n   at Microsoft.AspNetCore.Mvc.Infrastructure.ResourceInvoker.Rethrow(ResultExecutedContextSealed context)\r\n   at Microsoft.AspNetCore.Mvc.Infrastructure.ResourceInvoker.ResultNext[TFilter,TFilterAsync](State& next, Scope& scope, Object& state, Boolean& isCompleted)\r\n   at Microsoft.AspNetCore.Mvc.Infrastructure.ResourceInvoker.<InvokeResultFilters>g__Awaited|28_0(ResourceInvoker invoker, Task lastTask, State next, Scope scope, Object state, Boolean isCompleted)\r\n   at Microsoft.AspNetCore.Mvc.Infrastructure.ResourceInvoker.<InvokeNextResourceFilter>g__Awaited|25_0(ResourceInvoker invoker, Task lastTask, State next, Scope scope, Object state, Boolean isCompleted)\r\n   at Microsoft.AspNetCore.Mvc.Infrastructure.ResourceInvoker.Rethrow(ResourceExecutedContextSealed context)\r\n   at Microsoft.AspNetCore.Mvc.Infrastructure.ResourceInvoker.Next(State& next, Scope& scope, Object& state, Boolean& isCompleted)\r\n   at Microsoft.AspNetCore.Mvc.Infrastructure.ResourceInvoker.<InvokeFilterPipelineAsync>g__Awaited|20_0(ResourceInvoker invoker, Task lastTask, State next, Scope scope, Object state, Boolean isCompleted)\r\n   at Microsoft.AspNetCore.Mvc.Infrastructure.ResourceInvoker.<InvokeAsync>g__Awaited|17_0(ResourceInvoker invoker, Task task, IDisposable scope)\r\n   at Microsoft.AspNetCore.Mvc.Infrastructure.ResourceInvoker.<InvokeAsync>g__Awaited|17_0(ResourceInvoker invoker, Task task, IDisposable scope)\r\n   at Microsoft.AspNetCore.Routing.EndpointMiddleware.<Invoke>g__AwaitRequestTask|6_0(Endpoint endpoint, Task requestTask, ILogger logger)\r\n   at Microsoft.AspNetCore.Authorization.AuthorizationMiddleware.Invoke(HttpContext context)\r\n   at Microsoft.AspNetCore.Authentication.AuthenticationMiddleware.Invoke(HttpContext context)\r\n   at Microsoft.AspNetCore.Diagnostics.DeveloperExceptionPageMiddlewareImpl.Invoke(HttpContext context)","Properties":{"EventId":{"Id":1,"Name":"UnhandledException"},"SourceContext":"Microsoft.AspNetCore.Diagnostics.DeveloperExceptionPageMiddleware","RequestId":"0HMQ8NHRQL7D9:00000001","RequestPath":"/","ConnectionId":"0HMQ8NHRQL7D9","ApplicationName":"Barn.Api","CorrelationId":"390a8139-0b14-4190-9970-1ce946738396"}}
{"Timestamp":"2023-04-29T16:22:06.0576030+02:00","Level":"Information","MessageTemplate":"Now listening on: {address}","Properties":{"address":"https://localhost:5001","EventId":{"Id":14,"Name":"ListeningOnAddress"},"SourceContext":"Microsoft.Hosting.Lifetime","ApplicationName":"Barn.Api"}}
{"Timestamp":"2023-04-29T16:22:06.0945750+02:00","Level":"Information","MessageTemplate":"Now listening on: {address}","Properties":{"address":"http://localhost:5000","EventId":{"Id":14,"Name":"ListeningOnAddress"},"SourceContext":"Microsoft.Hosting.Lifetime","ApplicationName":"Barn.Api"}}
{"Timestamp":"2023-04-29T16:22:06.0962251+02:00","Level":"Information","MessageTemplate":"Application started. Press Ctrl+C to shut down.","Properties":{"SourceContext":"Microsoft.Hosting.Lifetime","ApplicationName":"Barn.Api"}}
{"Timestamp":"2023-04-29T16:22:06.0964173+02:00","Level":"Information","MessageTemplate":"Hosting environment: {EnvName}","Properties":{"EnvName":"Development","SourceContext":"Microsoft.Hosting.Lifetime","ApplicationName":"Barn.Api"}}
{"Timestamp":"2023-04-29T16:22:06.0965492+02:00","Level":"Information","MessageTemplate":"Content root path: {ContentRoot}","Properties":{"ContentRoot":"C:\\Repos\\Birk.Bestillingsveiviser.Web\\Birk.Client.Bestilling","SourceContext":"Microsoft.Hosting.Lifetime","ApplicationName":"Barn.Api"}}
{"Timestamp":"2023-04-29T16:22:07.4818055+02:00","Level":"Information","MessageTemplate":"Entering {Method}","Properties":{"Method":"InitializeDropdownsAsync","SourceContext":"Birk.Client.Bestilling.Pages.Bestilling","ActionId":"5bb9fcd4-3622-4a85-a0bd-fa025d6fee40","ActionName":"/_Host","RequestId":"0HMQ8NKE3LANB:00000001","RequestPath":"/","ConnectionId":"0HMQ8NKE3LANB","ApplicationName":"Barn.Api","CorrelationId":"cdc85500-b60a-45ad-99b2-9db4b3680b38"}}
{"Timestamp":"2023-04-29T16:22:07.4848948+02:00","Level":"Information","MessageTemplate":"Entering {Method}","Properties":{"Method":"GetTypes","SourceContext":"Birk.Client.Bestilling.Services.Implementation.KodeverkService","ActionId":"5bb9fcd4-3622-4a85-a0bd-fa025d6fee40","ActionName":"/_Host","RequestId":"0HMQ8NKE3LANB:00000001","RequestPath":"/","ConnectionId":"0HMQ8NKE3LANB","ApplicationName":"Barn.Api","CorrelationId":"cdc85500-b60a-45ad-99b2-9db4b3680b38"}}
{"Timestamp":"2023-04-29T16:22:07.7294391+02:00","Level":"Information","MessageTemplate":"Exiting {Method}","Properties":{"Method":"InitializeDropdownsAsync","SourceContext":"Birk.Client.Bestilling.Pages.Bestilling","ActionId":"5bb9fcd4-3622-4a85-a0bd-fa025d6fee40","ActionName":"/_Host","RequestId":"0HMQ8NKE3LANB:00000001","RequestPath":"/","ConnectionId":"0HMQ8NKE3LANB","ApplicationName":"Barn.Api","CorrelationId":"cdc85500-b60a-45ad-99b2-9db4b3680b38"}}
{"Timestamp":"2023-04-29T16:22:08.5401372+02:00","Level":"Information","MessageTemplate":"Entering {Method}","Properties":{"Method":"InitializeDropdownsAsync","SourceContext":"Birk.Client.Bestilling.Pages.Bestilling","TransportConnectionId":"BafSJWaMDREai5FcXlJv_Q","RequestId":"0HMQ8NKE3LANB:0000003D","RequestPath":"/_blazor","ConnectionId":"0HMQ8NKE3LANB","ApplicationName":"Barn.Api"}}
{"Timestamp":"2023-04-29T16:22:08.7036179+02:00","Level":"Information","MessageTemplate":"Entering {Method}","Properties":{"Method":"GetTypes","SourceContext":"Birk.Client.Bestilling.Services.Implementation.KodeverkService","TransportConnectionId":"BafSJWaMDREai5FcXlJv_Q","RequestId":"0HMQ8NKE3LANB:0000003D","RequestPath":"/_blazor","ConnectionId":"0HMQ8NKE3LANB","ApplicationName":"Barn.Api"}}
{"Timestamp":"2023-04-29T16:22:08.8904386+02:00","Level":"Information","MessageTemplate":"Exiting {Method}","Properties":{"Method":"InitializeDropdownsAsync","SourceContext":"Birk.Client.Bestilling.Pages.Bestilling","TransportConnectionId":"BafSJWaMDREai5FcXlJv_Q","RequestId":"0HMQ8NKE3LANB:0000003D","RequestPath":"/_blazor","ConnectionId":"0HMQ8NKE3LANB","ApplicationName":"Barn.Api"}}
{"Timestamp":"2023-04-29T16:22:27.0317521+02:00","Level":"Information","MessageTemplate":"Entering {Method}","Properties":{"Method":"GetKommunesAndBvtjenestes","SourceContext":"Birk.Client.Bestilling.Services.Implementation.KodeverkService","TransportConnectionId":"BafSJWaMDREai5FcXlJv_Q","RequestId":"0HMQ8NKE3LANB:0000003D","RequestPath":"/_blazor","ConnectionId":"0HMQ8NKE3LANB","ApplicationName":"Barn.Api"}}
{"Timestamp":"2023-04-29T16:22:31.7028872+02:00","Level":"Information","MessageTemplate":"Entering {Method}","Properties":{"Method":"GetBarnByFnr","SourceContext":"Birk.Client.Bestilling.Services.Implementation.BarnService","TransportConnectionId":"BafSJWaMDREai5FcXlJv_Q","RequestId":"0HMQ8NKE3LANB:0000003D","RequestPath":"/_blazor","ConnectionId":"0HMQ8NKE3LANB","ApplicationName":"Barn.Api"}}
{"Timestamp":"2023-04-29T16:23:16.0458130+02:00","Level":"Information","MessageTemplate":"Now listening on: {address}","Properties":{"address":"https://localhost:5001","EventId":{"Id":14,"Name":"ListeningOnAddress"},"SourceContext":"Microsoft.Hosting.Lifetime","ApplicationName":"Barn.Api"}}
{"Timestamp":"2023-04-29T16:23:16.0846675+02:00","Level":"Information","MessageTemplate":"Now listening on: {address}","Properties":{"address":"http://localhost:5000","EventId":{"Id":14,"Name":"ListeningOnAddress"},"SourceContext":"Microsoft.Hosting.Lifetime","ApplicationName":"Barn.Api"}}
{"Timestamp":"2023-04-29T16:23:16.0862501+02:00","Level":"Information","MessageTemplate":"Application started. Press Ctrl+C to shut down.","Properties":{"SourceContext":"Microsoft.Hosting.Lifetime","ApplicationName":"Barn.Api"}}
{"Timestamp":"2023-04-29T16:23:16.0866003+02:00","Level":"Information","MessageTemplate":"Hosting environment: {EnvName}","Properties":{"EnvName":"Development","SourceContext":"Microsoft.Hosting.Lifetime","ApplicationName":"Barn.Api"}}
{"Timestamp":"2023-04-29T16:23:16.0867662+02:00","Level":"Information","MessageTemplate":"Content root path: {ContentRoot}","Properties":{"ContentRoot":"C:\\Repos\\Birk.Bestillingsveiviser.Web\\Birk.Client.Bestilling","SourceContext":"Microsoft.Hosting.Lifetime","ApplicationName":"Barn.Api"}}
{"Timestamp":"2023-04-29T16:23:17.1855047+02:00","Level":"Information","MessageTemplate":"Entering {Method}","Properties":{"Method":"InitializeDropdownsAsync","SourceContext":"Birk.Client.Bestilling.Pages.Bestilling","ActionId":"96e783e8-6314-4d96-9bda-2ee9623496c4","ActionName":"/_Host","RequestId":"0HMQ8NL2TG36F:00000001","RequestPath":"/","ConnectionId":"0HMQ8NL2TG36F","ApplicationName":"Barn.Api","CorrelationId":"90630cb0-58db-4e5e-9d2f-5fa0b2b7b038"}}
{"Timestamp":"2023-04-29T16:23:17.1887378+02:00","Level":"Information","MessageTemplate":"Entering {Method}","Properties":{"Method":"GetTypes","SourceContext":"Birk.Client.Bestilling.Services.Implementation.KodeverkService","ActionId":"96e783e8-6314-4d96-9bda-2ee9623496c4","ActionName":"/_Host","RequestId":"0HMQ8NL2TG36F:00000001","RequestPath":"/","ConnectionId":"0HMQ8NL2TG36F","ApplicationName":"Barn.Api","CorrelationId":"90630cb0-58db-4e5e-9d2f-5fa0b2b7b038"}}
{"Timestamp":"2023-04-29T16:23:17.4211665+02:00","Level":"Information","MessageTemplate":"Exiting {Method}","Properties":{"Method":"InitializeDropdownsAsync","SourceContext":"Birk.Client.Bestilling.Pages.Bestilling","ActionId":"96e783e8-6314-4d96-9bda-2ee9623496c4","ActionName":"/_Host","RequestId":"0HMQ8NL2TG36F:00000001","RequestPath":"/","ConnectionId":"0HMQ8NL2TG36F","ApplicationName":"Barn.Api","CorrelationId":"90630cb0-58db-4e5e-9d2f-5fa0b2b7b038"}}
{"Timestamp":"2023-04-29T16:23:18.1347986+02:00","Level":"Information","MessageTemplate":"Entering {Method}","Properties":{"Method":"InitializeDropdownsAsync","SourceContext":"Birk.Client.Bestilling.Pages.Bestilling","TransportConnectionId":"ARG9aF2AkvGbsp7PbYdTag","RequestId":"0HMQ8NL2TG36F:0000003D","RequestPath":"/_blazor","ConnectionId":"0HMQ8NL2TG36F","ApplicationName":"Barn.Api"}}
{"Timestamp":"2023-04-29T16:23:18.2901595+02:00","Level":"Information","MessageTemplate":"Entering {Method}","Properties":{"Method":"GetTypes","SourceContext":"Birk.Client.Bestilling.Services.Implementation.KodeverkService","TransportConnectionId":"ARG9aF2AkvGbsp7PbYdTag","RequestId":"0HMQ8NL2TG36F:0000003D","RequestPath":"/_blazor","ConnectionId":"0HMQ8NL2TG36F","ApplicationName":"Barn.Api"}}
{"Timestamp":"2023-04-29T16:23:18.4056306+02:00","Level":"Information","MessageTemplate":"Exiting {Method}","Properties":{"Method":"InitializeDropdownsAsync","SourceContext":"Birk.Client.Bestilling.Pages.Bestilling","TransportConnectionId":"ARG9aF2AkvGbsp7PbYdTag","RequestId":"0HMQ8NL2TG36F:0000003D","RequestPath":"/_blazor","ConnectionId":"0HMQ8NL2TG36F","ApplicationName":"Barn.Api"}}
{"Timestamp":"2023-04-29T16:23:21.3952503+02:00","Level":"Information","MessageTemplate":"Entering {Method}","Properties":{"Method":"GetKommunesAndBvtjenestes","SourceContext":"Birk.Client.Bestilling.Services.Implementation.KodeverkService","TransportConnectionId":"ARG9aF2AkvGbsp7PbYdTag","RequestId":"0HMQ8NL2TG36F:0000003D","RequestPath":"/_blazor","ConnectionId":"0HMQ8NL2TG36F","ApplicationName":"Barn.Api"}}
{"Timestamp":"2023-04-29T16:23:26.4436428+02:00","Level":"Information","MessageTemplate":"Entering {Method}","Properties":{"Method":"GetBarnByFnr","SourceContext":"Birk.Client.Bestilling.Services.Implementation.BarnService","TransportConnectionId":"ARG9aF2AkvGbsp7PbYdTag","RequestId":"0HMQ8NL2TG36F:0000003D","RequestPath":"/_blazor","ConnectionId":"0HMQ8NL2TG36F","ApplicationName":"Barn.Api"}}
{"Timestamp":"2023-04-29T16:24:35.8930020+02:00","Level":"Information","MessageTemplate":"Now listening on: {address}","Properties":{"address":"https://localhost:5001","EventId":{"Id":14,"Name":"ListeningOnAddress"},"SourceContext":"Microsoft.Hosting.Lifetime","ApplicationName":"Barn.Api"}}
{"Timestamp":"2023-04-29T16:24:35.9379268+02:00","Level":"Information","MessageTemplate":"Now listening on: {address}","Properties":{"address":"http://localhost:5000","EventId":{"Id":14,"Name":"ListeningOnAddress"},"SourceContext":"Microsoft.Hosting.Lifetime","ApplicationName":"Barn.Api"}}
{"Timestamp":"2023-04-29T16:24:35.9395073+02:00","Level":"Information","MessageTemplate":"Application started. Press Ctrl+C to shut down.","Properties":{"SourceContext":"Microsoft.Hosting.Lifetime","ApplicationName":"Barn.Api"}}
{"Timestamp":"2023-04-29T16:24:35.9396860+02:00","Level":"Information","MessageTemplate":"Hosting environment: {EnvName}","Properties":{"EnvName":"Development","SourceContext":"Microsoft.Hosting.Lifetime","ApplicationName":"Barn.Api"}}
{"Timestamp":"2023-04-29T16:24:35.9397403+02:00","Level":"Information","MessageTemplate":"Content root path: {ContentRoot}","Properties":{"ContentRoot":"C:\\Repos\\Birk.Bestillingsveiviser.Web\\Birk.Client.Bestilling","SourceContext":"Microsoft.Hosting.Lifetime","ApplicationName":"Barn.Api"}}
{"Timestamp":"2023-04-29T16:24:37.1997988+02:00","Level":"Information","MessageTemplate":"Entering {Method}","Properties":{"Method":"InitializeDropdownsAsync","SourceContext":"Birk.Client.Bestilling.Pages.Bestilling","ActionId":"4db88de2-f522-49d0-adaf-f0947e5eacd9","ActionName":"/_Host","RequestId":"0HMQ8NLQO8TS3:00000001","RequestPath":"/","ConnectionId":"0HMQ8NLQO8TS3","ApplicationName":"Barn.Api","CorrelationId":"a7073fea-6098-4cd3-8ea0-2e8611659818"}}
{"Timestamp":"2023-04-29T16:24:37.2031986+02:00","Level":"Information","MessageTemplate":"Entering {Method}","Properties":{"Method":"GetTypes","SourceContext":"Birk.Client.Bestilling.Services.Implementation.KodeverkService","ActionId":"4db88de2-f522-49d0-adaf-f0947e5eacd9","ActionName":"/_Host","RequestId":"0HMQ8NLQO8TS3:00000001","RequestPath":"/","ConnectionId":"0HMQ8NLQO8TS3","ApplicationName":"Barn.Api","CorrelationId":"a7073fea-6098-4cd3-8ea0-2e8611659818"}}
{"Timestamp":"2023-04-29T16:24:37.4193802+02:00","Level":"Information","MessageTemplate":"Exiting {Method}","Properties":{"Method":"InitializeDropdownsAsync","SourceContext":"Birk.Client.Bestilling.Pages.Bestilling","ActionId":"4db88de2-f522-49d0-adaf-f0947e5eacd9","ActionName":"/_Host","RequestId":"0HMQ8NLQO8TS3:00000001","RequestPath":"/","ConnectionId":"0HMQ8NLQO8TS3","ApplicationName":"Barn.Api","CorrelationId":"a7073fea-6098-4cd3-8ea0-2e8611659818"}}
{"Timestamp":"2023-04-29T16:24:38.1457147+02:00","Level":"Information","MessageTemplate":"Entering {Method}","Properties":{"Method":"InitializeDropdownsAsync","SourceContext":"Birk.Client.Bestilling.Pages.Bestilling","TransportConnectionId":"d6Gp178HSmo4btbMjW3daw","RequestId":"0HMQ8NLQO8TS3:0000003D","RequestPath":"/_blazor","ConnectionId":"0HMQ8NLQO8TS3","ApplicationName":"Barn.Api"}}
{"Timestamp":"2023-04-29T16:24:38.2651154+02:00","Level":"Information","MessageTemplate":"Entering {Method}","Properties":{"Method":"GetTypes","SourceContext":"Birk.Client.Bestilling.Services.Implementation.KodeverkService","TransportConnectionId":"d6Gp178HSmo4btbMjW3daw","RequestId":"0HMQ8NLQO8TS3:0000003D","RequestPath":"/_blazor","ConnectionId":"0HMQ8NLQO8TS3","ApplicationName":"Barn.Api"}}
{"Timestamp":"2023-04-29T16:24:38.3618402+02:00","Level":"Information","MessageTemplate":"Exiting {Method}","Properties":{"Method":"InitializeDropdownsAsync","SourceContext":"Birk.Client.Bestilling.Pages.Bestilling","TransportConnectionId":"d6Gp178HSmo4btbMjW3daw","RequestId":"0HMQ8NLQO8TS3:0000003D","RequestPath":"/_blazor","ConnectionId":"0HMQ8NLQO8TS3","ApplicationName":"Barn.Api"}}
{"Timestamp":"2023-04-29T16:24:40.3372013+02:00","Level":"Information","MessageTemplate":"Entering {Method}","Properties":{"Method":"GetKommunesAndBvtjenestes","SourceContext":"Birk.Client.Bestilling.Services.Implementation.KodeverkService","TransportConnectionId":"d6Gp178HSmo4btbMjW3daw","RequestId":"0HMQ8NLQO8TS3:0000003D","RequestPath":"/_blazor","ConnectionId":"0HMQ8NLQO8TS3","ApplicationName":"Barn.Api"}}
{"Timestamp":"2023-04-29T16:24:45.8499660+02:00","Level":"Information","MessageTemplate":"Entering {Method}","Properties":{"Method":"GetBarnByFnr","SourceContext":"Birk.Client.Bestilling.Services.Implementation.BarnService","TransportConnectionId":"d6Gp178HSmo4btbMjW3daw","RequestId":"0HMQ8NLQO8TS3:0000003D","RequestPath":"/_blazor","ConnectionId":"0HMQ8NLQO8TS3","ApplicationName":"Barn.Api"}}
{"Timestamp":"2023-04-29T16:25:57.9425774+02:00","Level":"Information","MessageTemplate":"Now listening on: {address}","Properties":{"address":"https://localhost:5001","EventId":{"Id":14,"Name":"ListeningOnAddress"},"SourceContext":"Microsoft.Hosting.Lifetime","ApplicationName":"Barn.Api"}}
{"Timestamp":"2023-04-29T16:25:57.9782827+02:00","Level":"Information","MessageTemplate":"Now listening on: {address}","Properties":{"address":"http://localhost:5000","EventId":{"Id":14,"Name":"ListeningOnAddress"},"SourceContext":"Microsoft.Hosting.Lifetime","ApplicationName":"Barn.Api"}}
{"Timestamp":"2023-04-29T16:25:57.9799772+02:00","Level":"Information","MessageTemplate":"Application started. Press Ctrl+C to shut down.","Properties":{"SourceContext":"Microsoft.Hosting.Lifetime","ApplicationName":"Barn.Api"}}
{"Timestamp":"2023-04-29T16:25:57.9801543+02:00","Level":"Information","MessageTemplate":"Hosting environment: {EnvName}","Properties":{"EnvName":"Development","SourceContext":"Microsoft.Hosting.Lifetime","ApplicationName":"Barn.Api"}}
{"Timestamp":"2023-04-29T16:25:57.9802139+02:00","Level":"Information","MessageTemplate":"Content root path: {ContentRoot}","Properties":{"ContentRoot":"C:\\Repos\\Birk.Bestillingsveiviser.Web\\Birk.Client.Bestilling","SourceContext":"Microsoft.Hosting.Lifetime","ApplicationName":"Barn.Api"}}
{"Timestamp":"2023-04-29T16:25:59.3784396+02:00","Level":"Information","MessageTemplate":"Entering {Method}","Properties":{"Method":"InitializeDropdownsAsync","SourceContext":"Birk.Client.Bestilling.Pages.Bestilling","ActionId":"dd04f12d-a701-439b-9be3-3bcf9607c81a","ActionName":"/_Host","RequestId":"0HMQ8NMJ7HK4O:00000001","RequestPath":"/","ConnectionId":"0HMQ8NMJ7HK4O","ApplicationName":"Barn.Api","CorrelationId":"84541614-c536-49df-86e2-3064f4acb3ab"}}
{"Timestamp":"2023-04-29T16:25:59.3817892+02:00","Level":"Information","MessageTemplate":"Entering {Method}","Properties":{"Method":"GetTypes","SourceContext":"Birk.Client.Bestilling.Services.Implementation.KodeverkService","ActionId":"dd04f12d-a701-439b-9be3-3bcf9607c81a","ActionName":"/_Host","RequestId":"0HMQ8NMJ7HK4O:00000001","RequestPath":"/","ConnectionId":"0HMQ8NMJ7HK4O","ApplicationName":"Barn.Api","CorrelationId":"84541614-c536-49df-86e2-3064f4acb3ab"}}
{"Timestamp":"2023-04-29T16:26:01.9817896+02:00","Level":"Information","MessageTemplate":"Exiting {Method}","Properties":{"Method":"InitializeDropdownsAsync","SourceContext":"Birk.Client.Bestilling.Pages.Bestilling","ActionId":"dd04f12d-a701-439b-9be3-3bcf9607c81a","ActionName":"/_Host","RequestId":"0HMQ8NMJ7HK4O:00000001","RequestPath":"/","ConnectionId":"0HMQ8NMJ7HK4O","ApplicationName":"Barn.Api","CorrelationId":"84541614-c536-49df-86e2-3064f4acb3ab"}}
{"Timestamp":"2023-04-29T16:26:02.7532845+02:00","Level":"Information","MessageTemplate":"Entering {Method}","Properties":{"Method":"InitializeDropdownsAsync","SourceContext":"Birk.Client.Bestilling.Pages.Bestilling","TransportConnectionId":"-nime2xM-ZN28tPncoLHKg","RequestId":"0HMQ8NMJ7HK4O:0000003D","RequestPath":"/_blazor","ConnectionId":"0HMQ8NMJ7HK4O","ApplicationName":"Barn.Api"}}
{"Timestamp":"2023-04-29T16:26:02.8504165+02:00","Level":"Information","MessageTemplate":"Entering {Method}","Properties":{"Method":"GetTypes","SourceContext":"Birk.Client.Bestilling.Services.Implementation.KodeverkService","TransportConnectionId":"-nime2xM-ZN28tPncoLHKg","RequestId":"0HMQ8NMJ7HK4O:0000003D","RequestPath":"/_blazor","ConnectionId":"0HMQ8NMJ7HK4O","ApplicationName":"Barn.Api"}}
{"Timestamp":"2023-04-29T16:26:03.7083160+02:00","Level":"Information","MessageTemplate":"Exiting {Method}","Properties":{"Method":"InitializeDropdownsAsync","SourceContext":"Birk.Client.Bestilling.Pages.Bestilling","TransportConnectionId":"-nime2xM-ZN28tPncoLHKg","RequestId":"0HMQ8NMJ7HK4O:0000003D","RequestPath":"/_blazor","ConnectionId":"0HMQ8NMJ7HK4O","ApplicationName":"Barn.Api"}}
{"Timestamp":"2023-04-29T16:26:07.1179868+02:00","Level":"Information","MessageTemplate":"Entering {Method}","Properties":{"Method":"GetKommunesAndBvtjenestes","SourceContext":"Birk.Client.Bestilling.Services.Implementation.KodeverkService","TransportConnectionId":"-nime2xM-ZN28tPncoLHKg","RequestId":"0HMQ8NMJ7HK4O:0000003D","RequestPath":"/_blazor","ConnectionId":"0HMQ8NMJ7HK4O","ApplicationName":"Barn.Api"}}
{"Timestamp":"2023-04-29T16:26:16.3612976+02:00","Level":"Information","MessageTemplate":"Entering {Method}","Properties":{"Method":"GetBarnByFnr","SourceContext":"Birk.Client.Bestilling.Services.Implementation.BarnService","TransportConnectionId":"-nime2xM-ZN28tPncoLHKg","RequestId":"0HMQ8NMJ7HK4O:0000003D","RequestPath":"/_blazor","ConnectionId":"0HMQ8NMJ7HK4O","ApplicationName":"Barn.Api"}}
{"Timestamp":"2023-04-29T16:27:45.9172941+02:00","Level":"Information","MessageTemplate":"Now listening on: {address}","Properties":{"address":"https://localhost:5001","EventId":{"Id":14,"Name":"ListeningOnAddress"},"SourceContext":"Microsoft.Hosting.Lifetime","ApplicationName":"Barn.Api"}}
{"Timestamp":"2023-04-29T16:27:45.9547301+02:00","Level":"Information","MessageTemplate":"Now listening on: {address}","Properties":{"address":"http://localhost:5000","EventId":{"Id":14,"Name":"ListeningOnAddress"},"SourceContext":"Microsoft.Hosting.Lifetime","ApplicationName":"Barn.Api"}}
{"Timestamp":"2023-04-29T16:27:45.9563111+02:00","Level":"Information","MessageTemplate":"Application started. Press Ctrl+C to shut down.","Properties":{"SourceContext":"Microsoft.Hosting.Lifetime","ApplicationName":"Barn.Api"}}
{"Timestamp":"2023-04-29T16:27:45.9565151+02:00","Level":"Information","MessageTemplate":"Hosting environment: {EnvName}","Properties":{"EnvName":"Development","SourceContext":"Microsoft.Hosting.Lifetime","ApplicationName":"Barn.Api"}}
{"Timestamp":"2023-04-29T16:27:45.9567152+02:00","Level":"Information","MessageTemplate":"Content root path: {ContentRoot}","Properties":{"ContentRoot":"C:\\Repos\\Birk.Bestillingsveiviser.Web\\Birk.Client.Bestilling","SourceContext":"Microsoft.Hosting.Lifetime","ApplicationName":"Barn.Api"}}
{"Timestamp":"2023-04-29T16:27:47.1104115+02:00","Level":"Information","MessageTemplate":"Entering {Method}","Properties":{"Method":"InitializeDropdownsAsync","SourceContext":"Birk.Client.Bestilling.Pages.Bestilling","ActionId":"12034f85-5126-432f-9db9-11762a44ade9","ActionName":"/_Host","RequestId":"0HMQ8NNJBTLV3:00000001","RequestPath":"/","ConnectionId":"0HMQ8NNJBTLV3","ApplicationName":"Barn.Api","CorrelationId":"8f278cf8-278d-4b67-8d0d-4e21544ef87a"}}
{"Timestamp":"2023-04-29T16:27:47.1181836+02:00","Level":"Information","MessageTemplate":"Entering {Method}","Properties":{"Method":"GetTypes","SourceContext":"Birk.Client.Bestilling.Services.Implementation.KodeverkService","ActionId":"12034f85-5126-432f-9db9-11762a44ade9","ActionName":"/_Host","RequestId":"0HMQ8NNJBTLV3:00000001","RequestPath":"/","ConnectionId":"0HMQ8NNJBTLV3","ApplicationName":"Barn.Api","CorrelationId":"8f278cf8-278d-4b67-8d0d-4e21544ef87a"}}
{"Timestamp":"2023-04-29T16:27:57.2381592+02:00","Level":"Information","MessageTemplate":"Exiting {Method}","Properties":{"Method":"InitializeDropdownsAsync","SourceContext":"Birk.Client.Bestilling.Pages.Bestilling","ActionId":"12034f85-5126-432f-9db9-11762a44ade9","ActionName":"/_Host","RequestId":"0HMQ8NNJBTLV3:00000001","RequestPath":"/","ConnectionId":"0HMQ8NNJBTLV3","ApplicationName":"Barn.Api","CorrelationId":"8f278cf8-278d-4b67-8d0d-4e21544ef87a"}}
{"Timestamp":"2023-04-29T16:27:57.8839373+02:00","Level":"Information","MessageTemplate":"Entering {Method}","Properties":{"Method":"InitializeDropdownsAsync","SourceContext":"Birk.Client.Bestilling.Pages.Bestilling","TransportConnectionId":"4NSiesjSRybv3qdJZz0Vwg","RequestId":"0HMQ8NNJBTLV3:0000003D","RequestPath":"/_blazor","ConnectionId":"0HMQ8NNJBTLV3","ApplicationName":"Barn.Api"}}
{"Timestamp":"2023-04-29T16:27:58.0538087+02:00","Level":"Information","MessageTemplate":"Entering {Method}","Properties":{"Method":"GetTypes","SourceContext":"Birk.Client.Bestilling.Services.Implementation.KodeverkService","TransportConnectionId":"4NSiesjSRybv3qdJZz0Vwg","RequestId":"0HMQ8NNJBTLV3:0000003D","RequestPath":"/_blazor","ConnectionId":"0HMQ8NNJBTLV3","ApplicationName":"Barn.Api"}}
{"Timestamp":"2023-04-29T16:27:58.1339135+02:00","Level":"Information","MessageTemplate":"Exiting {Method}","Properties":{"Method":"InitializeDropdownsAsync","SourceContext":"Birk.Client.Bestilling.Pages.Bestilling","TransportConnectionId":"4NSiesjSRybv3qdJZz0Vwg","RequestId":"0HMQ8NNJBTLV3:0000003D","RequestPath":"/_blazor","ConnectionId":"0HMQ8NNJBTLV3","ApplicationName":"Barn.Api"}}
{"Timestamp":"2023-04-29T16:28:00.1651559+02:00","Level":"Information","MessageTemplate":"Entering {Method}","Properties":{"Method":"GetKommunesAndBvtjenestes","SourceContext":"Birk.Client.Bestilling.Services.Implementation.KodeverkService","TransportConnectionId":"4NSiesjSRybv3qdJZz0Vwg","RequestId":"0HMQ8NNJBTLV3:0000003D","RequestPath":"/_blazor","ConnectionId":"0HMQ8NNJBTLV3","ApplicationName":"Barn.Api"}}
{"Timestamp":"2023-04-29T16:28:05.6796487+02:00","Level":"Information","MessageTemplate":"Entering {Method}","Properties":{"Method":"GetBarnByFnr","SourceContext":"Birk.Client.Bestilling.Services.Implementation.BarnService","TransportConnectionId":"4NSiesjSRybv3qdJZz0Vwg","RequestId":"0HMQ8NNJBTLV3:0000003D","RequestPath":"/_blazor","ConnectionId":"0HMQ8NNJBTLV3","ApplicationName":"Barn.Api"}}
{"Timestamp":"2023-04-29T16:41:46.2681190+02:00","Level":"Information","MessageTemplate":"Now listening on: {address}","Properties":{"address":"https://localhost:5001","EventId":{"Id":14,"Name":"ListeningOnAddress"},"SourceContext":"Microsoft.Hosting.Lifetime","ApplicationName":"Barn.Api"}}
{"Timestamp":"2023-04-29T16:41:46.2999729+02:00","Level":"Information","MessageTemplate":"Now listening on: {address}","Properties":{"address":"http://localhost:5000","EventId":{"Id":14,"Name":"ListeningOnAddress"},"SourceContext":"Microsoft.Hosting.Lifetime","ApplicationName":"Barn.Api"}}
{"Timestamp":"2023-04-29T16:41:46.3012631+02:00","Level":"Information","MessageTemplate":"Application started. Press Ctrl+C to shut down.","Properties":{"SourceContext":"Microsoft.Hosting.Lifetime","ApplicationName":"Barn.Api"}}
{"Timestamp":"2023-04-29T16:41:46.3015567+02:00","Level":"Information","MessageTemplate":"Hosting environment: {EnvName}","Properties":{"EnvName":"Development","SourceContext":"Microsoft.Hosting.Lifetime","ApplicationName":"Barn.Api"}}
{"Timestamp":"2023-04-29T16:41:46.3016489+02:00","Level":"Information","MessageTemplate":"Content root path: {ContentRoot}","Properties":{"ContentRoot":"C:\\Repos\\Birk.Bestillingsveiviser.Web\\Birk.Client.Bestilling","SourceContext":"Microsoft.Hosting.Lifetime","ApplicationName":"Barn.Api"}}
{"Timestamp":"2023-04-29T16:41:47.8022351+02:00","Level":"Information","MessageTemplate":"Entering {Method}","Properties":{"Method":"InitializeDropdownsAsync","SourceContext":"Birk.Client.Bestilling.Pages.Bestilling","ActionId":"e4f471ba-5f0c-4287-8299-c242c13ac43c","ActionName":"/_Host","RequestId":"0HMQ8NVDST3HL:00000001","RequestPath":"/","ConnectionId":"0HMQ8NVDST3HL","ApplicationName":"Barn.Api","CorrelationId":"7e9f3cff-6a82-4a4f-8140-c94e6c76ea0b"}}
{"Timestamp":"2023-04-29T16:41:47.8060737+02:00","Level":"Information","MessageTemplate":"Entering {Method}","Properties":{"Method":"GetTypes","SourceContext":"Birk.Client.Bestilling.Services.Implementation.KodeverkService","ActionId":"e4f471ba-5f0c-4287-8299-c242c13ac43c","ActionName":"/_Host","RequestId":"0HMQ8NVDST3HL:00000001","RequestPath":"/","ConnectionId":"0HMQ8NVDST3HL","ApplicationName":"Barn.Api","CorrelationId":"7e9f3cff-6a82-4a4f-8140-c94e6c76ea0b"}}
{"Timestamp":"2023-04-29T16:41:48.0883872+02:00","Level":"Information","MessageTemplate":"Exiting {Method}","Properties":{"Method":"InitializeDropdownsAsync","SourceContext":"Birk.Client.Bestilling.Pages.Bestilling","ActionId":"e4f471ba-5f0c-4287-8299-c242c13ac43c","ActionName":"/_Host","RequestId":"0HMQ8NVDST3HL:00000001","RequestPath":"/","ConnectionId":"0HMQ8NVDST3HL","ApplicationName":"Barn.Api","CorrelationId":"7e9f3cff-6a82-4a4f-8140-c94e6c76ea0b"}}
{"Timestamp":"2023-04-29T16:41:48.8060628+02:00","Level":"Information","MessageTemplate":"Entering {Method}","Properties":{"Method":"InitializeDropdownsAsync","SourceContext":"Birk.Client.Bestilling.Pages.Bestilling","TransportConnectionId":"2PNgFnARq-LvXOvLtYiYDQ","RequestId":"0HMQ8NVDST3HL:0000003D","RequestPath":"/_blazor","ConnectionId":"0HMQ8NVDST3HL","ApplicationName":"Barn.Api"}}
{"Timestamp":"2023-04-29T16:41:48.9536430+02:00","Level":"Information","MessageTemplate":"Entering {Method}","Properties":{"Method":"GetTypes","SourceContext":"Birk.Client.Bestilling.Services.Implementation.KodeverkService","TransportConnectionId":"2PNgFnARq-LvXOvLtYiYDQ","RequestId":"0HMQ8NVDST3HL:0000003D","RequestPath":"/_blazor","ConnectionId":"0HMQ8NVDST3HL","ApplicationName":"Barn.Api"}}
{"Timestamp":"2023-04-29T16:41:49.0534771+02:00","Level":"Information","MessageTemplate":"Exiting {Method}","Properties":{"Method":"InitializeDropdownsAsync","SourceContext":"Birk.Client.Bestilling.Pages.Bestilling","TransportConnectionId":"2PNgFnARq-LvXOvLtYiYDQ","RequestId":"0HMQ8NVDST3HL:0000003D","RequestPath":"/_blazor","ConnectionId":"0HMQ8NVDST3HL","ApplicationName":"Barn.Api"}}
{"Timestamp":"2023-04-29T16:43:37.8290107+02:00","Level":"Information","MessageTemplate":"Entering {Method}","Properties":{"Method":"GetKommunesAndBvtjenestes","SourceContext":"Birk.Client.Bestilling.Services.Implementation.KodeverkService","TransportConnectionId":"2PNgFnARq-LvXOvLtYiYDQ","RequestId":"0HMQ8NVDST3HL:0000003D","RequestPath":"/_blazor","ConnectionId":"0HMQ8NVDST3HL","ApplicationName":"Barn.Api"}}
{"Timestamp":"2023-04-29T16:43:42.4945655+02:00","Level":"Information","MessageTemplate":"Entering {Method}","Properties":{"Method":"GetBarnByFnr","SourceContext":"Birk.Client.Bestilling.Services.Implementation.BarnService","TransportConnectionId":"2PNgFnARq-LvXOvLtYiYDQ","RequestId":"0HMQ8NVDST3HL:0000003D","RequestPath":"/_blazor","ConnectionId":"0HMQ8NVDST3HL","ApplicationName":"Barn.Api"}}
{"Timestamp":"2023-04-29T16:43:48.5735438+02:00","Level":"Information","MessageTemplate":"Entering {Method}","Properties":{"Method":"GetBarnByFnr","SourceContext":"Birk.Client.Bestilling.Services.Implementation.BarnService","TransportConnectionId":"2PNgFnARq-LvXOvLtYiYDQ","RequestId":"0HMQ8NVDST3HL:0000003D","RequestPath":"/_blazor","ConnectionId":"0HMQ8NVDST3HL","ApplicationName":"Barn.Api"}}
{"Timestamp":"2023-04-29T16:44:11.6572674+02:00","Level":"Information","MessageTemplate":"Entering {Method}","Properties":{"Method":"GetBarnByFnr","SourceContext":"Birk.Client.Bestilling.Services.Implementation.BarnService","TransportConnectionId":"2PNgFnARq-LvXOvLtYiYDQ","RequestId":"0HMQ8NVDST3HL:0000003D","RequestPath":"/_blazor","ConnectionId":"0HMQ8NVDST3HL","ApplicationName":"Barn.Api"}}
{"Timestamp":"2023-04-29T16:50:18.1911464+02:00","Level":"Information","MessageTemplate":"Now listening on: {address}","Properties":{"address":"https://localhost:5001","EventId":{"Id":14,"Name":"ListeningOnAddress"},"SourceContext":"Microsoft.Hosting.Lifetime","ApplicationName":"Barn.Api"}}
{"Timestamp":"2023-04-29T16:50:18.2280204+02:00","Level":"Information","MessageTemplate":"Now listening on: {address}","Properties":{"address":"http://localhost:5000","EventId":{"Id":14,"Name":"ListeningOnAddress"},"SourceContext":"Microsoft.Hosting.Lifetime","ApplicationName":"Barn.Api"}}
{"Timestamp":"2023-04-29T16:50:18.2300526+02:00","Level":"Information","MessageTemplate":"Application started. Press Ctrl+C to shut down.","Properties":{"SourceContext":"Microsoft.Hosting.Lifetime","ApplicationName":"Barn.Api"}}
{"Timestamp":"2023-04-29T16:50:18.2302217+02:00","Level":"Information","MessageTemplate":"Hosting environment: {EnvName}","Properties":{"EnvName":"Development","SourceContext":"Microsoft.Hosting.Lifetime","ApplicationName":"Barn.Api"}}
{"Timestamp":"2023-04-29T16:50:18.2302870+02:00","Level":"Information","MessageTemplate":"Content root path: {ContentRoot}","Properties":{"ContentRoot":"C:\\Repos\\Birk.Bestillingsveiviser.Web\\Birk.Client.Bestilling","SourceContext":"Microsoft.Hosting.Lifetime","ApplicationName":"Barn.Api"}}
{"Timestamp":"2023-04-29T16:50:19.5450735+02:00","Level":"Information","MessageTemplate":"Entering {Method}","Properties":{"Method":"InitializeDropdownsAsync","SourceContext":"Birk.Client.Bestilling.Pages.Bestilling","ActionId":"9e65d3a1-645a-4b88-b48c-6de14700a5b9","ActionName":"/_Host","RequestId":"0HMQ8O46CMEA8:00000001","RequestPath":"/","ConnectionId":"0HMQ8O46CMEA8","ApplicationName":"Barn.Api","CorrelationId":"6d3aa29d-f66f-47dc-8f83-01cc14606177"}}
{"Timestamp":"2023-04-29T16:50:19.5481588+02:00","Level":"Information","MessageTemplate":"Entering {Method}","Properties":{"Method":"GetTypes","SourceContext":"Birk.Client.Bestilling.Services.Implementation.KodeverkService","ActionId":"9e65d3a1-645a-4b88-b48c-6de14700a5b9","ActionName":"/_Host","RequestId":"0HMQ8O46CMEA8:00000001","RequestPath":"/","ConnectionId":"0HMQ8O46CMEA8","ApplicationName":"Barn.Api","CorrelationId":"6d3aa29d-f66f-47dc-8f83-01cc14606177"}}
{"Timestamp":"2023-04-29T16:50:19.7823713+02:00","Level":"Information","MessageTemplate":"Exiting {Method}","Properties":{"Method":"InitializeDropdownsAsync","SourceContext":"Birk.Client.Bestilling.Pages.Bestilling","ActionId":"9e65d3a1-645a-4b88-b48c-6de14700a5b9","ActionName":"/_Host","RequestId":"0HMQ8O46CMEA8:00000001","RequestPath":"/","ConnectionId":"0HMQ8O46CMEA8","ApplicationName":"Barn.Api","CorrelationId":"6d3aa29d-f66f-47dc-8f83-01cc14606177"}}
{"Timestamp":"2023-04-29T16:50:20.5614162+02:00","Level":"Information","MessageTemplate":"Entering {Method}","Properties":{"Method":"InitializeDropdownsAsync","SourceContext":"Birk.Client.Bestilling.Pages.Bestilling","TransportConnectionId":"H3XdZzbZO6TqCLn8RiLtBA","RequestId":"0HMQ8O46CMEA8:0000003D","RequestPath":"/_blazor","ConnectionId":"0HMQ8O46CMEA8","ApplicationName":"Barn.Api"}}
{"Timestamp":"2023-04-29T16:50:20.6869744+02:00","Level":"Information","MessageTemplate":"Entering {Method}","Properties":{"Method":"GetTypes","SourceContext":"Birk.Client.Bestilling.Services.Implementation.KodeverkService","TransportConnectionId":"H3XdZzbZO6TqCLn8RiLtBA","RequestId":"0HMQ8O46CMEA8:0000003D","RequestPath":"/_blazor","ConnectionId":"0HMQ8O46CMEA8","ApplicationName":"Barn.Api"}}
{"Timestamp":"2023-04-29T16:50:20.8325472+02:00","Level":"Information","MessageTemplate":"Exiting {Method}","Properties":{"Method":"InitializeDropdownsAsync","SourceContext":"Birk.Client.Bestilling.Pages.Bestilling","TransportConnectionId":"H3XdZzbZO6TqCLn8RiLtBA","RequestId":"0HMQ8O46CMEA8:0000003D","RequestPath":"/_blazor","ConnectionId":"0HMQ8O46CMEA8","ApplicationName":"Barn.Api"}}
{"Timestamp":"2023-04-29T16:50:46.9342942+02:00","Level":"Information","MessageTemplate":"Entering {Method}","Properties":{"Method":"GetKommunesAndBvtjenestes","SourceContext":"Birk.Client.Bestilling.Services.Implementation.KodeverkService","TransportConnectionId":"H3XdZzbZO6TqCLn8RiLtBA","RequestId":"0HMQ8O46CMEA8:0000003D","RequestPath":"/_blazor","ConnectionId":"0HMQ8O46CMEA8","ApplicationName":"Barn.Api"}}
{"Timestamp":"2023-04-29T16:51:12.8712848+02:00","Level":"Information","MessageTemplate":"Entering {Method}","Properties":{"Method":"GetBarnByFnr","SourceContext":"Birk.Client.Bestilling.Services.Implementation.BarnService","TransportConnectionId":"H3XdZzbZO6TqCLn8RiLtBA","RequestId":"0HMQ8O46CMEA8:0000003D","RequestPath":"/_blazor","ConnectionId":"0HMQ8O46CMEA8","ApplicationName":"Barn.Api"}}
{"Timestamp":"2023-04-29T16:51:14.8626357+02:00","Level":"Information","MessageTemplate":"Entering {Method}","Properties":{"Method":"GetBarnByFnr","SourceContext":"Birk.Client.Bestilling.Services.Implementation.BarnService","TransportConnectionId":"H3XdZzbZO6TqCLn8RiLtBA","RequestId":"0HMQ8O46CMEA8:0000003D","RequestPath":"/_blazor","ConnectionId":"0HMQ8O46CMEA8","ApplicationName":"Barn.Api"}}
{"Timestamp":"2023-04-29T16:55:21.6421569+02:00","Level":"Information","MessageTemplate":"Now listening on: {address}","Properties":{"address":"https://localhost:5001","EventId":{"Id":14,"Name":"ListeningOnAddress"},"SourceContext":"Microsoft.Hosting.Lifetime","ApplicationName":"Barn.Api"}}
{"Timestamp":"2023-04-29T16:55:21.6797780+02:00","Level":"Information","MessageTemplate":"Now listening on: {address}","Properties":{"address":"http://localhost:5000","EventId":{"Id":14,"Name":"ListeningOnAddress"},"SourceContext":"Microsoft.Hosting.Lifetime","ApplicationName":"Barn.Api"}}
{"Timestamp":"2023-04-29T16:55:21.6811698+02:00","Level":"Information","MessageTemplate":"Application started. Press Ctrl+C to shut down.","Properties":{"SourceContext":"Microsoft.Hosting.Lifetime","ApplicationName":"Barn.Api"}}
{"Timestamp":"2023-04-29T16:55:21.6813533+02:00","Level":"Information","MessageTemplate":"Hosting environment: {EnvName}","Properties":{"EnvName":"Development","SourceContext":"Microsoft.Hosting.Lifetime","ApplicationName":"Barn.Api"}}
{"Timestamp":"2023-04-29T16:55:21.6814074+02:00","Level":"Information","MessageTemplate":"Content root path: {ContentRoot}","Properties":{"ContentRoot":"C:\\Repos\\Birk.Bestillingsveiviser.Web\\Birk.Client.Bestilling","SourceContext":"Microsoft.Hosting.Lifetime","ApplicationName":"Barn.Api"}}
{"Timestamp":"2023-04-29T16:55:23.0269616+02:00","Level":"Information","MessageTemplate":"Entering {Method}","Properties":{"Method":"InitializeDropdownsAsync","SourceContext":"Birk.Client.Bestilling.Pages.Bestilling","ActionId":"01268005-a57b-490a-a7ad-cf22099628c8","ActionName":"/_Host","RequestId":"0HMQ8O70QGJFT:00000001","RequestPath":"/","ConnectionId":"0HMQ8O70QGJFT","ApplicationName":"Barn.Api","CorrelationId":"622f360b-f2cd-497e-90d3-42ece4f2243a"}}
{"Timestamp":"2023-04-29T16:55:23.0318095+02:00","Level":"Information","MessageTemplate":"Entering {Method}","Properties":{"Method":"GetTypes","SourceContext":"Birk.Client.Bestilling.Services.Implementation.KodeverkService","ActionId":"01268005-a57b-490a-a7ad-cf22099628c8","ActionName":"/_Host","RequestId":"0HMQ8O70QGJFT:00000001","RequestPath":"/","ConnectionId":"0HMQ8O70QGJFT","ApplicationName":"Barn.Api","CorrelationId":"622f360b-f2cd-497e-90d3-42ece4f2243a"}}
{"Timestamp":"2023-04-29T16:55:23.2787252+02:00","Level":"Information","MessageTemplate":"Exiting {Method}","Properties":{"Method":"InitializeDropdownsAsync","SourceContext":"Birk.Client.Bestilling.Pages.Bestilling","ActionId":"01268005-a57b-490a-a7ad-cf22099628c8","ActionName":"/_Host","RequestId":"0HMQ8O70QGJFT:00000001","RequestPath":"/","ConnectionId":"0HMQ8O70QGJFT","ApplicationName":"Barn.Api","CorrelationId":"622f360b-f2cd-497e-90d3-42ece4f2243a"}}
{"Timestamp":"2023-04-29T16:55:24.0108633+02:00","Level":"Information","MessageTemplate":"Entering {Method}","Properties":{"Method":"InitializeDropdownsAsync","SourceContext":"Birk.Client.Bestilling.Pages.Bestilling","TransportConnectionId":"INo_wqM5_XMVZVEjJT64zw","RequestId":"0HMQ8O70QGJFT:0000003D","RequestPath":"/_blazor","ConnectionId":"0HMQ8O70QGJFT","ApplicationName":"Barn.Api"}}
{"Timestamp":"2023-04-29T16:55:24.1317588+02:00","Level":"Information","MessageTemplate":"Entering {Method}","Properties":{"Method":"GetTypes","SourceContext":"Birk.Client.Bestilling.Services.Implementation.KodeverkService","TransportConnectionId":"INo_wqM5_XMVZVEjJT64zw","RequestId":"0HMQ8O70QGJFT:0000003D","RequestPath":"/_blazor","ConnectionId":"0HMQ8O70QGJFT","ApplicationName":"Barn.Api"}}
{"Timestamp":"2023-04-29T16:55:24.2150134+02:00","Level":"Information","MessageTemplate":"Exiting {Method}","Properties":{"Method":"InitializeDropdownsAsync","SourceContext":"Birk.Client.Bestilling.Pages.Bestilling","TransportConnectionId":"INo_wqM5_XMVZVEjJT64zw","RequestId":"0HMQ8O70QGJFT:0000003D","RequestPath":"/_blazor","ConnectionId":"0HMQ8O70QGJFT","ApplicationName":"Barn.Api"}}
{"Timestamp":"2023-04-29T16:55:32.3162491+02:00","Level":"Information","MessageTemplate":"Entering {Method}","Properties":{"Method":"GetKommunesAndBvtjenestes","SourceContext":"Birk.Client.Bestilling.Services.Implementation.KodeverkService","TransportConnectionId":"INo_wqM5_XMVZVEjJT64zw","RequestId":"0HMQ8O70QGJFT:0000003D","RequestPath":"/_blazor","ConnectionId":"0HMQ8O70QGJFT","ApplicationName":"Barn.Api"}}
{"Timestamp":"2023-04-29T16:55:35.4465332+02:00","Level":"Information","MessageTemplate":"Entering {Method}","Properties":{"Method":"GetBarnByFnr","SourceContext":"Birk.Client.Bestilling.Services.Implementation.BarnService","TransportConnectionId":"INo_wqM5_XMVZVEjJT64zw","RequestId":"0HMQ8O70QGJFT:0000003D","RequestPath":"/_blazor","ConnectionId":"0HMQ8O70QGJFT","ApplicationName":"Barn.Api"}}
{"Timestamp":"2023-04-29T16:55:40.7166901+02:00","Level":"Information","MessageTemplate":"Entering {Method}","Properties":{"Method":"GetBarnByFnr","SourceContext":"Birk.Client.Bestilling.Services.Implementation.BarnService","TransportConnectionId":"INo_wqM5_XMVZVEjJT64zw","RequestId":"0HMQ8O70QGJFT:0000003D","RequestPath":"/_blazor","ConnectionId":"0HMQ8O70QGJFT","ApplicationName":"Barn.Api"}}
{"Timestamp":"2023-04-29T16:55:56.5231180+02:00","Level":"Information","MessageTemplate":"Entering {Method}","Properties":{"Method":"GetBarnByFnr","SourceContext":"Birk.Client.Bestilling.Services.Implementation.BarnService","TransportConnectionId":"INo_wqM5_XMVZVEjJT64zw","RequestId":"0HMQ8O70QGJFT:0000003D","RequestPath":"/_blazor","ConnectionId":"0HMQ8O70QGJFT","ApplicationName":"Barn.Api"}}
{"Timestamp":"2023-04-29T16:56:31.3906791+02:00","Level":"Information","MessageTemplate":"Entering {Method}","Properties":{"Method":"GetBarnByFnr","SourceContext":"Birk.Client.Bestilling.Services.Implementation.BarnService","TransportConnectionId":"INo_wqM5_XMVZVEjJT64zw","RequestId":"0HMQ8O70QGJFT:0000003D","RequestPath":"/_blazor","ConnectionId":"0HMQ8O70QGJFT","ApplicationName":"Barn.Api"}}
