{"Timestamp":"2023-04-26T01:28:11.0973217+02:00","Level":"Information","MessageTemplate":"Now listening on: {address}","Properties":{"address":"https://localhost:5001","EventId":{"Id":14,"Name":"ListeningOnAddress"},"SourceContext":"Microsoft.Hosting.Lifetime","ApplicationName":"Barn.Api"}}
{"Timestamp":"2023-04-26T01:28:11.3667599+02:00","Level":"Information","MessageTemplate":"Now listening on: {address}","Properties":{"address":"http://localhost:5000","EventId":{"Id":14,"Name":"ListeningOnAddress"},"SourceContext":"Microsoft.Hosting.Lifetime","ApplicationName":"Barn.Api"}}
{"Timestamp":"2023-04-26T01:28:11.3691118+02:00","Level":"Information","MessageTemplate":"Application started. Press Ctrl+C to shut down.","Properties":{"SourceContext":"Microsoft.Hosting.Lifetime","ApplicationName":"Barn.Api"}}
{"Timestamp":"2023-04-26T01:28:11.3693427+02:00","Level":"Information","MessageTemplate":"Hosting environment: {EnvName}","Properties":{"EnvName":"Development","SourceContext":"Microsoft.Hosting.Lifetime","ApplicationName":"Barn.Api"}}
{"Timestamp":"2023-04-26T01:28:11.3694543+02:00","Level":"Information","MessageTemplate":"Content root path: {ContentRoot}","Properties":{"ContentRoot":"C:\\Repos\\Birk.Bestillingsveiviser.Web\\Birk.Client.Bestilling","SourceContext":"Microsoft.Hosting.Lifetime","ApplicationName":"Barn.Api"}}
{"Timestamp":"2023-04-26T01:28:12.5856874+02:00","Level":"Information","MessageTemplate":"Entering {Method}","Properties":{"Method":"InitializeDropdownsAsync","SourceContext":"Birk.Client.Bestilling.Pages.Bestilling","ActionId":"44764204-9d57-40dd-892b-4980a772831a","ActionName":"/_Host","RequestId":"0HMQ5SIU009IJ:00000001","RequestPath":"/","ConnectionId":"0HMQ5SIU009IJ","ApplicationName":"Barn.Api","CorrelationId":"685464e8-8f44-4ee5-b53d-515d5dd464bf"}}
{"Timestamp":"2023-04-26T01:28:12.5893613+02:00","Level":"Information","MessageTemplate":"Entering {Method}","Properties":{"Method":"GetTypes","SourceContext":"Birk.Client.Bestilling.Services.Implementation.KodeverkService","ActionId":"44764204-9d57-40dd-892b-4980a772831a","ActionName":"/_Host","RequestId":"0HMQ5SIU009IJ:00000001","RequestPath":"/","ConnectionId":"0HMQ5SIU009IJ","ApplicationName":"Barn.Api","CorrelationId":"685464e8-8f44-4ee5-b53d-515d5dd464bf"}}
{"Timestamp":"2023-04-26T01:28:18.6706302+02:00","Level":"Information","MessageTemplate":"Entering {Method}","Properties":{"Method":"InitializeDropdownsAsync","SourceContext":"Birk.Client.Bestilling.Pages.Bestilling","TransportConnectionId":"2xqlDQ0FXPfzKAGZAsL2Ww","RequestId":"0HMQ5SIU009IJ:0000003D","RequestPath":"/_blazor","ConnectionId":"0HMQ5SIU009IJ","ApplicationName":"Barn.Api"}}
{"Timestamp":"2023-04-26T01:28:18.7914850+02:00","Level":"Information","MessageTemplate":"Entering {Method}","Properties":{"Method":"GetTypes","SourceContext":"Birk.Client.Bestilling.Services.Implementation.KodeverkService","TransportConnectionId":"2xqlDQ0FXPfzKAGZAsL2Ww","RequestId":"0HMQ5SIU009IJ:0000003D","RequestPath":"/_blazor","ConnectionId":"0HMQ5SIU009IJ","ApplicationName":"Barn.Api"}}
{"Timestamp":"2023-04-26T01:28:18.9567566+02:00","Level":"Information","MessageTemplate":"Exiting {Method}","Properties":{"Method":"InitializeDropdownsAsync","SourceContext":"Birk.Client.Bestilling.Pages.Bestilling","TransportConnectionId":"2xqlDQ0FXPfzKAGZAsL2Ww","RequestId":"0HMQ5SIU009IJ:0000003D","RequestPath":"/_blazor","ConnectionId":"0HMQ5SIU009IJ","ApplicationName":"Barn.Api"}}
{"Timestamp":"2023-04-26T01:28:23.2616868+02:00","Level":"Information","MessageTemplate":"Entering {Method}","Properties":{"Method":"GetKommunesAndBvtjenestes","SourceContext":"Birk.Client.Bestilling.Services.Implementation.KodeverkService","TransportConnectionId":"2xqlDQ0FXPfzKAGZAsL2Ww","RequestId":"0HMQ5SIU009IJ:0000003D","RequestPath":"/_blazor","ConnectionId":"0HMQ5SIU009IJ","ApplicationName":"Barn.Api"}}
{"Timestamp":"2023-04-26T01:29:33.8587578+02:00","Level":"Information","MessageTemplate":"Now listening on: {address}","Properties":{"address":"https://localhost:5001","EventId":{"Id":14,"Name":"ListeningOnAddress"},"SourceContext":"Microsoft.Hosting.Lifetime","ApplicationName":"Barn.Api"}}
{"Timestamp":"2023-04-26T01:29:33.8919562+02:00","Level":"Information","MessageTemplate":"Now listening on: {address}","Properties":{"address":"http://localhost:5000","EventId":{"Id":14,"Name":"ListeningOnAddress"},"SourceContext":"Microsoft.Hosting.Lifetime","ApplicationName":"Barn.Api"}}
{"Timestamp":"2023-04-26T01:29:33.8935046+02:00","Level":"Information","MessageTemplate":"Application started. Press Ctrl+C to shut down.","Properties":{"SourceContext":"Microsoft.Hosting.Lifetime","ApplicationName":"Barn.Api"}}
{"Timestamp":"2023-04-26T01:29:33.8937251+02:00","Level":"Information","MessageTemplate":"Hosting environment: {EnvName}","Properties":{"EnvName":"Development","SourceContext":"Microsoft.Hosting.Lifetime","ApplicationName":"Barn.Api"}}
{"Timestamp":"2023-04-26T01:29:33.8937953+02:00","Level":"Information","MessageTemplate":"Content root path: {ContentRoot}","Properties":{"ContentRoot":"C:\\Repos\\Birk.Bestillingsveiviser.Web\\Birk.Client.Bestilling","SourceContext":"Microsoft.Hosting.Lifetime","ApplicationName":"Barn.Api"}}
{"Timestamp":"2023-04-26T01:29:35.1376439+02:00","Level":"Information","MessageTemplate":"Entering {Method}","Properties":{"Method":"InitializeDropdownsAsync","SourceContext":"Birk.Client.Bestilling.Pages.Bestilling","ActionId":"68845ea6-f220-49ad-b221-d3f9ccf54de5","ActionName":"/_Host","RequestId":"0HMQ5SJMLPQBO:00000001","RequestPath":"/","ConnectionId":"0HMQ5SJMLPQBO","ApplicationName":"Barn.Api","CorrelationId":"6bc0dc6f-5882-4f95-aaa0-051cc15193f4"}}
{"Timestamp":"2023-04-26T01:29:35.1409779+02:00","Level":"Information","MessageTemplate":"Entering {Method}","Properties":{"Method":"GetTypes","SourceContext":"Birk.Client.Bestilling.Services.Implementation.KodeverkService","ActionId":"68845ea6-f220-49ad-b221-d3f9ccf54de5","ActionName":"/_Host","RequestId":"0HMQ5SJMLPQBO:00000001","RequestPath":"/","ConnectionId":"0HMQ5SJMLPQBO","ApplicationName":"Barn.Api","CorrelationId":"6bc0dc6f-5882-4f95-aaa0-051cc15193f4"}}
{"Timestamp":"2023-04-26T01:29:35.3849141+02:00","Level":"Information","MessageTemplate":"Exiting {Method}","Properties":{"Method":"InitializeDropdownsAsync","SourceContext":"Birk.Client.Bestilling.Pages.Bestilling","ActionId":"68845ea6-f220-49ad-b221-d3f9ccf54de5","ActionName":"/_Host","RequestId":"0HMQ5SJMLPQBO:00000001","RequestPath":"/","ConnectionId":"0HMQ5SJMLPQBO","ApplicationName":"Barn.Api","CorrelationId":"6bc0dc6f-5882-4f95-aaa0-051cc15193f4"}}
{"Timestamp":"2023-04-26T01:29:36.2090969+02:00","Level":"Information","MessageTemplate":"Entering {Method}","Properties":{"Method":"InitializeDropdownsAsync","SourceContext":"Birk.Client.Bestilling.Pages.Bestilling","TransportConnectionId":"6lWB-ZWzXKgJyQxnaKbI_w","RequestId":"0HMQ5SJMLPQBO:0000003D","RequestPath":"/_blazor","ConnectionId":"0HMQ5SJMLPQBO","ApplicationName":"Barn.Api"}}
{"Timestamp":"2023-04-26T01:29:36.3623896+02:00","Level":"Information","MessageTemplate":"Entering {Method}","Properties":{"Method":"GetTypes","SourceContext":"Birk.Client.Bestilling.Services.Implementation.KodeverkService","TransportConnectionId":"6lWB-ZWzXKgJyQxnaKbI_w","RequestId":"0HMQ5SJMLPQBO:0000003D","RequestPath":"/_blazor","ConnectionId":"0HMQ5SJMLPQBO","ApplicationName":"Barn.Api"}}
{"Timestamp":"2023-04-26T01:29:36.4849177+02:00","Level":"Information","MessageTemplate":"Exiting {Method}","Properties":{"Method":"InitializeDropdownsAsync","SourceContext":"Birk.Client.Bestilling.Pages.Bestilling","TransportConnectionId":"6lWB-ZWzXKgJyQxnaKbI_w","RequestId":"0HMQ5SJMLPQBO:0000003D","RequestPath":"/_blazor","ConnectionId":"0HMQ5SJMLPQBO","ApplicationName":"Barn.Api"}}
{"Timestamp":"2023-04-26T01:29:39.3691167+02:00","Level":"Information","MessageTemplate":"Entering {Method}","Properties":{"Method":"GetKommunesAndBvtjenestes","SourceContext":"Birk.Client.Bestilling.Services.Implementation.KodeverkService","TransportConnectionId":"6lWB-ZWzXKgJyQxnaKbI_w","RequestId":"0HMQ5SJMLPQBO:0000003D","RequestPath":"/_blazor","ConnectionId":"0HMQ5SJMLPQBO","ApplicationName":"Barn.Api"}}
{"Timestamp":"2023-04-26T01:29:50.0848398+02:00","Level":"Information","MessageTemplate":"Entering {Method}","Properties":{"Method":"GetBarnByFnr","SourceContext":"Birk.Client.Bestilling.Services.Implementation.BarnService","TransportConnectionId":"6lWB-ZWzXKgJyQxnaKbI_w","RequestId":"0HMQ5SJMLPQBO:0000003D","RequestPath":"/_blazor","ConnectionId":"0HMQ5SJMLPQBO","ApplicationName":"Barn.Api"}}
{"Timestamp":"2023-04-26T01:31:10.0744276+02:00","Level":"Information","MessageTemplate":"Now listening on: {address}","Properties":{"address":"https://localhost:5001","EventId":{"Id":14,"Name":"ListeningOnAddress"},"SourceContext":"Microsoft.Hosting.Lifetime","ApplicationName":"Barn.Api"}}
{"Timestamp":"2023-04-26T01:31:10.4435794+02:00","Level":"Information","MessageTemplate":"Now listening on: {address}","Properties":{"address":"http://localhost:5000","EventId":{"Id":14,"Name":"ListeningOnAddress"},"SourceContext":"Microsoft.Hosting.Lifetime","ApplicationName":"Barn.Api"}}
{"Timestamp":"2023-04-26T01:31:10.4453905+02:00","Level":"Information","MessageTemplate":"Application started. Press Ctrl+C to shut down.","Properties":{"SourceContext":"Microsoft.Hosting.Lifetime","ApplicationName":"Barn.Api"}}
{"Timestamp":"2023-04-26T01:31:10.4455852+02:00","Level":"Information","MessageTemplate":"Hosting environment: {EnvName}","Properties":{"EnvName":"Development","SourceContext":"Microsoft.Hosting.Lifetime","ApplicationName":"Barn.Api"}}
{"Timestamp":"2023-04-26T01:31:10.4457465+02:00","Level":"Information","MessageTemplate":"Content root path: {ContentRoot}","Properties":{"ContentRoot":"C:\\Repos\\Birk.Bestillingsveiviser.Web\\Birk.Client.Bestilling","SourceContext":"Microsoft.Hosting.Lifetime","ApplicationName":"Barn.Api"}}
{"Timestamp":"2023-04-26T01:31:11.4129141+02:00","Level":"Information","MessageTemplate":"Entering {Method}","Properties":{"Method":"InitializeDropdownsAsync","SourceContext":"Birk.Client.Bestilling.Pages.Bestilling","ActionId":"cf67a26a-8c1f-43e0-bd10-b767206762c8","ActionName":"/_Host","RequestId":"0HMQ5SKJ9U7MA:00000001","RequestPath":"/","ConnectionId":"0HMQ5SKJ9U7MA","ApplicationName":"Barn.Api","CorrelationId":"a4784be8-dfc3-4b9e-bd50-c4ae4777f73c"}}
{"Timestamp":"2023-04-26T01:31:11.4167572+02:00","Level":"Information","MessageTemplate":"Entering {Method}","Properties":{"Method":"GetTypes","SourceContext":"Birk.Client.Bestilling.Services.Implementation.KodeverkService","ActionId":"cf67a26a-8c1f-43e0-bd10-b767206762c8","ActionName":"/_Host","RequestId":"0HMQ5SKJ9U7MA:00000001","RequestPath":"/","ConnectionId":"0HMQ5SKJ9U7MA","ApplicationName":"Barn.Api","CorrelationId":"a4784be8-dfc3-4b9e-bd50-c4ae4777f73c"}}
{"Timestamp":"2023-04-26T01:31:11.6894404+02:00","Level":"Information","MessageTemplate":"Exiting {Method}","Properties":{"Method":"InitializeDropdownsAsync","SourceContext":"Birk.Client.Bestilling.Pages.Bestilling","ActionId":"cf67a26a-8c1f-43e0-bd10-b767206762c8","ActionName":"/_Host","RequestId":"0HMQ5SKJ9U7MA:00000001","RequestPath":"/","ConnectionId":"0HMQ5SKJ9U7MA","ApplicationName":"Barn.Api","CorrelationId":"a4784be8-dfc3-4b9e-bd50-c4ae4777f73c"}}
{"Timestamp":"2023-04-26T01:31:12.4682588+02:00","Level":"Information","MessageTemplate":"Entering {Method}","Properties":{"Method":"InitializeDropdownsAsync","SourceContext":"Birk.Client.Bestilling.Pages.Bestilling","TransportConnectionId":"ifULcaJP_XfFwY5UKsbETA","RequestId":"0HMQ5SKJ9U7MA:0000003D","RequestPath":"/_blazor","ConnectionId":"0HMQ5SKJ9U7MA","ApplicationName":"Barn.Api"}}
{"Timestamp":"2023-04-26T01:31:12.5773062+02:00","Level":"Information","MessageTemplate":"Entering {Method}","Properties":{"Method":"GetTypes","SourceContext":"Birk.Client.Bestilling.Services.Implementation.KodeverkService","TransportConnectionId":"ifULcaJP_XfFwY5UKsbETA","RequestId":"0HMQ5SKJ9U7MA:0000003D","RequestPath":"/_blazor","ConnectionId":"0HMQ5SKJ9U7MA","ApplicationName":"Barn.Api"}}
{"Timestamp":"2023-04-26T01:31:12.6809277+02:00","Level":"Information","MessageTemplate":"Exiting {Method}","Properties":{"Method":"InitializeDropdownsAsync","SourceContext":"Birk.Client.Bestilling.Pages.Bestilling","TransportConnectionId":"ifULcaJP_XfFwY5UKsbETA","RequestId":"0HMQ5SKJ9U7MA:0000003D","RequestPath":"/_blazor","ConnectionId":"0HMQ5SKJ9U7MA","ApplicationName":"Barn.Api"}}
{"Timestamp":"2023-04-26T01:31:14.9028330+02:00","Level":"Information","MessageTemplate":"Entering {Method}","Properties":{"Method":"GetKommunesAndBvtjenestes","SourceContext":"Birk.Client.Bestilling.Services.Implementation.KodeverkService","TransportConnectionId":"ifULcaJP_XfFwY5UKsbETA","RequestId":"0HMQ5SKJ9U7MA:0000003D","RequestPath":"/_blazor","ConnectionId":"0HMQ5SKJ9U7MA","ApplicationName":"Barn.Api"}}
{"Timestamp":"2023-04-26T01:31:23.0657577+02:00","Level":"Information","MessageTemplate":"Entering {Method}","Properties":{"Method":"GetBarnByFnr","SourceContext":"Birk.Client.Bestilling.Services.Implementation.BarnService","TransportConnectionId":"ifULcaJP_XfFwY5UKsbETA","RequestId":"0HMQ5SKJ9U7MA:0000003D","RequestPath":"/_blazor","ConnectionId":"0HMQ5SKJ9U7MA","ApplicationName":"Barn.Api"}}
