{"Timestamp":"2023-05-03T09:18:11.9029520+02:00","Level":"Information","MessageTemplate":"Now listening on: {address}","Properties":{"address":"https://localhost:5001","EventId":{"Id":14,"Name":"ListeningOnAddress"},"SourceContext":"Microsoft.Hosting.Lifetime","ApplicationName":"Barn.Api"}}
{"Timestamp":"2023-05-03T09:18:11.9452283+02:00","Level":"Information","MessageTemplate":"Now listening on: {address}","Properties":{"address":"http://localhost:5000","EventId":{"Id":14,"Name":"ListeningOnAddress"},"SourceContext":"Microsoft.Hosting.Lifetime","ApplicationName":"Barn.Api"}}
{"Timestamp":"2023-05-03T09:18:11.9472441+02:00","Level":"Information","MessageTemplate":"Application started. Press Ctrl+C to shut down.","Properties":{"SourceContext":"Microsoft.Hosting.Lifetime","ApplicationName":"Barn.Api"}}
{"Timestamp":"2023-05-03T09:18:11.9474969+02:00","Level":"Information","MessageTemplate":"Hosting environment: {EnvName}","Properties":{"EnvName":"Development","SourceContext":"Microsoft.Hosting.Lifetime","ApplicationName":"Barn.Api"}}
{"Timestamp":"2023-05-03T09:18:11.9475818+02:00","Level":"Information","MessageTemplate":"Content root path: {ContentRoot}","Properties":{"ContentRoot":"C:\\Repos\\Birk.Bestillingsveiviser.Web\\Birk.Client.Bestilling","SourceContext":"Microsoft.Hosting.Lifetime","ApplicationName":"Barn.Api"}}
{"Timestamp":"2023-05-03T09:18:13.5397972+02:00","Level":"Information","MessageTemplate":"Entering {Method}","Properties":{"Method":"InitializeDropdownsAsync","SourceContext":"Birk.Client.Bestilling.Pages.Bestilling","ActionId":"b12d02ea-f81c-4276-a8ec-252fcbfff385","ActionName":"/_Host","RequestId":"0HMQBKQ6UMP18:00000001","RequestPath":"/","ConnectionId":"0HMQBKQ6UMP18","ApplicationName":"Barn.Api","CorrelationId":"1acf789d-451e-4d6f-9ab0-ade2fd25b77c"}}
{"Timestamp":"2023-05-03T09:18:13.5432563+02:00","Level":"Information","MessageTemplate":"Entering {Method}","Properties":{"Method":"GetTypes","SourceContext":"Birk.Client.Bestilling.Services.Implementation.KodeverkService","ActionId":"b12d02ea-f81c-4276-a8ec-252fcbfff385","ActionName":"/_Host","RequestId":"0HMQBKQ6UMP18:00000001","RequestPath":"/","ConnectionId":"0HMQBKQ6UMP18","ApplicationName":"Barn.Api","CorrelationId":"1acf789d-451e-4d6f-9ab0-ade2fd25b77c"}}
{"Timestamp":"2023-05-03T09:18:16.5670919+02:00","Level":"Information","MessageTemplate":"Exiting {Method}","Properties":{"Method":"InitializeDropdownsAsync","SourceContext":"Birk.Client.Bestilling.Pages.Bestilling","ActionId":"b12d02ea-f81c-4276-a8ec-252fcbfff385","ActionName":"/_Host","RequestId":"0HMQBKQ6UMP18:00000001","RequestPath":"/","ConnectionId":"0HMQBKQ6UMP18","ApplicationName":"Barn.Api","CorrelationId":"1acf789d-451e-4d6f-9ab0-ade2fd25b77c"}}
{"Timestamp":"2023-05-03T09:18:17.4369657+02:00","Level":"Information","MessageTemplate":"Entering {Method}","Properties":{"Method":"InitializeDropdownsAsync","SourceContext":"Birk.Client.Bestilling.Pages.Bestilling","TransportConnectionId":"Kqr6HC89ITDxknxUvFI0UA","RequestId":"0HMQBKQ6UMP18:0000003D","RequestPath":"/_blazor","ConnectionId":"0HMQBKQ6UMP18","ApplicationName":"Barn.Api"}}
{"Timestamp":"2023-05-03T09:18:17.5756995+02:00","Level":"Information","MessageTemplate":"Entering {Method}","Properties":{"Method":"GetTypes","SourceContext":"Birk.Client.Bestilling.Services.Implementation.KodeverkService","TransportConnectionId":"Kqr6HC89ITDxknxUvFI0UA","RequestId":"0HMQBKQ6UMP18:0000003D","RequestPath":"/_blazor","ConnectionId":"0HMQBKQ6UMP18","ApplicationName":"Barn.Api"}}
{"Timestamp":"2023-05-03T09:18:17.6958724+02:00","Level":"Information","MessageTemplate":"Exiting {Method}","Properties":{"Method":"InitializeDropdownsAsync","SourceContext":"Birk.Client.Bestilling.Pages.Bestilling","TransportConnectionId":"Kqr6HC89ITDxknxUvFI0UA","RequestId":"0HMQBKQ6UMP18:0000003D","RequestPath":"/_blazor","ConnectionId":"0HMQBKQ6UMP18","ApplicationName":"Barn.Api"}}
{"Timestamp":"2023-05-03T09:18:24.0034286+02:00","Level":"Information","MessageTemplate":"Entering {Method}","Properties":{"Method":"GetKommunesAndBvtjenestes","SourceContext":"Birk.Client.Bestilling.Services.Implementation.KodeverkService","TransportConnectionId":"Kqr6HC89ITDxknxUvFI0UA","RequestId":"0HMQBKQ6UMP18:0000003D","RequestPath":"/_blazor","ConnectionId":"0HMQBKQ6UMP18","ApplicationName":"Barn.Api"}}
{"Timestamp":"2023-05-03T09:18:32.2156226+02:00","Level":"Information","MessageTemplate":"Entering {Method}","Properties":{"Method":"GetBarnByFnr","SourceContext":"Birk.Client.Bestilling.Services.Implementation.BarnService","TransportConnectionId":"Kqr6HC89ITDxknxUvFI0UA","RequestId":"0HMQBKQ6UMP18:0000003D","RequestPath":"/_blazor","ConnectionId":"0HMQBKQ6UMP18","ApplicationName":"Barn.Api"}}
{"Timestamp":"2023-05-03T09:19:54.6599846+02:00","Level":"Information","MessageTemplate":"Now listening on: {address}","Properties":{"address":"https://localhost:5001","EventId":{"Id":14,"Name":"ListeningOnAddress"},"SourceContext":"Microsoft.Hosting.Lifetime","ApplicationName":"Barn.Api"}}
{"Timestamp":"2023-05-03T09:19:54.7103809+02:00","Level":"Information","MessageTemplate":"Now listening on: {address}","Properties":{"address":"http://localhost:5000","EventId":{"Id":14,"Name":"ListeningOnAddress"},"SourceContext":"Microsoft.Hosting.Lifetime","ApplicationName":"Barn.Api"}}
{"Timestamp":"2023-05-03T09:19:54.7122298+02:00","Level":"Information","MessageTemplate":"Application started. Press Ctrl+C to shut down.","Properties":{"SourceContext":"Microsoft.Hosting.Lifetime","ApplicationName":"Barn.Api"}}
{"Timestamp":"2023-05-03T09:19:54.7124502+02:00","Level":"Information","MessageTemplate":"Hosting environment: {EnvName}","Properties":{"EnvName":"Development","SourceContext":"Microsoft.Hosting.Lifetime","ApplicationName":"Barn.Api"}}
{"Timestamp":"2023-05-03T09:19:54.7125293+02:00","Level":"Information","MessageTemplate":"Content root path: {ContentRoot}","Properties":{"ContentRoot":"C:\\Repos\\Birk.Bestillingsveiviser.Web\\Birk.Client.Bestilling","SourceContext":"Microsoft.Hosting.Lifetime","ApplicationName":"Barn.Api"}}
{"Timestamp":"2023-05-03T09:19:56.0690919+02:00","Level":"Information","MessageTemplate":"Entering {Method}","Properties":{"Method":"InitializeDropdownsAsync","SourceContext":"Birk.Client.Bestilling.Pages.Bestilling","ActionId":"6e94b9de-71d9-493c-9316-7fb9b4c1b5dd","ActionName":"/_Host","RequestId":"0HMQBKR5J3F3B:00000001","RequestPath":"/","ConnectionId":"0HMQBKR5J3F3B","ApplicationName":"Barn.Api","CorrelationId":"f20d73fc-9cd0-417f-abf6-9f49da5a4e28"}}
{"Timestamp":"2023-05-03T09:19:56.0776550+02:00","Level":"Information","MessageTemplate":"Entering {Method}","Properties":{"Method":"GetTypes","SourceContext":"Birk.Client.Bestilling.Services.Implementation.KodeverkService","ActionId":"6e94b9de-71d9-493c-9316-7fb9b4c1b5dd","ActionName":"/_Host","RequestId":"0HMQBKR5J3F3B:00000001","RequestPath":"/","ConnectionId":"0HMQBKR5J3F3B","ApplicationName":"Barn.Api","CorrelationId":"f20d73fc-9cd0-417f-abf6-9f49da5a4e28"}}
{"Timestamp":"2023-05-03T09:19:56.2859004+02:00","Level":"Information","MessageTemplate":"Exiting {Method}","Properties":{"Method":"InitializeDropdownsAsync","SourceContext":"Birk.Client.Bestilling.Pages.Bestilling","ActionId":"6e94b9de-71d9-493c-9316-7fb9b4c1b5dd","ActionName":"/_Host","RequestId":"0HMQBKR5J3F3B:00000001","RequestPath":"/","ConnectionId":"0HMQBKR5J3F3B","ApplicationName":"Barn.Api","CorrelationId":"f20d73fc-9cd0-417f-abf6-9f49da5a4e28"}}
{"Timestamp":"2023-05-03T09:19:57.1300861+02:00","Level":"Information","MessageTemplate":"Entering {Method}","Properties":{"Method":"InitializeDropdownsAsync","SourceContext":"Birk.Client.Bestilling.Pages.Bestilling","TransportConnectionId":"UhZosJYntEirJH11Crufcg","RequestId":"0HMQBKR5J3F3B:0000003D","RequestPath":"/_blazor","ConnectionId":"0HMQBKR5J3F3B","ApplicationName":"Barn.Api"}}
{"Timestamp":"2023-05-03T09:19:57.2900700+02:00","Level":"Information","MessageTemplate":"Entering {Method}","Properties":{"Method":"GetTypes","SourceContext":"Birk.Client.Bestilling.Services.Implementation.KodeverkService","TransportConnectionId":"UhZosJYntEirJH11Crufcg","RequestId":"0HMQBKR5J3F3B:0000003D","RequestPath":"/_blazor","ConnectionId":"0HMQBKR5J3F3B","ApplicationName":"Barn.Api"}}
{"Timestamp":"2023-05-03T09:19:57.4161847+02:00","Level":"Information","MessageTemplate":"Exiting {Method}","Properties":{"Method":"InitializeDropdownsAsync","SourceContext":"Birk.Client.Bestilling.Pages.Bestilling","TransportConnectionId":"UhZosJYntEirJH11Crufcg","RequestId":"0HMQBKR5J3F3B:0000003D","RequestPath":"/_blazor","ConnectionId":"0HMQBKR5J3F3B","ApplicationName":"Barn.Api"}}
{"Timestamp":"2023-05-03T09:20:02.4809075+02:00","Level":"Information","MessageTemplate":"Entering {Method}","Properties":{"Method":"GetKommunesAndBvtjenestes","SourceContext":"Birk.Client.Bestilling.Services.Implementation.KodeverkService","TransportConnectionId":"UhZosJYntEirJH11Crufcg","RequestId":"0HMQBKR5J3F3B:0000003D","RequestPath":"/_blazor","ConnectionId":"0HMQBKR5J3F3B","ApplicationName":"Barn.Api"}}
{"Timestamp":"2023-05-03T09:20:10.3248955+02:00","Level":"Information","MessageTemplate":"Entering {Method}","Properties":{"Method":"GetBarnByFnr","SourceContext":"Birk.Client.Bestilling.Services.Implementation.BarnService","TransportConnectionId":"UhZosJYntEirJH11Crufcg","RequestId":"0HMQBKR5J3F3B:0000003D","RequestPath":"/_blazor","ConnectionId":"0HMQBKR5J3F3B","ApplicationName":"Barn.Api"}}
{"Timestamp":"2023-05-03T16:37:17.3105150+02:00","Level":"Information","MessageTemplate":"Now listening on: {address}","Properties":{"address":"https://localhost:5001","EventId":{"Id":14,"Name":"ListeningOnAddress"},"SourceContext":"Microsoft.Hosting.Lifetime","ApplicationName":"Barn.Api"}}
{"Timestamp":"2023-05-03T16:37:17.3411397+02:00","Level":"Information","MessageTemplate":"Now listening on: {address}","Properties":{"address":"http://localhost:5000","EventId":{"Id":14,"Name":"ListeningOnAddress"},"SourceContext":"Microsoft.Hosting.Lifetime","ApplicationName":"Barn.Api"}}
{"Timestamp":"2023-05-03T16:37:17.3427907+02:00","Level":"Information","MessageTemplate":"Application started. Press Ctrl+C to shut down.","Properties":{"SourceContext":"Microsoft.Hosting.Lifetime","ApplicationName":"Barn.Api"}}
{"Timestamp":"2023-05-03T16:37:17.3430197+02:00","Level":"Information","MessageTemplate":"Hosting environment: {EnvName}","Properties":{"EnvName":"Development","SourceContext":"Microsoft.Hosting.Lifetime","ApplicationName":"Barn.Api"}}
{"Timestamp":"2023-05-03T16:37:17.3430811+02:00","Level":"Information","MessageTemplate":"Content root path: {ContentRoot}","Properties":{"ContentRoot":"C:\\Repos\\Birk.Bestillingsveiviser.Web\\Birk.Client.Bestilling","SourceContext":"Microsoft.Hosting.Lifetime","ApplicationName":"Barn.Api"}}
{"Timestamp":"2023-05-03T16:37:18.8479587+02:00","Level":"Information","MessageTemplate":"Entering {Method}","Properties":{"Method":"InitializeDropdownsAsync","SourceContext":"Birk.Client.Bestilling.Pages.Bestilling","ActionId":"3a4c0627-3dd2-4407-b44a-e0a7368b6005","ActionName":"/_Host","RequestId":"0HMQBSFIJBSAV:00000001","RequestPath":"/","ConnectionId":"0HMQBSFIJBSAV","ApplicationName":"Barn.Api","CorrelationId":"e1129922-76a5-4472-8ec0-d9d5f35b5d63"}}
{"Timestamp":"2023-05-03T16:37:18.8511217+02:00","Level":"Information","MessageTemplate":"Entering {Method}","Properties":{"Method":"GetTypes","SourceContext":"Birk.Client.Bestilling.Services.Implementation.KodeverkService","ActionId":"3a4c0627-3dd2-4407-b44a-e0a7368b6005","ActionName":"/_Host","RequestId":"0HMQBSFIJBSAV:00000001","RequestPath":"/","ConnectionId":"0HMQBSFIJBSAV","ApplicationName":"Barn.Api","CorrelationId":"e1129922-76a5-4472-8ec0-d9d5f35b5d63"}}
{"Timestamp":"2023-05-03T16:37:22.5776293+02:00","Level":"Information","MessageTemplate":"Exiting {Method}","Properties":{"Method":"InitializeDropdownsAsync","SourceContext":"Birk.Client.Bestilling.Pages.Bestilling","ActionId":"3a4c0627-3dd2-4407-b44a-e0a7368b6005","ActionName":"/_Host","RequestId":"0HMQBSFIJBSAV:00000001","RequestPath":"/","ConnectionId":"0HMQBSFIJBSAV","ApplicationName":"Barn.Api","CorrelationId":"e1129922-76a5-4472-8ec0-d9d5f35b5d63"}}
{"Timestamp":"2023-05-03T16:37:23.2831806+02:00","Level":"Information","MessageTemplate":"Entering {Method}","Properties":{"Method":"InitializeDropdownsAsync","SourceContext":"Birk.Client.Bestilling.Pages.Bestilling","TransportConnectionId":"GcTvr63uvPQBRx2WjzdLww","RequestId":"0HMQBSFIJBSAV:0000003D","RequestPath":"/_blazor","ConnectionId":"0HMQBSFIJBSAV","ApplicationName":"Barn.Api"}}
{"Timestamp":"2023-05-03T16:37:23.3909258+02:00","Level":"Information","MessageTemplate":"Entering {Method}","Properties":{"Method":"GetTypes","SourceContext":"Birk.Client.Bestilling.Services.Implementation.KodeverkService","TransportConnectionId":"GcTvr63uvPQBRx2WjzdLww","RequestId":"0HMQBSFIJBSAV:0000003D","RequestPath":"/_blazor","ConnectionId":"0HMQBSFIJBSAV","ApplicationName":"Barn.Api"}}
{"Timestamp":"2023-05-03T16:37:23.4955352+02:00","Level":"Information","MessageTemplate":"Exiting {Method}","Properties":{"Method":"InitializeDropdownsAsync","SourceContext":"Birk.Client.Bestilling.Pages.Bestilling","TransportConnectionId":"GcTvr63uvPQBRx2WjzdLww","RequestId":"0HMQBSFIJBSAV:0000003D","RequestPath":"/_blazor","ConnectionId":"0HMQBSFIJBSAV","ApplicationName":"Barn.Api"}}
{"Timestamp":"2023-05-03T16:37:32.9648373+02:00","Level":"Information","MessageTemplate":"Entering {Method}","Properties":{"Method":"GetKommunesAndBvtjenestes","SourceContext":"Birk.Client.Bestilling.Services.Implementation.KodeverkService","TransportConnectionId":"GcTvr63uvPQBRx2WjzdLww","RequestId":"0HMQBSFIJBSAV:0000003D","RequestPath":"/_blazor","ConnectionId":"0HMQBSFIJBSAV","ApplicationName":"Barn.Api"}}
{"Timestamp":"2023-05-03T16:37:54.5110564+02:00","Level":"Information","MessageTemplate":"Entering {Method}","Properties":{"Method":"GetBarnByFnr","SourceContext":"Birk.Client.Bestilling.Services.Implementation.BarnService","TransportConnectionId":"GcTvr63uvPQBRx2WjzdLww","RequestId":"0HMQBSFIJBSAV:0000003D","RequestPath":"/_blazor","ConnectionId":"0HMQBSFIJBSAV","ApplicationName":"Barn.Api"}}
{"Timestamp":"2023-05-03T16:40:27.1387416+02:00","Level":"Information","MessageTemplate":"Now listening on: {address}","Properties":{"address":"https://localhost:5001","EventId":{"Id":14,"Name":"ListeningOnAddress"},"SourceContext":"Microsoft.Hosting.Lifetime","ApplicationName":"Barn.Api"}}
{"Timestamp":"2023-05-03T16:40:27.1736876+02:00","Level":"Information","MessageTemplate":"Now listening on: {address}","Properties":{"address":"http://localhost:5000","EventId":{"Id":14,"Name":"ListeningOnAddress"},"SourceContext":"Microsoft.Hosting.Lifetime","ApplicationName":"Barn.Api"}}
{"Timestamp":"2023-05-03T16:40:27.1757096+02:00","Level":"Information","MessageTemplate":"Application started. Press Ctrl+C to shut down.","Properties":{"SourceContext":"Microsoft.Hosting.Lifetime","ApplicationName":"Barn.Api"}}
{"Timestamp":"2023-05-03T16:40:27.1758969+02:00","Level":"Information","MessageTemplate":"Hosting environment: {EnvName}","Properties":{"EnvName":"Development","SourceContext":"Microsoft.Hosting.Lifetime","ApplicationName":"Barn.Api"}}
{"Timestamp":"2023-05-03T16:40:27.1759575+02:00","Level":"Information","MessageTemplate":"Content root path: {ContentRoot}","Properties":{"ContentRoot":"C:\\Repos\\Birk.Bestillingsveiviser.Web\\Birk.Client.Bestilling","SourceContext":"Microsoft.Hosting.Lifetime","ApplicationName":"Barn.Api"}}
{"Timestamp":"2023-05-03T16:40:28.6518578+02:00","Level":"Information","MessageTemplate":"Entering {Method}","Properties":{"Method":"InitializeDropdownsAsync","SourceContext":"Birk.Client.Bestilling.Pages.Bestilling","ActionId":"bef326c0-47ab-43f2-80e9-82a53eb10e04","ActionName":"/_Host","RequestId":"0HMQBSHB58UJM:00000001","RequestPath":"/","ConnectionId":"0HMQBSHB58UJM","ApplicationName":"Barn.Api","CorrelationId":"d86165bf-5db0-43a9-b2b1-808d130e3747"}}
{"Timestamp":"2023-05-03T16:40:28.6557409+02:00","Level":"Information","MessageTemplate":"Entering {Method}","Properties":{"Method":"GetTypes","SourceContext":"Birk.Client.Bestilling.Services.Implementation.KodeverkService","ActionId":"bef326c0-47ab-43f2-80e9-82a53eb10e04","ActionName":"/_Host","RequestId":"0HMQBSHB58UJM:00000001","RequestPath":"/","ConnectionId":"0HMQBSHB58UJM","ApplicationName":"Barn.Api","CorrelationId":"d86165bf-5db0-43a9-b2b1-808d130e3747"}}
{"Timestamp":"2023-05-03T16:40:28.8514637+02:00","Level":"Information","MessageTemplate":"Exiting {Method}","Properties":{"Method":"InitializeDropdownsAsync","SourceContext":"Birk.Client.Bestilling.Pages.Bestilling","ActionId":"bef326c0-47ab-43f2-80e9-82a53eb10e04","ActionName":"/_Host","RequestId":"0HMQBSHB58UJM:00000001","RequestPath":"/","ConnectionId":"0HMQBSHB58UJM","ApplicationName":"Barn.Api","CorrelationId":"d86165bf-5db0-43a9-b2b1-808d130e3747"}}
{"Timestamp":"2023-05-03T16:40:29.5947618+02:00","Level":"Information","MessageTemplate":"Entering {Method}","Properties":{"Method":"InitializeDropdownsAsync","SourceContext":"Birk.Client.Bestilling.Pages.Bestilling","TransportConnectionId":"fNOvZJ_0bjzogj9b4LvTLQ","RequestId":"0HMQBSHB58UJM:0000003D","RequestPath":"/_blazor","ConnectionId":"0HMQBSHB58UJM","ApplicationName":"Barn.Api"}}
{"Timestamp":"2023-05-03T16:40:29.6908983+02:00","Level":"Information","MessageTemplate":"Entering {Method}","Properties":{"Method":"GetTypes","SourceContext":"Birk.Client.Bestilling.Services.Implementation.KodeverkService","TransportConnectionId":"fNOvZJ_0bjzogj9b4LvTLQ","RequestId":"0HMQBSHB58UJM:0000003D","RequestPath":"/_blazor","ConnectionId":"0HMQBSHB58UJM","ApplicationName":"Barn.Api"}}
{"Timestamp":"2023-05-03T16:40:29.7734131+02:00","Level":"Information","MessageTemplate":"Exiting {Method}","Properties":{"Method":"InitializeDropdownsAsync","SourceContext":"Birk.Client.Bestilling.Pages.Bestilling","TransportConnectionId":"fNOvZJ_0bjzogj9b4LvTLQ","RequestId":"0HMQBSHB58UJM:0000003D","RequestPath":"/_blazor","ConnectionId":"0HMQBSHB58UJM","ApplicationName":"Barn.Api"}}
{"Timestamp":"2023-05-03T16:40:36.2170443+02:00","Level":"Information","MessageTemplate":"Entering {Method}","Properties":{"Method":"GetKommunesAndBvtjenestes","SourceContext":"Birk.Client.Bestilling.Services.Implementation.KodeverkService","TransportConnectionId":"fNOvZJ_0bjzogj9b4LvTLQ","RequestId":"0HMQBSHB58UJM:0000003D","RequestPath":"/_blazor","ConnectionId":"0HMQBSHB58UJM","ApplicationName":"Barn.Api"}}
{"Timestamp":"2023-05-03T16:41:55.4883391+02:00","Level":"Information","MessageTemplate":"Now listening on: {address}","Properties":{"address":"https://localhost:5001","EventId":{"Id":14,"Name":"ListeningOnAddress"},"SourceContext":"Microsoft.Hosting.Lifetime","ApplicationName":"Barn.Api"}}
{"Timestamp":"2023-05-03T16:41:55.5316209+02:00","Level":"Information","MessageTemplate":"Now listening on: {address}","Properties":{"address":"http://localhost:5000","EventId":{"Id":14,"Name":"ListeningOnAddress"},"SourceContext":"Microsoft.Hosting.Lifetime","ApplicationName":"Barn.Api"}}
{"Timestamp":"2023-05-03T16:41:55.5333523+02:00","Level":"Information","MessageTemplate":"Application started. Press Ctrl+C to shut down.","Properties":{"SourceContext":"Microsoft.Hosting.Lifetime","ApplicationName":"Barn.Api"}}
{"Timestamp":"2023-05-03T16:41:55.5335699+02:00","Level":"Information","MessageTemplate":"Hosting environment: {EnvName}","Properties":{"EnvName":"Development","SourceContext":"Microsoft.Hosting.Lifetime","ApplicationName":"Barn.Api"}}
{"Timestamp":"2023-05-03T16:41:55.5337338+02:00","Level":"Information","MessageTemplate":"Content root path: {ContentRoot}","Properties":{"ContentRoot":"C:\\Repos\\Birk.Bestillingsveiviser.Web\\Birk.Client.Bestilling","SourceContext":"Microsoft.Hosting.Lifetime","ApplicationName":"Barn.Api"}}
{"Timestamp":"2023-05-03T16:41:56.8584935+02:00","Level":"Information","MessageTemplate":"Entering {Method}","Properties":{"Method":"InitializeDropdownsAsync","SourceContext":"Birk.Client.Bestilling.Pages.Bestilling","ActionId":"c7d90da2-7a8d-48b3-aecd-2b7ae8285cb2","ActionName":"/_Host","RequestId":"0HMQBSI5EO56R:00000001","RequestPath":"/","ConnectionId":"0HMQBSI5EO56R","ApplicationName":"Barn.Api","CorrelationId":"f700bd7e-28f4-4f43-b3e3-44eda0c2dc39"}}
{"Timestamp":"2023-05-03T16:41:56.8617527+02:00","Level":"Information","MessageTemplate":"Entering {Method}","Properties":{"Method":"GetTypes","SourceContext":"Birk.Client.Bestilling.Services.Implementation.KodeverkService","ActionId":"c7d90da2-7a8d-48b3-aecd-2b7ae8285cb2","ActionName":"/_Host","RequestId":"0HMQBSI5EO56R:00000001","RequestPath":"/","ConnectionId":"0HMQBSI5EO56R","ApplicationName":"Barn.Api","CorrelationId":"f700bd7e-28f4-4f43-b3e3-44eda0c2dc39"}}
{"Timestamp":"2023-05-03T16:41:57.0782008+02:00","Level":"Information","MessageTemplate":"Exiting {Method}","Properties":{"Method":"InitializeDropdownsAsync","SourceContext":"Birk.Client.Bestilling.Pages.Bestilling","ActionId":"c7d90da2-7a8d-48b3-aecd-2b7ae8285cb2","ActionName":"/_Host","RequestId":"0HMQBSI5EO56R:00000001","RequestPath":"/","ConnectionId":"0HMQBSI5EO56R","ApplicationName":"Barn.Api","CorrelationId":"f700bd7e-28f4-4f43-b3e3-44eda0c2dc39"}}
{"Timestamp":"2023-05-03T16:41:57.7787548+02:00","Level":"Information","MessageTemplate":"Entering {Method}","Properties":{"Method":"InitializeDropdownsAsync","SourceContext":"Birk.Client.Bestilling.Pages.Bestilling","TransportConnectionId":"-AfH42QzMhbraQCs1nJ-2g","RequestId":"0HMQBSI5EO56R:0000003D","RequestPath":"/_blazor","ConnectionId":"0HMQBSI5EO56R","ApplicationName":"Barn.Api"}}
{"Timestamp":"2023-05-03T16:41:57.8967708+02:00","Level":"Information","MessageTemplate":"Entering {Method}","Properties":{"Method":"GetTypes","SourceContext":"Birk.Client.Bestilling.Services.Implementation.KodeverkService","TransportConnectionId":"-AfH42QzMhbraQCs1nJ-2g","RequestId":"0HMQBSI5EO56R:0000003D","RequestPath":"/_blazor","ConnectionId":"0HMQBSI5EO56R","ApplicationName":"Barn.Api"}}
{"Timestamp":"2023-05-03T16:41:57.9835442+02:00","Level":"Information","MessageTemplate":"Exiting {Method}","Properties":{"Method":"InitializeDropdownsAsync","SourceContext":"Birk.Client.Bestilling.Pages.Bestilling","TransportConnectionId":"-AfH42QzMhbraQCs1nJ-2g","RequestId":"0HMQBSI5EO56R:0000003D","RequestPath":"/_blazor","ConnectionId":"0HMQBSI5EO56R","ApplicationName":"Barn.Api"}}
{"Timestamp":"2023-05-03T16:42:03.1697334+02:00","Level":"Information","MessageTemplate":"Entering {Method}","Properties":{"Method":"GetKommunesAndBvtjenestes","SourceContext":"Birk.Client.Bestilling.Services.Implementation.KodeverkService","TransportConnectionId":"-AfH42QzMhbraQCs1nJ-2g","RequestId":"0HMQBSI5EO56R:0000003D","RequestPath":"/_blazor","ConnectionId":"0HMQBSI5EO56R","ApplicationName":"Barn.Api"}}
{"Timestamp":"2023-05-03T16:44:24.9464621+02:00","Level":"Information","MessageTemplate":"Now listening on: {address}","Properties":{"address":"https://localhost:5001","EventId":{"Id":14,"Name":"ListeningOnAddress"},"SourceContext":"Microsoft.Hosting.Lifetime","ApplicationName":"Barn.Api"}}
{"Timestamp":"2023-05-03T16:44:24.9752834+02:00","Level":"Information","MessageTemplate":"Now listening on: {address}","Properties":{"address":"http://localhost:5000","EventId":{"Id":14,"Name":"ListeningOnAddress"},"SourceContext":"Microsoft.Hosting.Lifetime","ApplicationName":"Barn.Api"}}
{"Timestamp":"2023-05-03T16:44:24.9765414+02:00","Level":"Information","MessageTemplate":"Application started. Press Ctrl+C to shut down.","Properties":{"SourceContext":"Microsoft.Hosting.Lifetime","ApplicationName":"Barn.Api"}}
{"Timestamp":"2023-05-03T16:44:24.9767106+02:00","Level":"Information","MessageTemplate":"Hosting environment: {EnvName}","Properties":{"EnvName":"Development","SourceContext":"Microsoft.Hosting.Lifetime","ApplicationName":"Barn.Api"}}
{"Timestamp":"2023-05-03T16:44:24.9767695+02:00","Level":"Information","MessageTemplate":"Content root path: {ContentRoot}","Properties":{"ContentRoot":"C:\\Repos\\Birk.Bestillingsveiviser.Web\\Birk.Client.Bestilling","SourceContext":"Microsoft.Hosting.Lifetime","ApplicationName":"Barn.Api"}}
{"Timestamp":"2023-05-03T16:44:26.2846489+02:00","Level":"Information","MessageTemplate":"Entering {Method}","Properties":{"Method":"InitializeDropdownsAsync","SourceContext":"Birk.Client.Bestilling.Pages.Bestilling","ActionId":"090c033e-f577-4d0d-a0b3-518233b736f6","ActionName":"/_Host","RequestId":"0HMQBSJHVHSCP:00000001","RequestPath":"/","ConnectionId":"0HMQBSJHVHSCP","ApplicationName":"Barn.Api","CorrelationId":"f6ce61c0-c6e6-4efd-87b3-871de8da0307"}}
{"Timestamp":"2023-05-03T16:44:26.2879371+02:00","Level":"Information","MessageTemplate":"Entering {Method}","Properties":{"Method":"GetTypes","SourceContext":"Birk.Client.Bestilling.Services.Implementation.KodeverkService","ActionId":"090c033e-f577-4d0d-a0b3-518233b736f6","ActionName":"/_Host","RequestId":"0HMQBSJHVHSCP:00000001","RequestPath":"/","ConnectionId":"0HMQBSJHVHSCP","ApplicationName":"Barn.Api","CorrelationId":"f6ce61c0-c6e6-4efd-87b3-871de8da0307"}}
{"Timestamp":"2023-05-03T16:44:26.4966173+02:00","Level":"Information","MessageTemplate":"Exiting {Method}","Properties":{"Method":"InitializeDropdownsAsync","SourceContext":"Birk.Client.Bestilling.Pages.Bestilling","ActionId":"090c033e-f577-4d0d-a0b3-518233b736f6","ActionName":"/_Host","RequestId":"0HMQBSJHVHSCP:00000001","RequestPath":"/","ConnectionId":"0HMQBSJHVHSCP","ApplicationName":"Barn.Api","CorrelationId":"f6ce61c0-c6e6-4efd-87b3-871de8da0307"}}
{"Timestamp":"2023-05-03T16:44:27.3168643+02:00","Level":"Information","MessageTemplate":"Entering {Method}","Properties":{"Method":"InitializeDropdownsAsync","SourceContext":"Birk.Client.Bestilling.Pages.Bestilling","TransportConnectionId":"PNEEE5VSZljXtah1Lzs9wQ","RequestId":"0HMQBSJHVHSCP:0000003D","RequestPath":"/_blazor","ConnectionId":"0HMQBSJHVHSCP","ApplicationName":"Barn.Api"}}
{"Timestamp":"2023-05-03T16:44:27.4739113+02:00","Level":"Information","MessageTemplate":"Entering {Method}","Properties":{"Method":"GetTypes","SourceContext":"Birk.Client.Bestilling.Services.Implementation.KodeverkService","TransportConnectionId":"PNEEE5VSZljXtah1Lzs9wQ","RequestId":"0HMQBSJHVHSCP:0000003D","RequestPath":"/_blazor","ConnectionId":"0HMQBSJHVHSCP","ApplicationName":"Barn.Api"}}
{"Timestamp":"2023-05-03T16:44:27.5474937+02:00","Level":"Information","MessageTemplate":"Exiting {Method}","Properties":{"Method":"InitializeDropdownsAsync","SourceContext":"Birk.Client.Bestilling.Pages.Bestilling","TransportConnectionId":"PNEEE5VSZljXtah1Lzs9wQ","RequestId":"0HMQBSJHVHSCP:0000003D","RequestPath":"/_blazor","ConnectionId":"0HMQBSJHVHSCP","ApplicationName":"Barn.Api"}}
{"Timestamp":"2023-05-03T16:44:32.1790514+02:00","Level":"Information","MessageTemplate":"Entering {Method}","Properties":{"Method":"GetKommunesAndBvtjenestes","SourceContext":"Birk.Client.Bestilling.Services.Implementation.KodeverkService","TransportConnectionId":"PNEEE5VSZljXtah1Lzs9wQ","RequestId":"0HMQBSJHVHSCP:0000003D","RequestPath":"/_blazor","ConnectionId":"0HMQBSJHVHSCP","ApplicationName":"Barn.Api"}}
{"Timestamp":"2023-05-03T16:47:24.7253607+02:00","Level":"Information","MessageTemplate":"Now listening on: {address}","Properties":{"address":"https://localhost:5001","EventId":{"Id":14,"Name":"ListeningOnAddress"},"SourceContext":"Microsoft.Hosting.Lifetime","ApplicationName":"Barn.Api"}}
{"Timestamp":"2023-05-03T16:47:24.7598616+02:00","Level":"Information","MessageTemplate":"Now listening on: {address}","Properties":{"address":"http://localhost:5000","EventId":{"Id":14,"Name":"ListeningOnAddress"},"SourceContext":"Microsoft.Hosting.Lifetime","ApplicationName":"Barn.Api"}}
{"Timestamp":"2023-05-03T16:47:24.7613710+02:00","Level":"Information","MessageTemplate":"Application started. Press Ctrl+C to shut down.","Properties":{"SourceContext":"Microsoft.Hosting.Lifetime","ApplicationName":"Barn.Api"}}
{"Timestamp":"2023-05-03T16:47:24.7616075+02:00","Level":"Information","MessageTemplate":"Hosting environment: {EnvName}","Properties":{"EnvName":"Development","SourceContext":"Microsoft.Hosting.Lifetime","ApplicationName":"Barn.Api"}}
{"Timestamp":"2023-05-03T16:47:24.7616710+02:00","Level":"Information","MessageTemplate":"Content root path: {ContentRoot}","Properties":{"ContentRoot":"C:\\Repos\\Birk.Bestillingsveiviser.Web\\Birk.Client.Bestilling","SourceContext":"Microsoft.Hosting.Lifetime","ApplicationName":"Barn.Api"}}
{"Timestamp":"2023-05-03T16:47:26.0220851+02:00","Level":"Information","MessageTemplate":"Entering {Method}","Properties":{"Method":"InitializeDropdownsAsync","SourceContext":"Birk.Client.Bestilling.Pages.Bestilling","ActionId":"30391100-c6c3-4837-a217-dbd3cdc7b9c0","ActionName":"/_Host","RequestId":"0HMQBSL7HTOLE:00000001","RequestPath":"/","ConnectionId":"0HMQBSL7HTOLE","ApplicationName":"Barn.Api","CorrelationId":"d15db853-8ff1-428c-983b-0f22bcfff591"}}
{"Timestamp":"2023-05-03T16:47:26.0269284+02:00","Level":"Information","MessageTemplate":"Entering {Method}","Properties":{"Method":"GetTypes","SourceContext":"Birk.Client.Bestilling.Services.Implementation.KodeverkService","ActionId":"30391100-c6c3-4837-a217-dbd3cdc7b9c0","ActionName":"/_Host","RequestId":"0HMQBSL7HTOLE:00000001","RequestPath":"/","ConnectionId":"0HMQBSL7HTOLE","ApplicationName":"Barn.Api","CorrelationId":"d15db853-8ff1-428c-983b-0f22bcfff591"}}
{"Timestamp":"2023-05-03T16:47:26.2771737+02:00","Level":"Information","MessageTemplate":"Exiting {Method}","Properties":{"Method":"InitializeDropdownsAsync","SourceContext":"Birk.Client.Bestilling.Pages.Bestilling","ActionId":"30391100-c6c3-4837-a217-dbd3cdc7b9c0","ActionName":"/_Host","RequestId":"0HMQBSL7HTOLE:00000001","RequestPath":"/","ConnectionId":"0HMQBSL7HTOLE","ApplicationName":"Barn.Api","CorrelationId":"d15db853-8ff1-428c-983b-0f22bcfff591"}}
{"Timestamp":"2023-05-03T16:47:27.0405669+02:00","Level":"Information","MessageTemplate":"Entering {Method}","Properties":{"Method":"InitializeDropdownsAsync","SourceContext":"Birk.Client.Bestilling.Pages.Bestilling","TransportConnectionId":"YGvySEXcCWStIATApqmB1A","RequestId":"0HMQBSL7HTOLE:0000003D","RequestPath":"/_blazor","ConnectionId":"0HMQBSL7HTOLE","ApplicationName":"Barn.Api"}}
{"Timestamp":"2023-05-03T16:47:27.1661218+02:00","Level":"Information","MessageTemplate":"Entering {Method}","Properties":{"Method":"GetTypes","SourceContext":"Birk.Client.Bestilling.Services.Implementation.KodeverkService","TransportConnectionId":"YGvySEXcCWStIATApqmB1A","RequestId":"0HMQBSL7HTOLE:0000003D","RequestPath":"/_blazor","ConnectionId":"0HMQBSL7HTOLE","ApplicationName":"Barn.Api"}}
{"Timestamp":"2023-05-03T16:47:27.2559614+02:00","Level":"Information","MessageTemplate":"Exiting {Method}","Properties":{"Method":"InitializeDropdownsAsync","SourceContext":"Birk.Client.Bestilling.Pages.Bestilling","TransportConnectionId":"YGvySEXcCWStIATApqmB1A","RequestId":"0HMQBSL7HTOLE:0000003D","RequestPath":"/_blazor","ConnectionId":"0HMQBSL7HTOLE","ApplicationName":"Barn.Api"}}
{"Timestamp":"2023-05-03T16:48:20.7673718+02:00","Level":"Information","MessageTemplate":"Entering {Method}","Properties":{"Method":"GetKommunesAndBvtjenestes","SourceContext":"Birk.Client.Bestilling.Services.Implementation.KodeverkService","TransportConnectionId":"YGvySEXcCWStIATApqmB1A","RequestId":"0HMQBSL7HTOLE:0000003D","RequestPath":"/_blazor","ConnectionId":"0HMQBSL7HTOLE","ApplicationName":"Barn.Api"}}
{"Timestamp":"2023-05-03T16:49:04.6332915+02:00","Level":"Information","MessageTemplate":"Now listening on: {address}","Properties":{"address":"https://localhost:5001","EventId":{"Id":14,"Name":"ListeningOnAddress"},"SourceContext":"Microsoft.Hosting.Lifetime","ApplicationName":"Barn.Api"}}
{"Timestamp":"2023-05-03T16:49:04.6646559+02:00","Level":"Information","MessageTemplate":"Now listening on: {address}","Properties":{"address":"http://localhost:5000","EventId":{"Id":14,"Name":"ListeningOnAddress"},"SourceContext":"Microsoft.Hosting.Lifetime","ApplicationName":"Barn.Api"}}
{"Timestamp":"2023-05-03T16:49:04.6663023+02:00","Level":"Information","MessageTemplate":"Application started. Press Ctrl+C to shut down.","Properties":{"SourceContext":"Microsoft.Hosting.Lifetime","ApplicationName":"Barn.Api"}}
{"Timestamp":"2023-05-03T16:49:04.6666441+02:00","Level":"Information","MessageTemplate":"Hosting environment: {EnvName}","Properties":{"EnvName":"Development","SourceContext":"Microsoft.Hosting.Lifetime","ApplicationName":"Barn.Api"}}
{"Timestamp":"2023-05-03T16:49:04.6667582+02:00","Level":"Information","MessageTemplate":"Content root path: {ContentRoot}","Properties":{"ContentRoot":"C:\\Repos\\Birk.Bestillingsveiviser.Web\\Birk.Client.Bestilling","SourceContext":"Microsoft.Hosting.Lifetime","ApplicationName":"Barn.Api"}}
{"Timestamp":"2023-05-03T16:49:05.9212239+02:00","Level":"Information","MessageTemplate":"Entering {Method}","Properties":{"Method":"InitializeDropdownsAsync","SourceContext":"Birk.Client.Bestilling.Pages.Bestilling","ActionId":"79508406-6814-4198-aa34-872e83cc0d95","ActionName":"/_Host","RequestId":"0HMQBSM5AGUNB:00000001","RequestPath":"/","ConnectionId":"0HMQBSM5AGUNB","ApplicationName":"Barn.Api","CorrelationId":"bb69c1f8-75aa-4597-a190-84181b9846a3"}}
{"Timestamp":"2023-05-03T16:49:05.9265361+02:00","Level":"Information","MessageTemplate":"Entering {Method}","Properties":{"Method":"GetTypes","SourceContext":"Birk.Client.Bestilling.Services.Implementation.KodeverkService","ActionId":"79508406-6814-4198-aa34-872e83cc0d95","ActionName":"/_Host","RequestId":"0HMQBSM5AGUNB:00000001","RequestPath":"/","ConnectionId":"0HMQBSM5AGUNB","ApplicationName":"Barn.Api","CorrelationId":"bb69c1f8-75aa-4597-a190-84181b9846a3"}}
{"Timestamp":"2023-05-03T16:49:06.1528800+02:00","Level":"Information","MessageTemplate":"Exiting {Method}","Properties":{"Method":"InitializeDropdownsAsync","SourceContext":"Birk.Client.Bestilling.Pages.Bestilling","ActionId":"79508406-6814-4198-aa34-872e83cc0d95","ActionName":"/_Host","RequestId":"0HMQBSM5AGUNB:00000001","RequestPath":"/","ConnectionId":"0HMQBSM5AGUNB","ApplicationName":"Barn.Api","CorrelationId":"bb69c1f8-75aa-4597-a190-84181b9846a3"}}
{"Timestamp":"2023-05-03T16:49:06.9974321+02:00","Level":"Information","MessageTemplate":"Entering {Method}","Properties":{"Method":"InitializeDropdownsAsync","SourceContext":"Birk.Client.Bestilling.Pages.Bestilling","TransportConnectionId":"oxBUn8qPADzYPwUmhFZVqg","RequestId":"0HMQBSM5AGUNB:0000003D","RequestPath":"/_blazor","ConnectionId":"0HMQBSM5AGUNB","ApplicationName":"Barn.Api"}}
{"Timestamp":"2023-05-03T16:49:07.1262866+02:00","Level":"Information","MessageTemplate":"Entering {Method}","Properties":{"Method":"GetTypes","SourceContext":"Birk.Client.Bestilling.Services.Implementation.KodeverkService","TransportConnectionId":"oxBUn8qPADzYPwUmhFZVqg","RequestId":"0HMQBSM5AGUNB:0000003D","RequestPath":"/_blazor","ConnectionId":"0HMQBSM5AGUNB","ApplicationName":"Barn.Api"}}
{"Timestamp":"2023-05-03T16:49:07.2030272+02:00","Level":"Information","MessageTemplate":"Exiting {Method}","Properties":{"Method":"InitializeDropdownsAsync","SourceContext":"Birk.Client.Bestilling.Pages.Bestilling","TransportConnectionId":"oxBUn8qPADzYPwUmhFZVqg","RequestId":"0HMQBSM5AGUNB:0000003D","RequestPath":"/_blazor","ConnectionId":"0HMQBSM5AGUNB","ApplicationName":"Barn.Api"}}
{"Timestamp":"2023-05-03T16:49:11.0526546+02:00","Level":"Information","MessageTemplate":"Entering {Method}","Properties":{"Method":"GetKommunesAndBvtjenestes","SourceContext":"Birk.Client.Bestilling.Services.Implementation.KodeverkService","TransportConnectionId":"oxBUn8qPADzYPwUmhFZVqg","RequestId":"0HMQBSM5AGUNB:0000003D","RequestPath":"/_blazor","ConnectionId":"0HMQBSM5AGUNB","ApplicationName":"Barn.Api"}}
{"Timestamp":"2023-05-03T16:49:44.0800562+02:00","Level":"Information","MessageTemplate":"Entering {Method}","Properties":{"Method":"InitializeDropdownsAsync","SourceContext":"Birk.Client.Bestilling.Pages.Bestilling","ActionId":"79508406-6814-4198-aa34-872e83cc0d95","ActionName":"/_Host","RequestId":"0HMQBSM5AGUNB:00000041","RequestPath":"/","ConnectionId":"0HMQBSM5AGUNB","ApplicationName":"Barn.Api","CorrelationId":"115bcc2d-f78d-4939-baed-1a9c66909241"}}
{"Timestamp":"2023-05-03T16:49:44.0802719+02:00","Level":"Information","MessageTemplate":"Entering {Method}","Properties":{"Method":"GetTypes","SourceContext":"Birk.Client.Bestilling.Services.Implementation.KodeverkService","ActionId":"79508406-6814-4198-aa34-872e83cc0d95","ActionName":"/_Host","RequestId":"0HMQBSM5AGUNB:00000041","RequestPath":"/","ConnectionId":"0HMQBSM5AGUNB","ApplicationName":"Barn.Api","CorrelationId":"115bcc2d-f78d-4939-baed-1a9c66909241"}}
{"Timestamp":"2023-05-03T16:49:44.0982985+02:00","Level":"Information","MessageTemplate":"Exiting {Method}","Properties":{"Method":"InitializeDropdownsAsync","SourceContext":"Birk.Client.Bestilling.Pages.Bestilling","ActionId":"79508406-6814-4198-aa34-872e83cc0d95","ActionName":"/_Host","RequestId":"0HMQBSM5AGUNB:00000041","RequestPath":"/","ConnectionId":"0HMQBSM5AGUNB","ApplicationName":"Barn.Api","CorrelationId":"115bcc2d-f78d-4939-baed-1a9c66909241"}}
{"Timestamp":"2023-05-03T16:49:44.5490508+02:00","Level":"Information","MessageTemplate":"Entering {Method}","Properties":{"Method":"InitializeDropdownsAsync","SourceContext":"Birk.Client.Bestilling.Pages.Bestilling","TransportConnectionId":"QEP32jbHMlIIbmA74rqa2Q","RequestId":"0HMQBSM5AGUNB:0000007F","RequestPath":"/_blazor","ConnectionId":"0HMQBSM5AGUNB","ApplicationName":"Barn.Api"}}
{"Timestamp":"2023-05-03T16:49:44.7146840+02:00","Level":"Information","MessageTemplate":"Entering {Method}","Properties":{"Method":"GetTypes","SourceContext":"Birk.Client.Bestilling.Services.Implementation.KodeverkService","TransportConnectionId":"QEP32jbHMlIIbmA74rqa2Q","RequestId":"0HMQBSM5AGUNB:0000007F","RequestPath":"/_blazor","ConnectionId":"0HMQBSM5AGUNB","ApplicationName":"Barn.Api"}}
{"Timestamp":"2023-05-03T16:49:45.0655722+02:00","Level":"Information","MessageTemplate":"Exiting {Method}","Properties":{"Method":"InitializeDropdownsAsync","SourceContext":"Birk.Client.Bestilling.Pages.Bestilling","TransportConnectionId":"QEP32jbHMlIIbmA74rqa2Q","RequestId":"0HMQBSM5AGUNB:0000007F","RequestPath":"/_blazor","ConnectionId":"0HMQBSM5AGUNB","ApplicationName":"Barn.Api"}}
{"Timestamp":"2023-05-03T16:49:48.7912131+02:00","Level":"Information","MessageTemplate":"Entering {Method}","Properties":{"Method":"GetKommunesAndBvtjenestes","SourceContext":"Birk.Client.Bestilling.Services.Implementation.KodeverkService","TransportConnectionId":"QEP32jbHMlIIbmA74rqa2Q","RequestId":"0HMQBSM5AGUNB:0000007F","RequestPath":"/_blazor","ConnectionId":"0HMQBSM5AGUNB","ApplicationName":"Barn.Api"}}
{"Timestamp":"2023-05-03T16:50:01.6800287+02:00","Level":"Information","MessageTemplate":"Entering {Method}","Properties":{"Method":"InitializeDropdownsAsync","SourceContext":"Birk.Client.Bestilling.Pages.Bestilling","ActionId":"79508406-6814-4198-aa34-872e83cc0d95","ActionName":"/_Host","RequestId":"0HMQBSM5AGUNB:000000B5","RequestPath":"/","ConnectionId":"0HMQBSM5AGUNB","ApplicationName":"Barn.Api","CorrelationId":"337babfe-b29e-4cfc-b562-ab8586e8d82e"}}
{"Timestamp":"2023-05-03T16:50:01.6802896+02:00","Level":"Information","MessageTemplate":"Entering {Method}","Properties":{"Method":"GetTypes","SourceContext":"Birk.Client.Bestilling.Services.Implementation.KodeverkService","ActionId":"79508406-6814-4198-aa34-872e83cc0d95","ActionName":"/_Host","RequestId":"0HMQBSM5AGUNB:000000B5","RequestPath":"/","ConnectionId":"0HMQBSM5AGUNB","ApplicationName":"Barn.Api","CorrelationId":"337babfe-b29e-4cfc-b562-ab8586e8d82e"}}
{"Timestamp":"2023-05-03T16:50:01.7034872+02:00","Level":"Information","MessageTemplate":"Exiting {Method}","Properties":{"Method":"InitializeDropdownsAsync","SourceContext":"Birk.Client.Bestilling.Pages.Bestilling","ActionId":"79508406-6814-4198-aa34-872e83cc0d95","ActionName":"/_Host","RequestId":"0HMQBSM5AGUNB:000000B5","RequestPath":"/","ConnectionId":"0HMQBSM5AGUNB","ApplicationName":"Barn.Api","CorrelationId":"337babfe-b29e-4cfc-b562-ab8586e8d82e"}}
{"Timestamp":"2023-05-03T16:50:04.4215847+02:00","Level":"Information","MessageTemplate":"Entering {Method}","Properties":{"Method":"InitializeDropdownsAsync","SourceContext":"Birk.Client.Bestilling.Pages.Bestilling","TransportConnectionId":"2Ob80UL6c0v2FXRvelK7hQ","RequestId":"0HMQBSM5AGUNB:000000F7","RequestPath":"/_blazor","ConnectionId":"0HMQBSM5AGUNB","ApplicationName":"Barn.Api"}}
{"Timestamp":"2023-05-03T16:50:04.5076690+02:00","Level":"Information","MessageTemplate":"Entering {Method}","Properties":{"Method":"GetTypes","SourceContext":"Birk.Client.Bestilling.Services.Implementation.KodeverkService","TransportConnectionId":"2Ob80UL6c0v2FXRvelK7hQ","RequestId":"0HMQBSM5AGUNB:000000F7","RequestPath":"/_blazor","ConnectionId":"0HMQBSM5AGUNB","ApplicationName":"Barn.Api"}}
{"Timestamp":"2023-05-03T16:50:04.5630370+02:00","Level":"Information","MessageTemplate":"Exiting {Method}","Properties":{"Method":"InitializeDropdownsAsync","SourceContext":"Birk.Client.Bestilling.Pages.Bestilling","TransportConnectionId":"2Ob80UL6c0v2FXRvelK7hQ","RequestId":"0HMQBSM5AGUNB:000000F7","RequestPath":"/_blazor","ConnectionId":"0HMQBSM5AGUNB","ApplicationName":"Barn.Api"}}
{"Timestamp":"2023-05-03T16:54:55.3223432+02:00","Level":"Information","MessageTemplate":"Now listening on: {address}","Properties":{"address":"https://localhost:5001","EventId":{"Id":14,"Name":"ListeningOnAddress"},"SourceContext":"Microsoft.Hosting.Lifetime","ApplicationName":"Barn.Api"}}
{"Timestamp":"2023-05-03T16:54:55.3566093+02:00","Level":"Information","MessageTemplate":"Now listening on: {address}","Properties":{"address":"http://localhost:5000","EventId":{"Id":14,"Name":"ListeningOnAddress"},"SourceContext":"Microsoft.Hosting.Lifetime","ApplicationName":"Barn.Api"}}
{"Timestamp":"2023-05-03T16:54:55.3579261+02:00","Level":"Information","MessageTemplate":"Application started. Press Ctrl+C to shut down.","Properties":{"SourceContext":"Microsoft.Hosting.Lifetime","ApplicationName":"Barn.Api"}}
{"Timestamp":"2023-05-03T16:54:55.3580961+02:00","Level":"Information","MessageTemplate":"Hosting environment: {EnvName}","Properties":{"EnvName":"Development","SourceContext":"Microsoft.Hosting.Lifetime","ApplicationName":"Barn.Api"}}
{"Timestamp":"2023-05-03T16:54:55.3581471+02:00","Level":"Information","MessageTemplate":"Content root path: {ContentRoot}","Properties":{"ContentRoot":"C:\\Repos\\Birk.Bestillingsveiviser.Web\\Birk.Client.Bestilling","SourceContext":"Microsoft.Hosting.Lifetime","ApplicationName":"Barn.Api"}}
{"Timestamp":"2023-05-03T16:54:57.8234628+02:00","Level":"Information","MessageTemplate":"Entering {Method}","Properties":{"Method":"InitializeDropdownsAsync","SourceContext":"Birk.Client.Bestilling.Pages.Bestilling","ActionId":"a161702f-48b7-4890-8446-86fd4b9fefd3","ActionName":"/_Host","RequestId":"0HMQBSPDPR9BJ:00000001","RequestPath":"/","ConnectionId":"0HMQBSPDPR9BJ","ApplicationName":"Barn.Api","CorrelationId":"9dc71663-5f10-42c5-bace-8536953b8d39"}}
{"Timestamp":"2023-05-03T16:54:57.8268548+02:00","Level":"Information","MessageTemplate":"Entering {Method}","Properties":{"Method":"GetTypes","SourceContext":"Birk.Client.Bestilling.Services.Implementation.KodeverkService","ActionId":"a161702f-48b7-4890-8446-86fd4b9fefd3","ActionName":"/_Host","RequestId":"0HMQBSPDPR9BJ:00000001","RequestPath":"/","ConnectionId":"0HMQBSPDPR9BJ","ApplicationName":"Barn.Api","CorrelationId":"9dc71663-5f10-42c5-bace-8536953b8d39"}}
{"Timestamp":"2023-05-03T16:54:58.1281958+02:00","Level":"Information","MessageTemplate":"Exiting {Method}","Properties":{"Method":"InitializeDropdownsAsync","SourceContext":"Birk.Client.Bestilling.Pages.Bestilling","ActionId":"a161702f-48b7-4890-8446-86fd4b9fefd3","ActionName":"/_Host","RequestId":"0HMQBSPDPR9BJ:00000001","RequestPath":"/","ConnectionId":"0HMQBSPDPR9BJ","ApplicationName":"Barn.Api","CorrelationId":"9dc71663-5f10-42c5-bace-8536953b8d39"}}
{"Timestamp":"2023-05-03T16:54:59.2641094+02:00","Level":"Information","MessageTemplate":"Entering {Method}","Properties":{"Method":"InitializeDropdownsAsync","SourceContext":"Birk.Client.Bestilling.Pages.Bestilling","TransportConnectionId":"bnXNHhi_k5eAJ2lL91w52Q","RequestId":"0HMQBSPDPR9BJ:0000003D","RequestPath":"/_blazor","ConnectionId":"0HMQBSPDPR9BJ","ApplicationName":"Barn.Api"}}
{"Timestamp":"2023-05-03T16:54:59.3871114+02:00","Level":"Information","MessageTemplate":"Entering {Method}","Properties":{"Method":"GetTypes","SourceContext":"Birk.Client.Bestilling.Services.Implementation.KodeverkService","TransportConnectionId":"bnXNHhi_k5eAJ2lL91w52Q","RequestId":"0HMQBSPDPR9BJ:0000003D","RequestPath":"/_blazor","ConnectionId":"0HMQBSPDPR9BJ","ApplicationName":"Barn.Api"}}
{"Timestamp":"2023-05-03T16:54:59.4913061+02:00","Level":"Information","MessageTemplate":"Exiting {Method}","Properties":{"Method":"InitializeDropdownsAsync","SourceContext":"Birk.Client.Bestilling.Pages.Bestilling","TransportConnectionId":"bnXNHhi_k5eAJ2lL91w52Q","RequestId":"0HMQBSPDPR9BJ:0000003D","RequestPath":"/_blazor","ConnectionId":"0HMQBSPDPR9BJ","ApplicationName":"Barn.Api"}}
{"Timestamp":"2023-05-03T16:55:04.8923173+02:00","Level":"Information","MessageTemplate":"Entering {Method}","Properties":{"Method":"GetKommunesAndBvtjenestes","SourceContext":"Birk.Client.Bestilling.Services.Implementation.KodeverkService","TransportConnectionId":"bnXNHhi_k5eAJ2lL91w52Q","RequestId":"0HMQBSPDPR9BJ:0000003D","RequestPath":"/_blazor","ConnectionId":"0HMQBSPDPR9BJ","ApplicationName":"Barn.Api"}}
{"Timestamp":"2023-05-03T16:55:32.1996912+02:00","Level":"Information","MessageTemplate":"Entering {Method}","Properties":{"Method":"GetBarnByFnr","SourceContext":"Birk.Client.Bestilling.Services.Implementation.BarnService","TransportConnectionId":"bnXNHhi_k5eAJ2lL91w52Q","RequestId":"0HMQBSPDPR9BJ:0000003D","RequestPath":"/_blazor","ConnectionId":"0HMQBSPDPR9BJ","ApplicationName":"Barn.Api"}}
{"Timestamp":"2023-05-03T16:56:11.0134039+02:00","Level":"Information","MessageTemplate":"Entering {Method}","Properties":{"Method":"InitializeDropdownsAsync","SourceContext":"Birk.Client.Bestilling.Pages.Bestilling","ActionId":"a161702f-48b7-4890-8446-86fd4b9fefd3","ActionName":"/_Host","RequestId":"0HMQBSPDPR9BJ:00000071","RequestPath":"/","ConnectionId":"0HMQBSPDPR9BJ","ApplicationName":"Barn.Api","CorrelationId":"0ed1543d-3fd5-4cb2-9ef6-05d476f31201"}}
{"Timestamp":"2023-05-03T16:56:11.0136954+02:00","Level":"Information","MessageTemplate":"Entering {Method}","Properties":{"Method":"GetTypes","SourceContext":"Birk.Client.Bestilling.Services.Implementation.KodeverkService","ActionId":"a161702f-48b7-4890-8446-86fd4b9fefd3","ActionName":"/_Host","RequestId":"0HMQBSPDPR9BJ:00000071","RequestPath":"/","ConnectionId":"0HMQBSPDPR9BJ","ApplicationName":"Barn.Api","CorrelationId":"0ed1543d-3fd5-4cb2-9ef6-05d476f31201"}}
{"Timestamp":"2023-05-03T16:56:11.0493748+02:00","Level":"Information","MessageTemplate":"Exiting {Method}","Properties":{"Method":"InitializeDropdownsAsync","SourceContext":"Birk.Client.Bestilling.Pages.Bestilling","ActionId":"a161702f-48b7-4890-8446-86fd4b9fefd3","ActionName":"/_Host","RequestId":"0HMQBSPDPR9BJ:00000071","RequestPath":"/","ConnectionId":"0HMQBSPDPR9BJ","ApplicationName":"Barn.Api","CorrelationId":"0ed1543d-3fd5-4cb2-9ef6-05d476f31201"}}
{"Timestamp":"2023-05-03T16:56:12.1124569+02:00","Level":"Information","MessageTemplate":"Entering {Method}","Properties":{"Method":"InitializeDropdownsAsync","SourceContext":"Birk.Client.Bestilling.Pages.Bestilling","TransportConnectionId":"D5XwL6kpl9SH8sWR_HxJxQ","RequestId":"0HMQBSPDPR9BJ:000000B1","RequestPath":"/_blazor","ConnectionId":"0HMQBSPDPR9BJ","ApplicationName":"Barn.Api"}}
{"Timestamp":"2023-05-03T16:56:12.1832937+02:00","Level":"Information","MessageTemplate":"Entering {Method}","Properties":{"Method":"GetTypes","SourceContext":"Birk.Client.Bestilling.Services.Implementation.KodeverkService","TransportConnectionId":"D5XwL6kpl9SH8sWR_HxJxQ","RequestId":"0HMQBSPDPR9BJ:000000B1","RequestPath":"/_blazor","ConnectionId":"0HMQBSPDPR9BJ","ApplicationName":"Barn.Api"}}
{"Timestamp":"2023-05-03T16:56:12.6872691+02:00","Level":"Information","MessageTemplate":"Exiting {Method}","Properties":{"Method":"InitializeDropdownsAsync","SourceContext":"Birk.Client.Bestilling.Pages.Bestilling","TransportConnectionId":"D5XwL6kpl9SH8sWR_HxJxQ","RequestId":"0HMQBSPDPR9BJ:000000B1","RequestPath":"/_blazor","ConnectionId":"0HMQBSPDPR9BJ","ApplicationName":"Barn.Api"}}
{"Timestamp":"2023-05-03T16:56:25.1912120+02:00","Level":"Information","MessageTemplate":"Entering {Method}","Properties":{"Method":"GetKommunesAndBvtjenestes","SourceContext":"Birk.Client.Bestilling.Services.Implementation.KodeverkService","TransportConnectionId":"D5XwL6kpl9SH8sWR_HxJxQ","RequestId":"0HMQBSPDPR9BJ:000000B1","RequestPath":"/_blazor","ConnectionId":"0HMQBSPDPR9BJ","ApplicationName":"Barn.Api"}}
{"Timestamp":"2023-05-03T17:01:22.5867254+02:00","Level":"Information","MessageTemplate":"Now listening on: {address}","Properties":{"address":"https://localhost:5001","EventId":{"Id":14,"Name":"ListeningOnAddress"},"SourceContext":"Microsoft.Hosting.Lifetime","ApplicationName":"Barn.Api"}}
{"Timestamp":"2023-05-03T17:01:22.6292648+02:00","Level":"Information","MessageTemplate":"Now listening on: {address}","Properties":{"address":"http://localhost:5000","EventId":{"Id":14,"Name":"ListeningOnAddress"},"SourceContext":"Microsoft.Hosting.Lifetime","ApplicationName":"Barn.Api"}}
{"Timestamp":"2023-05-03T17:01:22.7399711+02:00","Level":"Information","MessageTemplate":"Application started. Press Ctrl+C to shut down.","Properties":{"SourceContext":"Microsoft.Hosting.Lifetime","ApplicationName":"Barn.Api"}}
{"Timestamp":"2023-05-03T17:01:22.8543538+02:00","Level":"Information","MessageTemplate":"Hosting environment: {EnvName}","Properties":{"EnvName":"Development","SourceContext":"Microsoft.Hosting.Lifetime","ApplicationName":"Barn.Api"}}
{"Timestamp":"2023-05-03T17:01:22.8545783+02:00","Level":"Information","MessageTemplate":"Content root path: {ContentRoot}","Properties":{"ContentRoot":"C:\\Repos\\Birk.Bestillingsveiviser.Web\\Birk.Client.Bestilling","SourceContext":"Microsoft.Hosting.Lifetime","ApplicationName":"Barn.Api"}}
{"Timestamp":"2023-05-03T17:01:24.1852739+02:00","Level":"Information","MessageTemplate":"Entering {Method}","Properties":{"Method":"InitializeDropdownsAsync","SourceContext":"Birk.Client.Bestilling.Pages.Bestilling","ActionId":"c492e766-0d4c-414f-99ef-d532f2d4aa50","ActionName":"/_Host","RequestId":"0HMQBST15PKHC:00000001","RequestPath":"/","ConnectionId":"0HMQBST15PKHC","ApplicationName":"Barn.Api","CorrelationId":"3926e6dd-ee0d-4df3-a8c9-603cbf550116"}}
{"Timestamp":"2023-05-03T17:01:24.1929877+02:00","Level":"Information","MessageTemplate":"Entering {Method}","Properties":{"Method":"GetTypes","SourceContext":"Birk.Client.Bestilling.Services.Implementation.KodeverkService","ActionId":"c492e766-0d4c-414f-99ef-d532f2d4aa50","ActionName":"/_Host","RequestId":"0HMQBST15PKHC:00000001","RequestPath":"/","ConnectionId":"0HMQBST15PKHC","ApplicationName":"Barn.Api","CorrelationId":"3926e6dd-ee0d-4df3-a8c9-603cbf550116"}}
{"Timestamp":"2023-05-03T17:01:24.3990032+02:00","Level":"Information","MessageTemplate":"Exiting {Method}","Properties":{"Method":"InitializeDropdownsAsync","SourceContext":"Birk.Client.Bestilling.Pages.Bestilling","ActionId":"c492e766-0d4c-414f-99ef-d532f2d4aa50","ActionName":"/_Host","RequestId":"0HMQBST15PKHC:00000001","RequestPath":"/","ConnectionId":"0HMQBST15PKHC","ApplicationName":"Barn.Api","CorrelationId":"3926e6dd-ee0d-4df3-a8c9-603cbf550116"}}
{"Timestamp":"2023-05-03T17:01:25.1908509+02:00","Level":"Information","MessageTemplate":"Entering {Method}","Properties":{"Method":"InitializeDropdownsAsync","SourceContext":"Birk.Client.Bestilling.Pages.Bestilling","TransportConnectionId":"3r9TvLUdX-y0nlW-bjBHkA","RequestId":"0HMQBST15PKHC:0000003D","RequestPath":"/_blazor","ConnectionId":"0HMQBST15PKHC","ApplicationName":"Barn.Api"}}
{"Timestamp":"2023-05-03T17:01:25.3283994+02:00","Level":"Information","MessageTemplate":"Entering {Method}","Properties":{"Method":"GetTypes","SourceContext":"Birk.Client.Bestilling.Services.Implementation.KodeverkService","TransportConnectionId":"3r9TvLUdX-y0nlW-bjBHkA","RequestId":"0HMQBST15PKHC:0000003D","RequestPath":"/_blazor","ConnectionId":"0HMQBST15PKHC","ApplicationName":"Barn.Api"}}
{"Timestamp":"2023-05-03T17:01:25.4051774+02:00","Level":"Information","MessageTemplate":"Exiting {Method}","Properties":{"Method":"InitializeDropdownsAsync","SourceContext":"Birk.Client.Bestilling.Pages.Bestilling","TransportConnectionId":"3r9TvLUdX-y0nlW-bjBHkA","RequestId":"0HMQBST15PKHC:0000003D","RequestPath":"/_blazor","ConnectionId":"0HMQBST15PKHC","ApplicationName":"Barn.Api"}}
{"Timestamp":"2023-05-03T17:03:48.7803433+02:00","Level":"Information","MessageTemplate":"Entering {Method}","Properties":{"Method":"GetKommunesAndBvtjenestes","SourceContext":"Birk.Client.Bestilling.Services.Implementation.KodeverkService","TransportConnectionId":"3r9TvLUdX-y0nlW-bjBHkA","RequestId":"0HMQBST15PKHC:0000003D","RequestPath":"/_blazor","ConnectionId":"0HMQBST15PKHC","ApplicationName":"Barn.Api"}}
{"Timestamp":"2023-05-03T17:04:09.9074233+02:00","Level":"Information","MessageTemplate":"Entering {Method}","Properties":{"Method":"GetBarnByFnr","SourceContext":"Birk.Client.Bestilling.Services.Implementation.BarnService","TransportConnectionId":"3r9TvLUdX-y0nlW-bjBHkA","RequestId":"0HMQBST15PKHC:0000003D","RequestPath":"/_blazor","ConnectionId":"0HMQBST15PKHC","ApplicationName":"Barn.Api"}}
{"Timestamp":"2023-05-03T17:04:25.3246927+02:00","Level":"Information","MessageTemplate":"Entering {Method}","Properties":{"Method":"InitializeDropdownsAsync","SourceContext":"Birk.Client.Bestilling.Pages.Bestilling","ActionId":"c492e766-0d4c-414f-99ef-d532f2d4aa50","ActionName":"/_Host","RequestId":"0HMQBST15PKHC:00000041","RequestPath":"/","ConnectionId":"0HMQBST15PKHC","ApplicationName":"Barn.Api","CorrelationId":"4aca848a-f86d-4e08-b893-c5af08d6d9a4"}}
{"Timestamp":"2023-05-03T17:04:25.3249728+02:00","Level":"Information","MessageTemplate":"Entering {Method}","Properties":{"Method":"GetTypes","SourceContext":"Birk.Client.Bestilling.Services.Implementation.KodeverkService","ActionId":"c492e766-0d4c-414f-99ef-d532f2d4aa50","ActionName":"/_Host","RequestId":"0HMQBST15PKHC:00000041","RequestPath":"/","ConnectionId":"0HMQBST15PKHC","ApplicationName":"Barn.Api","CorrelationId":"4aca848a-f86d-4e08-b893-c5af08d6d9a4"}}
{"Timestamp":"2023-05-03T17:04:25.3431070+02:00","Level":"Information","MessageTemplate":"Exiting {Method}","Properties":{"Method":"InitializeDropdownsAsync","SourceContext":"Birk.Client.Bestilling.Pages.Bestilling","ActionId":"c492e766-0d4c-414f-99ef-d532f2d4aa50","ActionName":"/_Host","RequestId":"0HMQBST15PKHC:00000041","RequestPath":"/","ConnectionId":"0HMQBST15PKHC","ApplicationName":"Barn.Api","CorrelationId":"4aca848a-f86d-4e08-b893-c5af08d6d9a4"}}
{"Timestamp":"2023-05-03T17:04:25.9389734+02:00","Level":"Information","MessageTemplate":"Entering {Method}","Properties":{"Method":"InitializeDropdownsAsync","SourceContext":"Birk.Client.Bestilling.Pages.Bestilling","TransportConnectionId":"XXswU1AfgYCbdIn0GR9hAg","RequestId":"0HMQBST15PKHC:0000007F","RequestPath":"/_blazor","ConnectionId":"0HMQBST15PKHC","ApplicationName":"Barn.Api"}}
{"Timestamp":"2023-05-03T17:04:26.0668804+02:00","Level":"Information","MessageTemplate":"Entering {Method}","Properties":{"Method":"GetTypes","SourceContext":"Birk.Client.Bestilling.Services.Implementation.KodeverkService","TransportConnectionId":"XXswU1AfgYCbdIn0GR9hAg","RequestId":"0HMQBST15PKHC:0000007F","RequestPath":"/_blazor","ConnectionId":"0HMQBST15PKHC","ApplicationName":"Barn.Api"}}
{"Timestamp":"2023-05-03T17:04:26.7026063+02:00","Level":"Information","MessageTemplate":"Exiting {Method}","Properties":{"Method":"InitializeDropdownsAsync","SourceContext":"Birk.Client.Bestilling.Pages.Bestilling","TransportConnectionId":"XXswU1AfgYCbdIn0GR9hAg","RequestId":"0HMQBST15PKHC:0000007F","RequestPath":"/_blazor","ConnectionId":"0HMQBST15PKHC","ApplicationName":"Barn.Api"}}
{"Timestamp":"2023-05-03T17:04:31.2085672+02:00","Level":"Information","MessageTemplate":"Entering {Method}","Properties":{"Method":"GetKommunesAndBvtjenestes","SourceContext":"Birk.Client.Bestilling.Services.Implementation.KodeverkService","TransportConnectionId":"XXswU1AfgYCbdIn0GR9hAg","RequestId":"0HMQBST15PKHC:0000007F","RequestPath":"/_blazor","ConnectionId":"0HMQBST15PKHC","ApplicationName":"Barn.Api"}}
{"Timestamp":"2023-05-03T17:04:49.8216694+02:00","Level":"Information","MessageTemplate":"Entering {Method}","Properties":{"Method":"GetBarnByFnr","SourceContext":"Birk.Client.Bestilling.Services.Implementation.BarnService","TransportConnectionId":"XXswU1AfgYCbdIn0GR9hAg","RequestId":"0HMQBST15PKHC:0000007F","RequestPath":"/_blazor","ConnectionId":"0HMQBST15PKHC","ApplicationName":"Barn.Api"}}
{"Timestamp":"2023-05-03T17:05:59.6230487+02:00","Level":"Information","MessageTemplate":"Now listening on: {address}","Properties":{"address":"https://localhost:5001","EventId":{"Id":14,"Name":"ListeningOnAddress"},"SourceContext":"Microsoft.Hosting.Lifetime","ApplicationName":"Barn.Api"}}
{"Timestamp":"2023-05-03T17:05:59.6555045+02:00","Level":"Information","MessageTemplate":"Now listening on: {address}","Properties":{"address":"http://localhost:5000","EventId":{"Id":14,"Name":"ListeningOnAddress"},"SourceContext":"Microsoft.Hosting.Lifetime","ApplicationName":"Barn.Api"}}
{"Timestamp":"2023-05-03T17:05:59.6570271+02:00","Level":"Information","MessageTemplate":"Application started. Press Ctrl+C to shut down.","Properties":{"SourceContext":"Microsoft.Hosting.Lifetime","ApplicationName":"Barn.Api"}}
{"Timestamp":"2023-05-03T17:05:59.6572324+02:00","Level":"Information","MessageTemplate":"Hosting environment: {EnvName}","Properties":{"EnvName":"Development","SourceContext":"Microsoft.Hosting.Lifetime","ApplicationName":"Barn.Api"}}
{"Timestamp":"2023-05-03T17:05:59.6572991+02:00","Level":"Information","MessageTemplate":"Content root path: {ContentRoot}","Properties":{"ContentRoot":"C:\\Repos\\Birk.Bestillingsveiviser.Web\\Birk.Client.Bestilling","SourceContext":"Microsoft.Hosting.Lifetime","ApplicationName":"Barn.Api"}}
{"Timestamp":"2023-05-03T17:06:01.3758601+02:00","Level":"Information","MessageTemplate":"Entering {Method}","Properties":{"Method":"InitializeDropdownsAsync","SourceContext":"Birk.Client.Bestilling.Pages.Bestilling","ActionId":"ba65deda-0842-4f10-8909-ef2dc160db02","ActionName":"/_Host","RequestId":"0HMQBSVJO4D3L:00000001","RequestPath":"/","ConnectionId":"0HMQBSVJO4D3L","ApplicationName":"Barn.Api","CorrelationId":"b2dc8a76-6315-4e1a-ba2c-d84e3be83094"}}
{"Timestamp":"2023-05-03T17:06:01.3789443+02:00","Level":"Information","MessageTemplate":"Entering {Method}","Properties":{"Method":"GetTypes","SourceContext":"Birk.Client.Bestilling.Services.Implementation.KodeverkService","ActionId":"ba65deda-0842-4f10-8909-ef2dc160db02","ActionName":"/_Host","RequestId":"0HMQBSVJO4D3L:00000001","RequestPath":"/","ConnectionId":"0HMQBSVJO4D3L","ApplicationName":"Barn.Api","CorrelationId":"b2dc8a76-6315-4e1a-ba2c-d84e3be83094"}}
{"Timestamp":"2023-05-03T17:06:01.5486484+02:00","Level":"Information","MessageTemplate":"Exiting {Method}","Properties":{"Method":"InitializeDropdownsAsync","SourceContext":"Birk.Client.Bestilling.Pages.Bestilling","ActionId":"ba65deda-0842-4f10-8909-ef2dc160db02","ActionName":"/_Host","RequestId":"0HMQBSVJO4D3L:00000001","RequestPath":"/","ConnectionId":"0HMQBSVJO4D3L","ApplicationName":"Barn.Api","CorrelationId":"b2dc8a76-6315-4e1a-ba2c-d84e3be83094"}}
{"Timestamp":"2023-05-03T17:06:02.3526886+02:00","Level":"Information","MessageTemplate":"Entering {Method}","Properties":{"Method":"InitializeDropdownsAsync","SourceContext":"Birk.Client.Bestilling.Pages.Bestilling","TransportConnectionId":"Af3w1PDYvidKSv0JoVFuoQ","RequestId":"0HMQBSVJO4D3L:0000003D","RequestPath":"/_blazor","ConnectionId":"0HMQBSVJO4D3L","ApplicationName":"Barn.Api"}}
{"Timestamp":"2023-05-03T17:06:02.4667391+02:00","Level":"Information","MessageTemplate":"Entering {Method}","Properties":{"Method":"GetTypes","SourceContext":"Birk.Client.Bestilling.Services.Implementation.KodeverkService","TransportConnectionId":"Af3w1PDYvidKSv0JoVFuoQ","RequestId":"0HMQBSVJO4D3L:0000003D","RequestPath":"/_blazor","ConnectionId":"0HMQBSVJO4D3L","ApplicationName":"Barn.Api"}}
{"Timestamp":"2023-05-03T17:06:02.5233140+02:00","Level":"Information","MessageTemplate":"Exiting {Method}","Properties":{"Method":"InitializeDropdownsAsync","SourceContext":"Birk.Client.Bestilling.Pages.Bestilling","TransportConnectionId":"Af3w1PDYvidKSv0JoVFuoQ","RequestId":"0HMQBSVJO4D3L:0000003D","RequestPath":"/_blazor","ConnectionId":"0HMQBSVJO4D3L","ApplicationName":"Barn.Api"}}
{"Timestamp":"2023-05-03T17:06:08.7764548+02:00","Level":"Information","MessageTemplate":"Entering {Method}","Properties":{"Method":"GetKommunesAndBvtjenestes","SourceContext":"Birk.Client.Bestilling.Services.Implementation.KodeverkService","TransportConnectionId":"Af3w1PDYvidKSv0JoVFuoQ","RequestId":"0HMQBSVJO4D3L:0000003D","RequestPath":"/_blazor","ConnectionId":"0HMQBSVJO4D3L","ApplicationName":"Barn.Api"}}
{"Timestamp":"2023-05-03T17:06:17.1243054+02:00","Level":"Information","MessageTemplate":"Entering {Method}","Properties":{"Method":"GetBarnByFnr","SourceContext":"Birk.Client.Bestilling.Services.Implementation.BarnService","TransportConnectionId":"Af3w1PDYvidKSv0JoVFuoQ","RequestId":"0HMQBSVJO4D3L:0000003D","RequestPath":"/_blazor","ConnectionId":"0HMQBSVJO4D3L","ApplicationName":"Barn.Api"}}
{"Timestamp":"2023-05-03T17:07:59.1362751+02:00","Level":"Information","MessageTemplate":"Now listening on: {address}","Properties":{"address":"https://localhost:5001","EventId":{"Id":14,"Name":"ListeningOnAddress"},"SourceContext":"Microsoft.Hosting.Lifetime","ApplicationName":"Barn.Api"}}
{"Timestamp":"2023-05-03T17:07:59.1732689+02:00","Level":"Information","MessageTemplate":"Now listening on: {address}","Properties":{"address":"http://localhost:5000","EventId":{"Id":14,"Name":"ListeningOnAddress"},"SourceContext":"Microsoft.Hosting.Lifetime","ApplicationName":"Barn.Api"}}
{"Timestamp":"2023-05-03T17:07:59.1752923+02:00","Level":"Information","MessageTemplate":"Application started. Press Ctrl+C to shut down.","Properties":{"SourceContext":"Microsoft.Hosting.Lifetime","ApplicationName":"Barn.Api"}}
{"Timestamp":"2023-05-03T17:07:59.1755635+02:00","Level":"Information","MessageTemplate":"Hosting environment: {EnvName}","Properties":{"EnvName":"Development","SourceContext":"Microsoft.Hosting.Lifetime","ApplicationName":"Barn.Api"}}
{"Timestamp":"2023-05-03T17:07:59.1757119+02:00","Level":"Information","MessageTemplate":"Content root path: {ContentRoot}","Properties":{"ContentRoot":"C:\\Repos\\Birk.Bestillingsveiviser.Web\\Birk.Client.Bestilling","SourceContext":"Microsoft.Hosting.Lifetime","ApplicationName":"Barn.Api"}}
{"Timestamp":"2023-05-03T17:08:01.4660858+02:00","Level":"Information","MessageTemplate":"Entering {Method}","Properties":{"Method":"InitializeDropdownsAsync","SourceContext":"Birk.Client.Bestilling.Pages.Bestilling","ActionId":"862bfefd-a462-4170-8030-18a4c78bf04c","ActionName":"/_Host","RequestId":"0HMQBT0NC46NB:00000001","RequestPath":"/","ConnectionId":"0HMQBT0NC46NB","ApplicationName":"Barn.Api","CorrelationId":"40bf46a0-3d8b-4782-a9ce-c7e7f9d8e0c4"}}
{"Timestamp":"2023-05-03T17:08:01.4692992+02:00","Level":"Information","MessageTemplate":"Entering {Method}","Properties":{"Method":"GetTypes","SourceContext":"Birk.Client.Bestilling.Services.Implementation.KodeverkService","ActionId":"862bfefd-a462-4170-8030-18a4c78bf04c","ActionName":"/_Host","RequestId":"0HMQBT0NC46NB:00000001","RequestPath":"/","ConnectionId":"0HMQBT0NC46NB","ApplicationName":"Barn.Api","CorrelationId":"40bf46a0-3d8b-4782-a9ce-c7e7f9d8e0c4"}}
{"Timestamp":"2023-05-03T17:08:01.6781762+02:00","Level":"Information","MessageTemplate":"Exiting {Method}","Properties":{"Method":"InitializeDropdownsAsync","SourceContext":"Birk.Client.Bestilling.Pages.Bestilling","ActionId":"862bfefd-a462-4170-8030-18a4c78bf04c","ActionName":"/_Host","RequestId":"0HMQBT0NC46NB:00000001","RequestPath":"/","ConnectionId":"0HMQBT0NC46NB","ApplicationName":"Barn.Api","CorrelationId":"40bf46a0-3d8b-4782-a9ce-c7e7f9d8e0c4"}}
{"Timestamp":"2023-05-03T17:08:02.5310342+02:00","Level":"Information","MessageTemplate":"Entering {Method}","Properties":{"Method":"InitializeDropdownsAsync","SourceContext":"Birk.Client.Bestilling.Pages.Bestilling","TransportConnectionId":"xdBrcbNdaCFBZCLktzfQKw","RequestId":"0HMQBT0NC46NB:0000003D","RequestPath":"/_blazor","ConnectionId":"0HMQBT0NC46NB","ApplicationName":"Barn.Api"}}
{"Timestamp":"2023-05-03T17:08:02.6570344+02:00","Level":"Information","MessageTemplate":"Entering {Method}","Properties":{"Method":"GetTypes","SourceContext":"Birk.Client.Bestilling.Services.Implementation.KodeverkService","TransportConnectionId":"xdBrcbNdaCFBZCLktzfQKw","RequestId":"0HMQBT0NC46NB:0000003D","RequestPath":"/_blazor","ConnectionId":"0HMQBT0NC46NB","ApplicationName":"Barn.Api"}}
{"Timestamp":"2023-05-03T17:08:02.7621244+02:00","Level":"Information","MessageTemplate":"Exiting {Method}","Properties":{"Method":"InitializeDropdownsAsync","SourceContext":"Birk.Client.Bestilling.Pages.Bestilling","TransportConnectionId":"xdBrcbNdaCFBZCLktzfQKw","RequestId":"0HMQBT0NC46NB:0000003D","RequestPath":"/_blazor","ConnectionId":"0HMQBT0NC46NB","ApplicationName":"Barn.Api"}}
{"Timestamp":"2023-05-03T17:08:16.1157228+02:00","Level":"Information","MessageTemplate":"Entering {Method}","Properties":{"Method":"GetKommunesAndBvtjenestes","SourceContext":"Birk.Client.Bestilling.Services.Implementation.KodeverkService","TransportConnectionId":"xdBrcbNdaCFBZCLktzfQKw","RequestId":"0HMQBT0NC46NB:0000003D","RequestPath":"/_blazor","ConnectionId":"0HMQBT0NC46NB","ApplicationName":"Barn.Api"}}
{"Timestamp":"2023-05-03T17:08:27.3565535+02:00","Level":"Information","MessageTemplate":"Entering {Method}","Properties":{"Method":"GetBarnByFnr","SourceContext":"Birk.Client.Bestilling.Services.Implementation.BarnService","TransportConnectionId":"xdBrcbNdaCFBZCLktzfQKw","RequestId":"0HMQBT0NC46NB:0000003D","RequestPath":"/_blazor","ConnectionId":"0HMQBT0NC46NB","ApplicationName":"Barn.Api"}}
{"Timestamp":"2023-05-03T17:08:41.2336745+02:00","Level":"Information","MessageTemplate":"Entering {Method}","Properties":{"Method":"InitializeDropdownsAsync","SourceContext":"Birk.Client.Bestilling.Pages.Bestilling","ActionId":"862bfefd-a462-4170-8030-18a4c78bf04c","ActionName":"/_Host","RequestId":"0HMQBT0NC46NB:00000041","RequestPath":"/","ConnectionId":"0HMQBT0NC46NB","ApplicationName":"Barn.Api","CorrelationId":"088b2d0d-76f7-440b-a58c-52d269d7541a"}}
{"Timestamp":"2023-05-03T17:08:41.2339365+02:00","Level":"Information","MessageTemplate":"Entering {Method}","Properties":{"Method":"GetTypes","SourceContext":"Birk.Client.Bestilling.Services.Implementation.KodeverkService","ActionId":"862bfefd-a462-4170-8030-18a4c78bf04c","ActionName":"/_Host","RequestId":"0HMQBT0NC46NB:00000041","RequestPath":"/","ConnectionId":"0HMQBT0NC46NB","ApplicationName":"Barn.Api","CorrelationId":"088b2d0d-76f7-440b-a58c-52d269d7541a"}}
{"Timestamp":"2023-05-03T17:08:41.2551701+02:00","Level":"Information","MessageTemplate":"Exiting {Method}","Properties":{"Method":"InitializeDropdownsAsync","SourceContext":"Birk.Client.Bestilling.Pages.Bestilling","ActionId":"862bfefd-a462-4170-8030-18a4c78bf04c","ActionName":"/_Host","RequestId":"0HMQBT0NC46NB:00000041","RequestPath":"/","ConnectionId":"0HMQBT0NC46NB","ApplicationName":"Barn.Api","CorrelationId":"088b2d0d-76f7-440b-a58c-52d269d7541a"}}
{"Timestamp":"2023-05-03T17:08:41.7941611+02:00","Level":"Information","MessageTemplate":"Entering {Method}","Properties":{"Method":"InitializeDropdownsAsync","SourceContext":"Birk.Client.Bestilling.Pages.Bestilling","TransportConnectionId":"QFgMhuFw92LWQ46SJsDDmQ","RequestId":"0HMQBT0NC46NB:0000007F","RequestPath":"/_blazor","ConnectionId":"0HMQBT0NC46NB","ApplicationName":"Barn.Api"}}
{"Timestamp":"2023-05-03T17:08:41.8537313+02:00","Level":"Information","MessageTemplate":"Entering {Method}","Properties":{"Method":"GetTypes","SourceContext":"Birk.Client.Bestilling.Services.Implementation.KodeverkService","TransportConnectionId":"QFgMhuFw92LWQ46SJsDDmQ","RequestId":"0HMQBT0NC46NB:0000007F","RequestPath":"/_blazor","ConnectionId":"0HMQBT0NC46NB","ApplicationName":"Barn.Api"}}
{"Timestamp":"2023-05-03T17:08:42.4000047+02:00","Level":"Information","MessageTemplate":"Exiting {Method}","Properties":{"Method":"InitializeDropdownsAsync","SourceContext":"Birk.Client.Bestilling.Pages.Bestilling","TransportConnectionId":"QFgMhuFw92LWQ46SJsDDmQ","RequestId":"0HMQBT0NC46NB:0000007F","RequestPath":"/_blazor","ConnectionId":"0HMQBT0NC46NB","ApplicationName":"Barn.Api"}}
{"Timestamp":"2023-05-03T17:08:46.4802729+02:00","Level":"Information","MessageTemplate":"Entering {Method}","Properties":{"Method":"GetKommunesAndBvtjenestes","SourceContext":"Birk.Client.Bestilling.Services.Implementation.KodeverkService","TransportConnectionId":"QFgMhuFw92LWQ46SJsDDmQ","RequestId":"0HMQBT0NC46NB:0000007F","RequestPath":"/_blazor","ConnectionId":"0HMQBT0NC46NB","ApplicationName":"Barn.Api"}}
{"Timestamp":"2023-05-03T17:08:54.5054946+02:00","Level":"Information","MessageTemplate":"Entering {Method}","Properties":{"Method":"GetBarnByFnr","SourceContext":"Birk.Client.Bestilling.Services.Implementation.BarnService","TransportConnectionId":"QFgMhuFw92LWQ46SJsDDmQ","RequestId":"0HMQBT0NC46NB:0000007F","RequestPath":"/_blazor","ConnectionId":"0HMQBT0NC46NB","ApplicationName":"Barn.Api"}}
{"Timestamp":"2023-05-03T17:09:26.1332258+02:00","Level":"Information","MessageTemplate":"Entering {Method}","Properties":{"Method":"InitializeDropdownsAsync","SourceContext":"Birk.Client.Bestilling.Pages.Bestilling","ActionId":"862bfefd-a462-4170-8030-18a4c78bf04c","ActionName":"/_Host","RequestId":"0HMQBT0NC46NB:00000085","RequestPath":"/","ConnectionId":"0HMQBT0NC46NB","ApplicationName":"Barn.Api","CorrelationId":"ede8a65a-85ea-4ea6-97a1-cef46c70f097"}}
{"Timestamp":"2023-05-03T17:09:26.1335163+02:00","Level":"Information","MessageTemplate":"Entering {Method}","Properties":{"Method":"GetTypes","SourceContext":"Birk.Client.Bestilling.Services.Implementation.KodeverkService","ActionId":"862bfefd-a462-4170-8030-18a4c78bf04c","ActionName":"/_Host","RequestId":"0HMQBT0NC46NB:00000085","RequestPath":"/","ConnectionId":"0HMQBT0NC46NB","ApplicationName":"Barn.Api","CorrelationId":"ede8a65a-85ea-4ea6-97a1-cef46c70f097"}}
{"Timestamp":"2023-05-03T17:09:26.1612152+02:00","Level":"Information","MessageTemplate":"Exiting {Method}","Properties":{"Method":"InitializeDropdownsAsync","SourceContext":"Birk.Client.Bestilling.Pages.Bestilling","ActionId":"862bfefd-a462-4170-8030-18a4c78bf04c","ActionName":"/_Host","RequestId":"0HMQBT0NC46NB:00000085","RequestPath":"/","ConnectionId":"0HMQBT0NC46NB","ApplicationName":"Barn.Api","CorrelationId":"ede8a65a-85ea-4ea6-97a1-cef46c70f097"}}
{"Timestamp":"2023-05-03T17:09:27.4972156+02:00","Level":"Information","MessageTemplate":"Entering {Method}","Properties":{"Method":"InitializeDropdownsAsync","SourceContext":"Birk.Client.Bestilling.Pages.Bestilling","TransportConnectionId":"efc8dql6Z3r8Bq2eoZ5rUw","RequestId":"0HMQBT0NC46NB:000000C3","RequestPath":"/_blazor","ConnectionId":"0HMQBT0NC46NB","ApplicationName":"Barn.Api"}}
{"Timestamp":"2023-05-03T17:09:27.5632578+02:00","Level":"Information","MessageTemplate":"Entering {Method}","Properties":{"Method":"GetTypes","SourceContext":"Birk.Client.Bestilling.Services.Implementation.KodeverkService","TransportConnectionId":"efc8dql6Z3r8Bq2eoZ5rUw","RequestId":"0HMQBT0NC46NB:000000C3","RequestPath":"/_blazor","ConnectionId":"0HMQBT0NC46NB","ApplicationName":"Barn.Api"}}
{"Timestamp":"2023-05-03T17:09:27.9506368+02:00","Level":"Information","MessageTemplate":"Exiting {Method}","Properties":{"Method":"InitializeDropdownsAsync","SourceContext":"Birk.Client.Bestilling.Pages.Bestilling","TransportConnectionId":"efc8dql6Z3r8Bq2eoZ5rUw","RequestId":"0HMQBT0NC46NB:000000C3","RequestPath":"/_blazor","ConnectionId":"0HMQBT0NC46NB","ApplicationName":"Barn.Api"}}
{"Timestamp":"2023-05-03T17:09:31.6287299+02:00","Level":"Information","MessageTemplate":"Entering {Method}","Properties":{"Method":"GetKommunesAndBvtjenestes","SourceContext":"Birk.Client.Bestilling.Services.Implementation.KodeverkService","TransportConnectionId":"efc8dql6Z3r8Bq2eoZ5rUw","RequestId":"0HMQBT0NC46NB:000000C3","RequestPath":"/_blazor","ConnectionId":"0HMQBT0NC46NB","ApplicationName":"Barn.Api"}}
