{"Timestamp":"2023-05-10T00:39:43.2778731+02:00","Level":"Information","MessageTemplate":"Now listening on: {address}","Properties":{"address":"https://localhost:5001","EventId":{"Id":14,"Name":"ListeningOnAddress"},"SourceContext":"Microsoft.Hosting.Lifetime","ApplicationName":"Barn.Api"}}
{"Timestamp":"2023-05-10T00:39:43.3216397+02:00","Level":"Information","MessageTemplate":"Now listening on: {address}","Properties":{"address":"http://localhost:5000","EventId":{"Id":14,"Name":"ListeningOnAddress"},"SourceContext":"Microsoft.Hosting.Lifetime","ApplicationName":"Barn.Api"}}
{"Timestamp":"2023-05-10T00:39:43.3237846+02:00","Level":"Information","MessageTemplate":"Application started. Press Ctrl+C to shut down.","Properties":{"SourceContext":"Microsoft.Hosting.Lifetime","ApplicationName":"Barn.Api"}}
{"Timestamp":"2023-05-10T00:39:43.3240468+02:00","Level":"Information","MessageTemplate":"Hosting environment: {EnvName}","Properties":{"EnvName":"Development","SourceContext":"Microsoft.Hosting.Lifetime","ApplicationName":"Barn.Api"}}
{"Timestamp":"2023-05-10T00:39:43.3241402+02:00","Level":"Information","MessageTemplate":"Content root path: {ContentRoot}","Properties":{"ContentRoot":"C:\\Repos\\Birk.Bestillingsveiviser.Web\\Birk.Client.Bestilling","SourceContext":"Microsoft.Hosting.Lifetime","ApplicationName":"Barn.Api"}}
{"Timestamp":"2023-05-10T00:39:44.8241592+02:00","Level":"Information","MessageTemplate":"Entering {Method}","Properties":{"Method":"InitializeDropdownsAsync","SourceContext":"Birk.Client.Bestilling.Pages.Bestilling","ActionId":"ee7cff25-7dba-4020-9801-e84efc791e56","ActionName":"/_Host","RequestId":"0HMQGRP48FJ7Q:00000001","RequestPath":"/","ConnectionId":"0HMQGRP48FJ7Q","ApplicationName":"Barn.Api","CorrelationId":"c6d20694-6807-4da9-a3b1-4894e8e8ed45"}}
{"Timestamp":"2023-05-10T00:39:44.8296178+02:00","Level":"Information","MessageTemplate":"Entering {Method}","Properties":{"Method":"GetTypes","SourceContext":"Birk.Client.Bestilling.Services.Implementation.KodeverkService","ActionId":"ee7cff25-7dba-4020-9801-e84efc791e56","ActionName":"/_Host","RequestId":"0HMQGRP48FJ7Q:00000001","RequestPath":"/","ConnectionId":"0HMQGRP48FJ7Q","ApplicationName":"Barn.Api","CorrelationId":"c6d20694-6807-4da9-a3b1-4894e8e8ed45"}}
{"Timestamp":"2023-05-10T00:39:48.6292029+02:00","Level":"Information","MessageTemplate":"Exiting {Method}","Properties":{"Method":"InitializeDropdownsAsync","SourceContext":"Birk.Client.Bestilling.Pages.Bestilling","ActionId":"ee7cff25-7dba-4020-9801-e84efc791e56","ActionName":"/_Host","RequestId":"0HMQGRP48FJ7Q:00000001","RequestPath":"/","ConnectionId":"0HMQGRP48FJ7Q","ApplicationName":"Barn.Api","CorrelationId":"c6d20694-6807-4da9-a3b1-4894e8e8ed45"}}
{"Timestamp":"2023-05-10T00:39:49.4045099+02:00","Level":"Information","MessageTemplate":"Entering {Method}","Properties":{"Method":"InitializeDropdownsAsync","SourceContext":"Birk.Client.Bestilling.Pages.Bestilling","TransportConnectionId":"ZKIf46rMD1YDkLe-o8nBEg","RequestId":"0HMQGRP48FJ7Q:0000003D","RequestPath":"/_blazor","ConnectionId":"0HMQGRP48FJ7Q","ApplicationName":"Barn.Api"}}
{"Timestamp":"2023-05-10T00:39:49.5179394+02:00","Level":"Information","MessageTemplate":"Entering {Method}","Properties":{"Method":"GetTypes","SourceContext":"Birk.Client.Bestilling.Services.Implementation.KodeverkService","TransportConnectionId":"ZKIf46rMD1YDkLe-o8nBEg","RequestId":"0HMQGRP48FJ7Q:0000003D","RequestPath":"/_blazor","ConnectionId":"0HMQGRP48FJ7Q","ApplicationName":"Barn.Api"}}
{"Timestamp":"2023-05-10T00:39:49.6309891+02:00","Level":"Information","MessageTemplate":"Exiting {Method}","Properties":{"Method":"InitializeDropdownsAsync","SourceContext":"Birk.Client.Bestilling.Pages.Bestilling","TransportConnectionId":"ZKIf46rMD1YDkLe-o8nBEg","RequestId":"0HMQGRP48FJ7Q:0000003D","RequestPath":"/_blazor","ConnectionId":"0HMQGRP48FJ7Q","ApplicationName":"Barn.Api"}}
{"Timestamp":"2023-05-10T00:39:51.3241103+02:00","Level":"Information","MessageTemplate":"Entering {Method}","Properties":{"Method":"GetKommunesAndBvtjenestes","SourceContext":"Birk.Client.Bestilling.Services.Implementation.KodeverkService","TransportConnectionId":"ZKIf46rMD1YDkLe-o8nBEg","RequestId":"0HMQGRP48FJ7Q:0000003D","RequestPath":"/_blazor","ConnectionId":"0HMQGRP48FJ7Q","ApplicationName":"Barn.Api"}}
{"Timestamp":"2023-05-10T00:41:38.3912024+02:00","Level":"Information","MessageTemplate":"Now listening on: {address}","Properties":{"address":"https://localhost:5001","EventId":{"Id":14,"Name":"ListeningOnAddress"},"SourceContext":"Microsoft.Hosting.Lifetime","ApplicationName":"Barn.Api"}}
{"Timestamp":"2023-05-10T00:41:38.4375774+02:00","Level":"Information","MessageTemplate":"Now listening on: {address}","Properties":{"address":"http://localhost:5000","EventId":{"Id":14,"Name":"ListeningOnAddress"},"SourceContext":"Microsoft.Hosting.Lifetime","ApplicationName":"Barn.Api"}}
{"Timestamp":"2023-05-10T00:41:38.4395351+02:00","Level":"Information","MessageTemplate":"Application started. Press Ctrl+C to shut down.","Properties":{"SourceContext":"Microsoft.Hosting.Lifetime","ApplicationName":"Barn.Api"}}
{"Timestamp":"2023-05-10T00:41:38.4397670+02:00","Level":"Information","MessageTemplate":"Hosting environment: {EnvName}","Properties":{"EnvName":"Development","SourceContext":"Microsoft.Hosting.Lifetime","ApplicationName":"Barn.Api"}}
{"Timestamp":"2023-05-10T00:41:38.4399606+02:00","Level":"Information","MessageTemplate":"Content root path: {ContentRoot}","Properties":{"ContentRoot":"C:\\Repos\\Birk.Bestillingsveiviser.Web\\Birk.Client.Bestilling","SourceContext":"Microsoft.Hosting.Lifetime","ApplicationName":"Barn.Api"}}
{"Timestamp":"2023-05-10T00:41:39.9066643+02:00","Level":"Information","MessageTemplate":"Entering {Method}","Properties":{"Method":"InitializeDropdownsAsync","SourceContext":"Birk.Client.Bestilling.Pages.Bestilling","ActionId":"a7635b4c-36d9-48f8-9653-db7d664fd580","ActionName":"/_Host","RequestId":"0HMQGRQ6K4MP6:00000001","RequestPath":"/","ConnectionId":"0HMQGRQ6K4MP6","ApplicationName":"Barn.Api","CorrelationId":"68d66f54-9868-4445-a4f8-d14960d00193"}}
{"Timestamp":"2023-05-10T00:41:39.9111972+02:00","Level":"Information","MessageTemplate":"Entering {Method}","Properties":{"Method":"GetTypes","SourceContext":"Birk.Client.Bestilling.Services.Implementation.KodeverkService","ActionId":"a7635b4c-36d9-48f8-9653-db7d664fd580","ActionName":"/_Host","RequestId":"0HMQGRQ6K4MP6:00000001","RequestPath":"/","ConnectionId":"0HMQGRQ6K4MP6","ApplicationName":"Barn.Api","CorrelationId":"68d66f54-9868-4445-a4f8-d14960d00193"}}
{"Timestamp":"2023-05-10T00:41:40.1179805+02:00","Level":"Information","MessageTemplate":"Exiting {Method}","Properties":{"Method":"InitializeDropdownsAsync","SourceContext":"Birk.Client.Bestilling.Pages.Bestilling","ActionId":"a7635b4c-36d9-48f8-9653-db7d664fd580","ActionName":"/_Host","RequestId":"0HMQGRQ6K4MP6:00000001","RequestPath":"/","ConnectionId":"0HMQGRQ6K4MP6","ApplicationName":"Barn.Api","CorrelationId":"68d66f54-9868-4445-a4f8-d14960d00193"}}
{"Timestamp":"2023-05-10T00:41:41.0284879+02:00","Level":"Information","MessageTemplate":"Entering {Method}","Properties":{"Method":"InitializeDropdownsAsync","SourceContext":"Birk.Client.Bestilling.Pages.Bestilling","TransportConnectionId":"bZkK6RYkf3AQ0ALYWeNZVw","RequestId":"0HMQGRQ6K4MP6:0000003D","RequestPath":"/_blazor","ConnectionId":"0HMQGRQ6K4MP6","ApplicationName":"Barn.Api"}}
{"Timestamp":"2023-05-10T00:41:41.1612656+02:00","Level":"Information","MessageTemplate":"Entering {Method}","Properties":{"Method":"GetTypes","SourceContext":"Birk.Client.Bestilling.Services.Implementation.KodeverkService","TransportConnectionId":"bZkK6RYkf3AQ0ALYWeNZVw","RequestId":"0HMQGRQ6K4MP6:0000003D","RequestPath":"/_blazor","ConnectionId":"0HMQGRQ6K4MP6","ApplicationName":"Barn.Api"}}
{"Timestamp":"2023-05-10T00:41:41.2850705+02:00","Level":"Information","MessageTemplate":"Exiting {Method}","Properties":{"Method":"InitializeDropdownsAsync","SourceContext":"Birk.Client.Bestilling.Pages.Bestilling","TransportConnectionId":"bZkK6RYkf3AQ0ALYWeNZVw","RequestId":"0HMQGRQ6K4MP6:0000003D","RequestPath":"/_blazor","ConnectionId":"0HMQGRQ6K4MP6","ApplicationName":"Barn.Api"}}
{"Timestamp":"2023-05-10T00:41:43.4627843+02:00","Level":"Information","MessageTemplate":"Entering {Method}","Properties":{"Method":"GetKommunesAndBvtjenestes","SourceContext":"Birk.Client.Bestilling.Services.Implementation.KodeverkService","TransportConnectionId":"bZkK6RYkf3AQ0ALYWeNZVw","RequestId":"0HMQGRQ6K4MP6:0000003D","RequestPath":"/_blazor","ConnectionId":"0HMQGRQ6K4MP6","ApplicationName":"Barn.Api"}}
{"Timestamp":"2023-05-10T00:42:28.3868737+02:00","Level":"Information","MessageTemplate":"Now listening on: {address}","Properties":{"address":"https://localhost:5001","EventId":{"Id":14,"Name":"ListeningOnAddress"},"SourceContext":"Microsoft.Hosting.Lifetime","ApplicationName":"Barn.Api"}}
{"Timestamp":"2023-05-10T00:42:28.7953372+02:00","Level":"Information","MessageTemplate":"Now listening on: {address}","Properties":{"address":"http://localhost:5000","EventId":{"Id":14,"Name":"ListeningOnAddress"},"SourceContext":"Microsoft.Hosting.Lifetime","ApplicationName":"Barn.Api"}}
{"Timestamp":"2023-05-10T00:42:28.8351260+02:00","Level":"Information","MessageTemplate":"Application started. Press Ctrl+C to shut down.","Properties":{"SourceContext":"Microsoft.Hosting.Lifetime","ApplicationName":"Barn.Api"}}
{"Timestamp":"2023-05-10T00:42:28.8353732+02:00","Level":"Information","MessageTemplate":"Hosting environment: {EnvName}","Properties":{"EnvName":"Development","SourceContext":"Microsoft.Hosting.Lifetime","ApplicationName":"Barn.Api"}}
{"Timestamp":"2023-05-10T00:42:28.8355081+02:00","Level":"Information","MessageTemplate":"Content root path: {ContentRoot}","Properties":{"ContentRoot":"C:\\Repos\\Birk.Bestillingsveiviser.Web\\Birk.Client.Bestilling","SourceContext":"Microsoft.Hosting.Lifetime","ApplicationName":"Barn.Api"}}
{"Timestamp":"2023-05-10T00:42:29.7672059+02:00","Level":"Information","MessageTemplate":"Entering {Method}","Properties":{"Method":"InitializeDropdownsAsync","SourceContext":"Birk.Client.Bestilling.Pages.Bestilling","ActionId":"a93fe42e-c756-4f96-9638-b85b2e7f0f28","ActionName":"/_Host","RequestId":"0HMQGRQLF2A1D:00000001","RequestPath":"/","ConnectionId":"0HMQGRQLF2A1D","ApplicationName":"Barn.Api","CorrelationId":"295a2821-88c3-4f8e-bd2b-91a864faa97a"}}
{"Timestamp":"2023-05-10T00:42:29.7707347+02:00","Level":"Information","MessageTemplate":"Entering {Method}","Properties":{"Method":"GetTypes","SourceContext":"Birk.Client.Bestilling.Services.Implementation.KodeverkService","ActionId":"a93fe42e-c756-4f96-9638-b85b2e7f0f28","ActionName":"/_Host","RequestId":"0HMQGRQLF2A1D:00000001","RequestPath":"/","ConnectionId":"0HMQGRQLF2A1D","ApplicationName":"Barn.Api","CorrelationId":"295a2821-88c3-4f8e-bd2b-91a864faa97a"}}
{"Timestamp":"2023-05-10T00:42:30.0234371+02:00","Level":"Information","MessageTemplate":"Exiting {Method}","Properties":{"Method":"InitializeDropdownsAsync","SourceContext":"Birk.Client.Bestilling.Pages.Bestilling","ActionId":"a93fe42e-c756-4f96-9638-b85b2e7f0f28","ActionName":"/_Host","RequestId":"0HMQGRQLF2A1D:00000001","RequestPath":"/","ConnectionId":"0HMQGRQLF2A1D","ApplicationName":"Barn.Api","CorrelationId":"295a2821-88c3-4f8e-bd2b-91a864faa97a"}}
{"Timestamp":"2023-05-10T00:42:30.9027790+02:00","Level":"Information","MessageTemplate":"Entering {Method}","Properties":{"Method":"InitializeDropdownsAsync","SourceContext":"Birk.Client.Bestilling.Pages.Bestilling","TransportConnectionId":"UQ6mlleuFRPdBoMzeZQaSA","RequestId":"0HMQGRQLF2A1D:0000003D","RequestPath":"/_blazor","ConnectionId":"0HMQGRQLF2A1D","ApplicationName":"Barn.Api"}}
{"Timestamp":"2023-05-10T00:42:31.0776791+02:00","Level":"Information","MessageTemplate":"Entering {Method}","Properties":{"Method":"GetTypes","SourceContext":"Birk.Client.Bestilling.Services.Implementation.KodeverkService","TransportConnectionId":"UQ6mlleuFRPdBoMzeZQaSA","RequestId":"0HMQGRQLF2A1D:0000003D","RequestPath":"/_blazor","ConnectionId":"0HMQGRQLF2A1D","ApplicationName":"Barn.Api"}}
{"Timestamp":"2023-05-10T00:42:31.2178094+02:00","Level":"Information","MessageTemplate":"Exiting {Method}","Properties":{"Method":"InitializeDropdownsAsync","SourceContext":"Birk.Client.Bestilling.Pages.Bestilling","TransportConnectionId":"UQ6mlleuFRPdBoMzeZQaSA","RequestId":"0HMQGRQLF2A1D:0000003D","RequestPath":"/_blazor","ConnectionId":"0HMQGRQLF2A1D","ApplicationName":"Barn.Api"}}
{"Timestamp":"2023-05-10T00:42:32.6436215+02:00","Level":"Information","MessageTemplate":"Entering {Method}","Properties":{"Method":"GetKommunesAndBvtjenestes","SourceContext":"Birk.Client.Bestilling.Services.Implementation.KodeverkService","TransportConnectionId":"UQ6mlleuFRPdBoMzeZQaSA","RequestId":"0HMQGRQLF2A1D:0000003D","RequestPath":"/_blazor","ConnectionId":"0HMQGRQLF2A1D","ApplicationName":"Barn.Api"}}
{"Timestamp":"2023-05-10T00:42:48.1637438+02:00","Level":"Information","MessageTemplate":"Entering {Method}","Properties":{"Method":"GetBarnByFnr","SourceContext":"Birk.Client.Bestilling.Services.Implementation.BarnService","TransportConnectionId":"UQ6mlleuFRPdBoMzeZQaSA","RequestId":"0HMQGRQLF2A1D:0000003D","RequestPath":"/_blazor","ConnectionId":"0HMQGRQLF2A1D","ApplicationName":"Barn.Api"}}
{"Timestamp":"2023-05-10T00:44:04.7296658+02:00","Level":"Information","MessageTemplate":"Now listening on: {address}","Properties":{"address":"https://localhost:5001","EventId":{"Id":14,"Name":"ListeningOnAddress"},"SourceContext":"Microsoft.Hosting.Lifetime","ApplicationName":"Barn.Api"}}
{"Timestamp":"2023-05-10T00:44:04.7662848+02:00","Level":"Information","MessageTemplate":"Now listening on: {address}","Properties":{"address":"http://localhost:5000","EventId":{"Id":14,"Name":"ListeningOnAddress"},"SourceContext":"Microsoft.Hosting.Lifetime","ApplicationName":"Barn.Api"}}
{"Timestamp":"2023-05-10T00:44:04.7676798+02:00","Level":"Information","MessageTemplate":"Application started. Press Ctrl+C to shut down.","Properties":{"SourceContext":"Microsoft.Hosting.Lifetime","ApplicationName":"Barn.Api"}}
{"Timestamp":"2023-05-10T00:44:04.7678638+02:00","Level":"Information","MessageTemplate":"Hosting environment: {EnvName}","Properties":{"EnvName":"Development","SourceContext":"Microsoft.Hosting.Lifetime","ApplicationName":"Barn.Api"}}
{"Timestamp":"2023-05-10T00:44:04.7679261+02:00","Level":"Information","MessageTemplate":"Content root path: {ContentRoot}","Properties":{"ContentRoot":"C:\\Repos\\Birk.Bestillingsveiviser.Web\\Birk.Client.Bestilling","SourceContext":"Microsoft.Hosting.Lifetime","ApplicationName":"Barn.Api"}}
{"Timestamp":"2023-05-10T00:44:06.6041193+02:00","Level":"Information","MessageTemplate":"Entering {Method}","Properties":{"Method":"InitializeDropdownsAsync","SourceContext":"Birk.Client.Bestilling.Pages.Bestilling","ActionId":"f2e7c7a9-ae51-47ae-9f43-e66c064361ed","ActionName":"/_Host","RequestId":"0HMQGRRI7OJ49:00000001","RequestPath":"/","ConnectionId":"0HMQGRRI7OJ49","ApplicationName":"Barn.Api","CorrelationId":"fbf0bad0-cc48-41f8-a05d-46e43f34f714"}}
{"Timestamp":"2023-05-10T00:44:06.6078381+02:00","Level":"Information","MessageTemplate":"Entering {Method}","Properties":{"Method":"GetTypes","SourceContext":"Birk.Client.Bestilling.Services.Implementation.KodeverkService","ActionId":"f2e7c7a9-ae51-47ae-9f43-e66c064361ed","ActionName":"/_Host","RequestId":"0HMQGRRI7OJ49:00000001","RequestPath":"/","ConnectionId":"0HMQGRRI7OJ49","ApplicationName":"Barn.Api","CorrelationId":"fbf0bad0-cc48-41f8-a05d-46e43f34f714"}}
{"Timestamp":"2023-05-10T00:44:06.8818500+02:00","Level":"Information","MessageTemplate":"Exiting {Method}","Properties":{"Method":"InitializeDropdownsAsync","SourceContext":"Birk.Client.Bestilling.Pages.Bestilling","ActionId":"f2e7c7a9-ae51-47ae-9f43-e66c064361ed","ActionName":"/_Host","RequestId":"0HMQGRRI7OJ49:00000001","RequestPath":"/","ConnectionId":"0HMQGRRI7OJ49","ApplicationName":"Barn.Api","CorrelationId":"fbf0bad0-cc48-41f8-a05d-46e43f34f714"}}
{"Timestamp":"2023-05-10T00:44:08.4106323+02:00","Level":"Information","MessageTemplate":"Entering {Method}","Properties":{"Method":"InitializeDropdownsAsync","SourceContext":"Birk.Client.Bestilling.Pages.Bestilling","TransportConnectionId":"30EBxpfEJDXAEunQ6cVH_w","RequestId":"0HMQGRRI7OJ49:0000003D","RequestPath":"/_blazor","ConnectionId":"0HMQGRRI7OJ49","ApplicationName":"Barn.Api"}}
{"Timestamp":"2023-05-10T00:44:08.5693804+02:00","Level":"Information","MessageTemplate":"Entering {Method}","Properties":{"Method":"GetTypes","SourceContext":"Birk.Client.Bestilling.Services.Implementation.KodeverkService","TransportConnectionId":"30EBxpfEJDXAEunQ6cVH_w","RequestId":"0HMQGRRI7OJ49:0000003D","RequestPath":"/_blazor","ConnectionId":"0HMQGRRI7OJ49","ApplicationName":"Barn.Api"}}
{"Timestamp":"2023-05-10T00:44:08.8005779+02:00","Level":"Information","MessageTemplate":"Exiting {Method}","Properties":{"Method":"InitializeDropdownsAsync","SourceContext":"Birk.Client.Bestilling.Pages.Bestilling","TransportConnectionId":"30EBxpfEJDXAEunQ6cVH_w","RequestId":"0HMQGRRI7OJ49:0000003D","RequestPath":"/_blazor","ConnectionId":"0HMQGRRI7OJ49","ApplicationName":"Barn.Api"}}
{"Timestamp":"2023-05-10T00:44:10.1035335+02:00","Level":"Information","MessageTemplate":"Entering {Method}","Properties":{"Method":"GetKommunesAndBvtjenestes","SourceContext":"Birk.Client.Bestilling.Services.Implementation.KodeverkService","TransportConnectionId":"30EBxpfEJDXAEunQ6cVH_w","RequestId":"0HMQGRRI7OJ49:0000003D","RequestPath":"/_blazor","ConnectionId":"0HMQGRRI7OJ49","ApplicationName":"Barn.Api"}}
{"Timestamp":"2023-05-10T00:44:22.4834072+02:00","Level":"Information","MessageTemplate":"Entering {Method}","Properties":{"Method":"GetBarnByFnr","SourceContext":"Birk.Client.Bestilling.Services.Implementation.BarnService","TransportConnectionId":"30EBxpfEJDXAEunQ6cVH_w","RequestId":"0HMQGRRI7OJ49:0000003D","RequestPath":"/_blazor","ConnectionId":"0HMQGRRI7OJ49","ApplicationName":"Barn.Api"}}
{"Timestamp":"2023-05-10T00:45:39.3886418+02:00","Level":"Information","MessageTemplate":"Now listening on: {address}","Properties":{"address":"https://localhost:5001","EventId":{"Id":14,"Name":"ListeningOnAddress"},"SourceContext":"Microsoft.Hosting.Lifetime","ApplicationName":"Barn.Api"}}
{"Timestamp":"2023-05-10T00:45:39.4345729+02:00","Level":"Information","MessageTemplate":"Now listening on: {address}","Properties":{"address":"http://localhost:5000","EventId":{"Id":14,"Name":"ListeningOnAddress"},"SourceContext":"Microsoft.Hosting.Lifetime","ApplicationName":"Barn.Api"}}
{"Timestamp":"2023-05-10T00:45:39.4362992+02:00","Level":"Information","MessageTemplate":"Application started. Press Ctrl+C to shut down.","Properties":{"SourceContext":"Microsoft.Hosting.Lifetime","ApplicationName":"Barn.Api"}}
{"Timestamp":"2023-05-10T00:45:39.4364990+02:00","Level":"Information","MessageTemplate":"Hosting environment: {EnvName}","Properties":{"EnvName":"Development","SourceContext":"Microsoft.Hosting.Lifetime","ApplicationName":"Barn.Api"}}
{"Timestamp":"2023-05-10T00:45:39.4365717+02:00","Level":"Information","MessageTemplate":"Content root path: {ContentRoot}","Properties":{"ContentRoot":"C:\\Repos\\Birk.Bestillingsveiviser.Web\\Birk.Client.Bestilling","SourceContext":"Microsoft.Hosting.Lifetime","ApplicationName":"Barn.Api"}}
{"Timestamp":"2023-05-10T00:45:41.1568900+02:00","Level":"Information","MessageTemplate":"Entering {Method}","Properties":{"Method":"InitializeDropdownsAsync","SourceContext":"Birk.Client.Bestilling.Pages.Bestilling","ActionId":"58de6159-3b64-4df4-9613-fe603d2ae4f1","ActionName":"/_Host","RequestId":"0HMQGRSEG5BML:00000001","RequestPath":"/","ConnectionId":"0HMQGRSEG5BML","ApplicationName":"Barn.Api","CorrelationId":"0e7e21d1-771b-4e36-a807-f3c2e21c9a70"}}
{"Timestamp":"2023-05-10T00:45:41.1602150+02:00","Level":"Information","MessageTemplate":"Entering {Method}","Properties":{"Method":"GetTypes","SourceContext":"Birk.Client.Bestilling.Services.Implementation.KodeverkService","ActionId":"58de6159-3b64-4df4-9613-fe603d2ae4f1","ActionName":"/_Host","RequestId":"0HMQGRSEG5BML:00000001","RequestPath":"/","ConnectionId":"0HMQGRSEG5BML","ApplicationName":"Barn.Api","CorrelationId":"0e7e21d1-771b-4e36-a807-f3c2e21c9a70"}}
{"Timestamp":"2023-05-10T00:45:41.3670168+02:00","Level":"Information","MessageTemplate":"Exiting {Method}","Properties":{"Method":"InitializeDropdownsAsync","SourceContext":"Birk.Client.Bestilling.Pages.Bestilling","ActionId":"58de6159-3b64-4df4-9613-fe603d2ae4f1","ActionName":"/_Host","RequestId":"0HMQGRSEG5BML:00000001","RequestPath":"/","ConnectionId":"0HMQGRSEG5BML","ApplicationName":"Barn.Api","CorrelationId":"0e7e21d1-771b-4e36-a807-f3c2e21c9a70"}}
{"Timestamp":"2023-05-10T00:45:42.1703118+02:00","Level":"Information","MessageTemplate":"Entering {Method}","Properties":{"Method":"InitializeDropdownsAsync","SourceContext":"Birk.Client.Bestilling.Pages.Bestilling","TransportConnectionId":"31CmvJiWXKx6kpBDrNa7vw","RequestId":"0HMQGRSEG5BML:0000003D","RequestPath":"/_blazor","ConnectionId":"0HMQGRSEG5BML","ApplicationName":"Barn.Api"}}
{"Timestamp":"2023-05-10T00:45:42.2889382+02:00","Level":"Information","MessageTemplate":"Entering {Method}","Properties":{"Method":"GetTypes","SourceContext":"Birk.Client.Bestilling.Services.Implementation.KodeverkService","TransportConnectionId":"31CmvJiWXKx6kpBDrNa7vw","RequestId":"0HMQGRSEG5BML:0000003D","RequestPath":"/_blazor","ConnectionId":"0HMQGRSEG5BML","ApplicationName":"Barn.Api"}}
{"Timestamp":"2023-05-10T00:45:42.4281609+02:00","Level":"Information","MessageTemplate":"Exiting {Method}","Properties":{"Method":"InitializeDropdownsAsync","SourceContext":"Birk.Client.Bestilling.Pages.Bestilling","TransportConnectionId":"31CmvJiWXKx6kpBDrNa7vw","RequestId":"0HMQGRSEG5BML:0000003D","RequestPath":"/_blazor","ConnectionId":"0HMQGRSEG5BML","ApplicationName":"Barn.Api"}}
{"Timestamp":"2023-05-10T00:45:43.9655719+02:00","Level":"Information","MessageTemplate":"Entering {Method}","Properties":{"Method":"GetKommunesAndBvtjenestes","SourceContext":"Birk.Client.Bestilling.Services.Implementation.KodeverkService","TransportConnectionId":"31CmvJiWXKx6kpBDrNa7vw","RequestId":"0HMQGRSEG5BML:0000003D","RequestPath":"/_blazor","ConnectionId":"0HMQGRSEG5BML","ApplicationName":"Barn.Api"}}
{"Timestamp":"2023-05-10T00:45:52.4949386+02:00","Level":"Information","MessageTemplate":"Entering {Method}","Properties":{"Method":"GetBarnByFnr","SourceContext":"Birk.Client.Bestilling.Services.Implementation.BarnService","TransportConnectionId":"31CmvJiWXKx6kpBDrNa7vw","RequestId":"0HMQGRSEG5BML:0000003D","RequestPath":"/_blazor","ConnectionId":"0HMQGRSEG5BML","ApplicationName":"Barn.Api"}}
{"Timestamp":"2023-05-10T00:46:06.4295663+02:00","Level":"Information","MessageTemplate":"Entering {Method}","Properties":{"Method":"GetBarnByFnr","SourceContext":"Birk.Client.Bestilling.Services.Implementation.BarnService","TransportConnectionId":"31CmvJiWXKx6kpBDrNa7vw","RequestId":"0HMQGRSEG5BML:0000003D","RequestPath":"/_blazor","ConnectionId":"0HMQGRSEG5BML","ApplicationName":"Barn.Api"}}
{"Timestamp":"2023-05-10T00:48:33.4555497+02:00","Level":"Information","MessageTemplate":"Now listening on: {address}","Properties":{"address":"https://localhost:5001","EventId":{"Id":14,"Name":"ListeningOnAddress"},"SourceContext":"Microsoft.Hosting.Lifetime","ApplicationName":"Barn.Api"}}
{"Timestamp":"2023-05-10T00:48:33.4974779+02:00","Level":"Information","MessageTemplate":"Now listening on: {address}","Properties":{"address":"http://localhost:5000","EventId":{"Id":14,"Name":"ListeningOnAddress"},"SourceContext":"Microsoft.Hosting.Lifetime","ApplicationName":"Barn.Api"}}
{"Timestamp":"2023-05-10T00:48:33.4997127+02:00","Level":"Information","MessageTemplate":"Application started. Press Ctrl+C to shut down.","Properties":{"SourceContext":"Microsoft.Hosting.Lifetime","ApplicationName":"Barn.Api"}}
{"Timestamp":"2023-05-10T00:48:33.5001202+02:00","Level":"Information","MessageTemplate":"Hosting environment: {EnvName}","Properties":{"EnvName":"Development","SourceContext":"Microsoft.Hosting.Lifetime","ApplicationName":"Barn.Api"}}
{"Timestamp":"2023-05-10T00:48:33.5002104+02:00","Level":"Information","MessageTemplate":"Content root path: {ContentRoot}","Properties":{"ContentRoot":"C:\\Repos\\Birk.Bestillingsveiviser.Web\\Birk.Client.Bestilling","SourceContext":"Microsoft.Hosting.Lifetime","ApplicationName":"Barn.Api"}}
{"Timestamp":"2023-05-10T00:48:34.6533495+02:00","Level":"Information","MessageTemplate":"Entering {Method}","Properties":{"Method":"InitializeDropdownsAsync","SourceContext":"Birk.Client.Bestilling.Pages.Bestilling","ActionId":"6ea10b16-24f0-444b-a9df-ec24c8de87f9","ActionName":"/_Host","RequestId":"0HMQGRU292BN2:00000001","RequestPath":"/","ConnectionId":"0HMQGRU292BN2","ApplicationName":"Barn.Api","CorrelationId":"f0276636-e8f2-400f-918c-dc64c742a2db"}}
{"Timestamp":"2023-05-10T00:48:34.6565771+02:00","Level":"Information","MessageTemplate":"Entering {Method}","Properties":{"Method":"GetTypes","SourceContext":"Birk.Client.Bestilling.Services.Implementation.KodeverkService","ActionId":"6ea10b16-24f0-444b-a9df-ec24c8de87f9","ActionName":"/_Host","RequestId":"0HMQGRU292BN2:00000001","RequestPath":"/","ConnectionId":"0HMQGRU292BN2","ApplicationName":"Barn.Api","CorrelationId":"f0276636-e8f2-400f-918c-dc64c742a2db"}}
{"Timestamp":"2023-05-10T00:48:35.0515145+02:00","Level":"Information","MessageTemplate":"Exiting {Method}","Properties":{"Method":"InitializeDropdownsAsync","SourceContext":"Birk.Client.Bestilling.Pages.Bestilling","ActionId":"6ea10b16-24f0-444b-a9df-ec24c8de87f9","ActionName":"/_Host","RequestId":"0HMQGRU292BN2:00000001","RequestPath":"/","ConnectionId":"0HMQGRU292BN2","ApplicationName":"Barn.Api","CorrelationId":"f0276636-e8f2-400f-918c-dc64c742a2db"}}
{"Timestamp":"2023-05-10T00:48:35.9193538+02:00","Level":"Information","MessageTemplate":"Entering {Method}","Properties":{"Method":"InitializeDropdownsAsync","SourceContext":"Birk.Client.Bestilling.Pages.Bestilling","TransportConnectionId":"mL9GCrPnjjso6pMVLxseWg","RequestId":"0HMQGRU292BN2:0000003D","RequestPath":"/_blazor","ConnectionId":"0HMQGRU292BN2","ApplicationName":"Barn.Api"}}
{"Timestamp":"2023-05-10T00:48:36.0756723+02:00","Level":"Information","MessageTemplate":"Entering {Method}","Properties":{"Method":"GetTypes","SourceContext":"Birk.Client.Bestilling.Services.Implementation.KodeverkService","TransportConnectionId":"mL9GCrPnjjso6pMVLxseWg","RequestId":"0HMQGRU292BN2:0000003D","RequestPath":"/_blazor","ConnectionId":"0HMQGRU292BN2","ApplicationName":"Barn.Api"}}
{"Timestamp":"2023-05-10T00:48:36.1536065+02:00","Level":"Information","MessageTemplate":"Exiting {Method}","Properties":{"Method":"InitializeDropdownsAsync","SourceContext":"Birk.Client.Bestilling.Pages.Bestilling","TransportConnectionId":"mL9GCrPnjjso6pMVLxseWg","RequestId":"0HMQGRU292BN2:0000003D","RequestPath":"/_blazor","ConnectionId":"0HMQGRU292BN2","ApplicationName":"Barn.Api"}}
{"Timestamp":"2023-05-10T00:48:55.3621983+02:00","Level":"Information","MessageTemplate":"Entering {Method}","Properties":{"Method":"GetKommunesAndBvtjenestes","SourceContext":"Birk.Client.Bestilling.Services.Implementation.KodeverkService","TransportConnectionId":"mL9GCrPnjjso6pMVLxseWg","RequestId":"0HMQGRU292BN2:0000003D","RequestPath":"/_blazor","ConnectionId":"0HMQGRU292BN2","ApplicationName":"Barn.Api"}}
{"Timestamp":"2023-05-10T00:49:08.2111671+02:00","Level":"Information","MessageTemplate":"Entering {Method}","Properties":{"Method":"GetBarnByFnr","SourceContext":"Birk.Client.Bestilling.Services.Implementation.BarnService","TransportConnectionId":"mL9GCrPnjjso6pMVLxseWg","RequestId":"0HMQGRU292BN2:0000003D","RequestPath":"/_blazor","ConnectionId":"0HMQGRU292BN2","ApplicationName":"Barn.Api"}}
{"Timestamp":"2023-05-10T00:49:20.3293498+02:00","Level":"Information","MessageTemplate":"Entering {Method}","Properties":{"Method":"GetBarnByFnr","SourceContext":"Birk.Client.Bestilling.Services.Implementation.BarnService","TransportConnectionId":"mL9GCrPnjjso6pMVLxseWg","RequestId":"0HMQGRU292BN2:0000003D","RequestPath":"/_blazor","ConnectionId":"0HMQGRU292BN2","ApplicationName":"Barn.Api"}}
