{"Timestamp":"2023-05-05T10:17:54.6887366+02:00","Level":"Information","MessageTemplate":"Now listening on: {address}","Properties":{"address":"https://localhost:5001","EventId":{"Id":14,"Name":"ListeningOnAddress"},"SourceContext":"Microsoft.Hosting.Lifetime","ApplicationName":"Barn.Api"}}
{"Timestamp":"2023-05-05T10:17:54.7203146+02:00","Level":"Information","MessageTemplate":"Now listening on: {address}","Properties":{"address":"http://localhost:5000","EventId":{"Id":14,"Name":"ListeningOnAddress"},"SourceContext":"Microsoft.Hosting.Lifetime","ApplicationName":"Barn.Api"}}
{"Timestamp":"2023-05-05T10:17:54.7221461+02:00","Level":"Information","MessageTemplate":"Application started. Press Ctrl+C to shut down.","Properties":{"SourceContext":"Microsoft.Hosting.Lifetime","ApplicationName":"Barn.Api"}}
{"Timestamp":"2023-05-05T10:17:54.7223490+02:00","Level":"Information","MessageTemplate":"Hosting environment: {EnvName}","Properties":{"EnvName":"Development","SourceContext":"Microsoft.Hosting.Lifetime","ApplicationName":"Barn.Api"}}
{"Timestamp":"2023-05-05T10:17:54.7224180+02:00","Level":"Information","MessageTemplate":"Content root path: {ContentRoot}","Properties":{"ContentRoot":"C:\\Repos\\Birk.Bestillingsveiviser.Web\\Birk.Client.Bestilling","SourceContext":"Microsoft.Hosting.Lifetime","ApplicationName":"Barn.Api"}}
{"Timestamp":"2023-05-05T10:17:57.8587156+02:00","Level":"Information","MessageTemplate":"Entering {Method}","Properties":{"Method":"InitializeDropdownsAsync","SourceContext":"Birk.Client.Bestilling.Pages.Bestilling","ActionId":"d38d4a04-f0c9-41be-a3b4-2da8e1336f24","ActionName":"/_Host","RequestId":"0HMQD84T3EIU8:00000001","RequestPath":"/","ConnectionId":"0HMQD84T3EIU8","ApplicationName":"Barn.Api","CorrelationId":"0d5b7c04-dac8-4a33-bf2d-aafa50f3a2fe"}}
{"Timestamp":"2023-05-05T10:17:57.8662720+02:00","Level":"Information","MessageTemplate":"Entering {Method}","Properties":{"Method":"GetTypes","SourceContext":"Birk.Client.Bestilling.Services.Implementation.KodeverkService","ActionId":"d38d4a04-f0c9-41be-a3b4-2da8e1336f24","ActionName":"/_Host","RequestId":"0HMQD84T3EIU8:00000001","RequestPath":"/","ConnectionId":"0HMQD84T3EIU8","ApplicationName":"Barn.Api","CorrelationId":"0d5b7c04-dac8-4a33-bf2d-aafa50f3a2fe"}}
{"Timestamp":"2023-05-05T10:18:00.7631082+02:00","Level":"Information","MessageTemplate":"Exiting {Method}","Properties":{"Method":"InitializeDropdownsAsync","SourceContext":"Birk.Client.Bestilling.Pages.Bestilling","ActionId":"d38d4a04-f0c9-41be-a3b4-2da8e1336f24","ActionName":"/_Host","RequestId":"0HMQD84T3EIU8:00000001","RequestPath":"/","ConnectionId":"0HMQD84T3EIU8","ApplicationName":"Barn.Api","CorrelationId":"0d5b7c04-dac8-4a33-bf2d-aafa50f3a2fe"}}
{"Timestamp":"2023-05-05T10:18:01.7736501+02:00","Level":"Information","MessageTemplate":"Entering {Method}","Properties":{"Method":"InitializeDropdownsAsync","SourceContext":"Birk.Client.Bestilling.Pages.Bestilling","TransportConnectionId":"nl1RVBDEXn0Vyrzl_A65Kw","RequestId":"0HMQD84T3EIU8:0000003D","RequestPath":"/_blazor","ConnectionId":"0HMQD84T3EIU8","ApplicationName":"Barn.Api"}}
{"Timestamp":"2023-05-05T10:18:01.8809993+02:00","Level":"Information","MessageTemplate":"Entering {Method}","Properties":{"Method":"GetTypes","SourceContext":"Birk.Client.Bestilling.Services.Implementation.KodeverkService","TransportConnectionId":"nl1RVBDEXn0Vyrzl_A65Kw","RequestId":"0HMQD84T3EIU8:0000003D","RequestPath":"/_blazor","ConnectionId":"0HMQD84T3EIU8","ApplicationName":"Barn.Api"}}
{"Timestamp":"2023-05-05T10:18:01.9974026+02:00","Level":"Information","MessageTemplate":"Exiting {Method}","Properties":{"Method":"InitializeDropdownsAsync","SourceContext":"Birk.Client.Bestilling.Pages.Bestilling","TransportConnectionId":"nl1RVBDEXn0Vyrzl_A65Kw","RequestId":"0HMQD84T3EIU8:0000003D","RequestPath":"/_blazor","ConnectionId":"0HMQD84T3EIU8","ApplicationName":"Barn.Api"}}
{"Timestamp":"2023-05-05T10:20:00.1600517+02:00","Level":"Information","MessageTemplate":"Entering {Method}","Properties":{"Method":"GetKommunesAndBvtjenestes","SourceContext":"Birk.Client.Bestilling.Services.Implementation.KodeverkService","TransportConnectionId":"nl1RVBDEXn0Vyrzl_A65Kw","RequestId":"0HMQD84T3EIU8:0000003D","RequestPath":"/_blazor","ConnectionId":"0HMQD84T3EIU8","ApplicationName":"Barn.Api"}}
{"Timestamp":"2023-05-05T10:30:50.0342159+02:00","Level":"Information","MessageTemplate":"Now listening on: {address}","Properties":{"address":"https://localhost:5001","EventId":{"Id":14,"Name":"ListeningOnAddress"},"SourceContext":"Microsoft.Hosting.Lifetime","ApplicationName":"Barn.Api"}}
{"Timestamp":"2023-05-05T10:30:50.0636096+02:00","Level":"Information","MessageTemplate":"Now listening on: {address}","Properties":{"address":"http://localhost:5000","EventId":{"Id":14,"Name":"ListeningOnAddress"},"SourceContext":"Microsoft.Hosting.Lifetime","ApplicationName":"Barn.Api"}}
{"Timestamp":"2023-05-05T10:30:50.0649526+02:00","Level":"Information","MessageTemplate":"Application started. Press Ctrl+C to shut down.","Properties":{"SourceContext":"Microsoft.Hosting.Lifetime","ApplicationName":"Barn.Api"}}
{"Timestamp":"2023-05-05T10:30:50.0651265+02:00","Level":"Information","MessageTemplate":"Hosting environment: {EnvName}","Properties":{"EnvName":"Development","SourceContext":"Microsoft.Hosting.Lifetime","ApplicationName":"Barn.Api"}}
{"Timestamp":"2023-05-05T10:30:50.0651916+02:00","Level":"Information","MessageTemplate":"Content root path: {ContentRoot}","Properties":{"ContentRoot":"C:\\Repos\\Birk.Bestillingsveiviser.Web\\Birk.Client.Bestilling","SourceContext":"Microsoft.Hosting.Lifetime","ApplicationName":"Barn.Api"}}
{"Timestamp":"2023-05-05T10:30:51.3471607+02:00","Level":"Information","MessageTemplate":"Entering {Method}","Properties":{"Method":"InitializeDropdownsAsync","SourceContext":"Birk.Client.Bestilling.Pages.Bestilling","ActionId":"f03ec711-a314-43ec-8939-a2bc66f4bdb0","ActionName":"/_Host","RequestId":"0HMQD8C46GBAE:00000001","RequestPath":"/","ConnectionId":"0HMQD8C46GBAE","ApplicationName":"Barn.Api","CorrelationId":"4a0bedfa-3341-44d5-b062-1d4e02b1d29e"}}
{"Timestamp":"2023-05-05T10:30:51.3514897+02:00","Level":"Information","MessageTemplate":"Entering {Method}","Properties":{"Method":"GetTypes","SourceContext":"Birk.Client.Bestilling.Services.Implementation.KodeverkService","ActionId":"f03ec711-a314-43ec-8939-a2bc66f4bdb0","ActionName":"/_Host","RequestId":"0HMQD8C46GBAE:00000001","RequestPath":"/","ConnectionId":"0HMQD8C46GBAE","ApplicationName":"Barn.Api","CorrelationId":"4a0bedfa-3341-44d5-b062-1d4e02b1d29e"}}
{"Timestamp":"2023-05-05T10:30:51.8181178+02:00","Level":"Information","MessageTemplate":"Exiting {Method}","Properties":{"Method":"InitializeDropdownsAsync","SourceContext":"Birk.Client.Bestilling.Pages.Bestilling","ActionId":"f03ec711-a314-43ec-8939-a2bc66f4bdb0","ActionName":"/_Host","RequestId":"0HMQD8C46GBAE:00000001","RequestPath":"/","ConnectionId":"0HMQD8C46GBAE","ApplicationName":"Barn.Api","CorrelationId":"4a0bedfa-3341-44d5-b062-1d4e02b1d29e"}}
{"Timestamp":"2023-05-05T10:30:52.7024102+02:00","Level":"Information","MessageTemplate":"Entering {Method}","Properties":{"Method":"InitializeDropdownsAsync","SourceContext":"Birk.Client.Bestilling.Pages.Bestilling","TransportConnectionId":"Zf981bV2l8nCP82bk6pqhQ","RequestId":"0HMQD8C46GBAE:0000003D","RequestPath":"/_blazor","ConnectionId":"0HMQD8C46GBAE","ApplicationName":"Barn.Api"}}
{"Timestamp":"2023-05-05T10:30:52.8189052+02:00","Level":"Information","MessageTemplate":"Entering {Method}","Properties":{"Method":"GetTypes","SourceContext":"Birk.Client.Bestilling.Services.Implementation.KodeverkService","TransportConnectionId":"Zf981bV2l8nCP82bk6pqhQ","RequestId":"0HMQD8C46GBAE:0000003D","RequestPath":"/_blazor","ConnectionId":"0HMQD8C46GBAE","ApplicationName":"Barn.Api"}}
{"Timestamp":"2023-05-05T10:30:52.9432047+02:00","Level":"Information","MessageTemplate":"Exiting {Method}","Properties":{"Method":"InitializeDropdownsAsync","SourceContext":"Birk.Client.Bestilling.Pages.Bestilling","TransportConnectionId":"Zf981bV2l8nCP82bk6pqhQ","RequestId":"0HMQD8C46GBAE:0000003D","RequestPath":"/_blazor","ConnectionId":"0HMQD8C46GBAE","ApplicationName":"Barn.Api"}}
{"Timestamp":"2023-05-05T10:31:02.6410009+02:00","Level":"Information","MessageTemplate":"Entering {Method}","Properties":{"Method":"GetKommunesAndBvtjenestes","SourceContext":"Birk.Client.Bestilling.Services.Implementation.KodeverkService","TransportConnectionId":"Zf981bV2l8nCP82bk6pqhQ","RequestId":"0HMQD8C46GBAE:0000003D","RequestPath":"/_blazor","ConnectionId":"0HMQD8C46GBAE","ApplicationName":"Barn.Api"}}
{"Timestamp":"2023-05-05T10:38:59.3376899+02:00","Level":"Information","MessageTemplate":"Now listening on: {address}","Properties":{"address":"https://localhost:5001","EventId":{"Id":14,"Name":"ListeningOnAddress"},"SourceContext":"Microsoft.Hosting.Lifetime","ApplicationName":"Barn.Api"}}
{"Timestamp":"2023-05-05T10:38:59.3913479+02:00","Level":"Information","MessageTemplate":"Now listening on: {address}","Properties":{"address":"http://localhost:5000","EventId":{"Id":14,"Name":"ListeningOnAddress"},"SourceContext":"Microsoft.Hosting.Lifetime","ApplicationName":"Barn.Api"}}
{"Timestamp":"2023-05-05T10:38:59.3928967+02:00","Level":"Information","MessageTemplate":"Application started. Press Ctrl+C to shut down.","Properties":{"SourceContext":"Microsoft.Hosting.Lifetime","ApplicationName":"Barn.Api"}}
{"Timestamp":"2023-05-05T10:38:59.3930849+02:00","Level":"Information","MessageTemplate":"Hosting environment: {EnvName}","Properties":{"EnvName":"Development","SourceContext":"Microsoft.Hosting.Lifetime","ApplicationName":"Barn.Api"}}
{"Timestamp":"2023-05-05T10:38:59.3932173+02:00","Level":"Information","MessageTemplate":"Content root path: {ContentRoot}","Properties":{"ContentRoot":"C:\\Repos\\Birk.Bestillingsveiviser.Web\\Birk.Client.Bestilling","SourceContext":"Microsoft.Hosting.Lifetime","ApplicationName":"Barn.Api"}}
{"Timestamp":"2023-05-05T10:39:00.8960694+02:00","Level":"Information","MessageTemplate":"Entering {Method}","Properties":{"Method":"InitializeDropdownsAsync","SourceContext":"Birk.Client.Bestilling.Pages.Bestilling","ActionId":"f4a0b444-c102-48aa-928b-e91c991e11c5","ActionName":"/_Host","RequestId":"0HMQD8GLVRN3A:00000001","RequestPath":"/","ConnectionId":"0HMQD8GLVRN3A","ApplicationName":"Barn.Api","CorrelationId":"41b0c061-9de3-48a9-8ecd-2676903e72fd"}}
{"Timestamp":"2023-05-05T10:39:00.9077535+02:00","Level":"Information","MessageTemplate":"Entering {Method}","Properties":{"Method":"GetTypes","SourceContext":"Birk.Client.Bestilling.Services.Implementation.KodeverkService","ActionId":"f4a0b444-c102-48aa-928b-e91c991e11c5","ActionName":"/_Host","RequestId":"0HMQD8GLVRN3A:00000001","RequestPath":"/","ConnectionId":"0HMQD8GLVRN3A","ApplicationName":"Barn.Api","CorrelationId":"41b0c061-9de3-48a9-8ecd-2676903e72fd"}}
{"Timestamp":"2023-05-05T10:39:01.2225264+02:00","Level":"Information","MessageTemplate":"Exiting {Method}","Properties":{"Method":"InitializeDropdownsAsync","SourceContext":"Birk.Client.Bestilling.Pages.Bestilling","ActionId":"f4a0b444-c102-48aa-928b-e91c991e11c5","ActionName":"/_Host","RequestId":"0HMQD8GLVRN3A:00000001","RequestPath":"/","ConnectionId":"0HMQD8GLVRN3A","ApplicationName":"Barn.Api","CorrelationId":"41b0c061-9de3-48a9-8ecd-2676903e72fd"}}
{"Timestamp":"2023-05-05T10:39:02.2008402+02:00","Level":"Information","MessageTemplate":"Entering {Method}","Properties":{"Method":"InitializeDropdownsAsync","SourceContext":"Birk.Client.Bestilling.Pages.Bestilling","TransportConnectionId":"yq66e2_fF1ZDLJl5UUOG8g","RequestId":"0HMQD8GLVRN3A:0000003D","RequestPath":"/_blazor","ConnectionId":"0HMQD8GLVRN3A","ApplicationName":"Barn.Api"}}
{"Timestamp":"2023-05-05T10:39:02.3229747+02:00","Level":"Information","MessageTemplate":"Entering {Method}","Properties":{"Method":"GetTypes","SourceContext":"Birk.Client.Bestilling.Services.Implementation.KodeverkService","TransportConnectionId":"yq66e2_fF1ZDLJl5UUOG8g","RequestId":"0HMQD8GLVRN3A:0000003D","RequestPath":"/_blazor","ConnectionId":"0HMQD8GLVRN3A","ApplicationName":"Barn.Api"}}
{"Timestamp":"2023-05-05T10:39:02.3970168+02:00","Level":"Information","MessageTemplate":"Exiting {Method}","Properties":{"Method":"InitializeDropdownsAsync","SourceContext":"Birk.Client.Bestilling.Pages.Bestilling","TransportConnectionId":"yq66e2_fF1ZDLJl5UUOG8g","RequestId":"0HMQD8GLVRN3A:0000003D","RequestPath":"/_blazor","ConnectionId":"0HMQD8GLVRN3A","ApplicationName":"Barn.Api"}}
{"Timestamp":"2023-05-05T10:39:36.3095636+02:00","Level":"Information","MessageTemplate":"Entering {Method}","Properties":{"Method":"GetKommunesAndBvtjenestes","SourceContext":"Birk.Client.Bestilling.Services.Implementation.KodeverkService","TransportConnectionId":"yq66e2_fF1ZDLJl5UUOG8g","RequestId":"0HMQD8GLVRN3A:0000003D","RequestPath":"/_blazor","ConnectionId":"0HMQD8GLVRN3A","ApplicationName":"Barn.Api"}}
{"Timestamp":"2023-05-05T10:50:09.4325235+02:00","Level":"Information","MessageTemplate":"Now listening on: {address}","Properties":{"address":"https://localhost:5001","EventId":{"Id":14,"Name":"ListeningOnAddress"},"SourceContext":"Microsoft.Hosting.Lifetime","ApplicationName":"Barn.Api"}}
{"Timestamp":"2023-05-05T10:50:09.4760052+02:00","Level":"Information","MessageTemplate":"Now listening on: {address}","Properties":{"address":"http://localhost:5000","EventId":{"Id":14,"Name":"ListeningOnAddress"},"SourceContext":"Microsoft.Hosting.Lifetime","ApplicationName":"Barn.Api"}}
{"Timestamp":"2023-05-05T10:50:09.4789563+02:00","Level":"Information","MessageTemplate":"Application started. Press Ctrl+C to shut down.","Properties":{"SourceContext":"Microsoft.Hosting.Lifetime","ApplicationName":"Barn.Api"}}
{"Timestamp":"2023-05-05T10:50:09.4795994+02:00","Level":"Information","MessageTemplate":"Hosting environment: {EnvName}","Properties":{"EnvName":"Development","SourceContext":"Microsoft.Hosting.Lifetime","ApplicationName":"Barn.Api"}}
{"Timestamp":"2023-05-05T10:50:09.4799144+02:00","Level":"Information","MessageTemplate":"Content root path: {ContentRoot}","Properties":{"ContentRoot":"C:\\Repos\\Birk.Bestillingsveiviser.Web\\Birk.Client.Bestilling","SourceContext":"Microsoft.Hosting.Lifetime","ApplicationName":"Barn.Api"}}
{"Timestamp":"2023-05-05T10:50:10.5345019+02:00","Level":"Information","MessageTemplate":"Entering {Method}","Properties":{"Method":"InitializeDropdownsAsync","SourceContext":"Birk.Client.Bestilling.Pages.Bestilling","ActionId":"7698e3da-5536-4f3f-8d8f-3b630a3e8b3a","ActionName":"/_Host","RequestId":"0HMQD8MTM2OJ0:00000001","RequestPath":"/","ConnectionId":"0HMQD8MTM2OJ0","ApplicationName":"Barn.Api","CorrelationId":"24f9a4ae-5463-407f-b9cb-772b1b1a4944"}}
{"Timestamp":"2023-05-05T10:50:10.5375419+02:00","Level":"Information","MessageTemplate":"Entering {Method}","Properties":{"Method":"GetTypes","SourceContext":"Birk.Client.Bestilling.Services.Implementation.KodeverkService","ActionId":"7698e3da-5536-4f3f-8d8f-3b630a3e8b3a","ActionName":"/_Host","RequestId":"0HMQD8MTM2OJ0:00000001","RequestPath":"/","ConnectionId":"0HMQD8MTM2OJ0","ApplicationName":"Barn.Api","CorrelationId":"24f9a4ae-5463-407f-b9cb-772b1b1a4944"}}
{"Timestamp":"2023-05-05T10:50:10.7617363+02:00","Level":"Information","MessageTemplate":"Exiting {Method}","Properties":{"Method":"InitializeDropdownsAsync","SourceContext":"Birk.Client.Bestilling.Pages.Bestilling","ActionId":"7698e3da-5536-4f3f-8d8f-3b630a3e8b3a","ActionName":"/_Host","RequestId":"0HMQD8MTM2OJ0:00000001","RequestPath":"/","ConnectionId":"0HMQD8MTM2OJ0","ApplicationName":"Barn.Api","CorrelationId":"24f9a4ae-5463-407f-b9cb-772b1b1a4944"}}
{"Timestamp":"2023-05-05T10:50:11.7175215+02:00","Level":"Information","MessageTemplate":"Entering {Method}","Properties":{"Method":"InitializeDropdownsAsync","SourceContext":"Birk.Client.Bestilling.Pages.Bestilling","TransportConnectionId":"leSuvFV9WCcXgW9qnlczGw","RequestId":"0HMQD8MTM2OJ0:0000003D","RequestPath":"/_blazor","ConnectionId":"0HMQD8MTM2OJ0","ApplicationName":"Barn.Api"}}
{"Timestamp":"2023-05-05T10:50:11.8289451+02:00","Level":"Information","MessageTemplate":"Entering {Method}","Properties":{"Method":"GetTypes","SourceContext":"Birk.Client.Bestilling.Services.Implementation.KodeverkService","TransportConnectionId":"leSuvFV9WCcXgW9qnlczGw","RequestId":"0HMQD8MTM2OJ0:0000003D","RequestPath":"/_blazor","ConnectionId":"0HMQD8MTM2OJ0","ApplicationName":"Barn.Api"}}
{"Timestamp":"2023-05-05T10:50:11.9522679+02:00","Level":"Information","MessageTemplate":"Exiting {Method}","Properties":{"Method":"InitializeDropdownsAsync","SourceContext":"Birk.Client.Bestilling.Pages.Bestilling","TransportConnectionId":"leSuvFV9WCcXgW9qnlczGw","RequestId":"0HMQD8MTM2OJ0:0000003D","RequestPath":"/_blazor","ConnectionId":"0HMQD8MTM2OJ0","ApplicationName":"Barn.Api"}}
{"Timestamp":"2023-05-05T10:50:14.2262806+02:00","Level":"Information","MessageTemplate":"Entering {Method}","Properties":{"Method":"GetKommunesAndBvtjenestes","SourceContext":"Birk.Client.Bestilling.Services.Implementation.KodeverkService","TransportConnectionId":"leSuvFV9WCcXgW9qnlczGw","RequestId":"0HMQD8MTM2OJ0:0000003D","RequestPath":"/_blazor","ConnectionId":"0HMQD8MTM2OJ0","ApplicationName":"Barn.Api"}}
{"Timestamp":"2023-05-05T10:55:21.4336481+02:00","Level":"Information","MessageTemplate":"Now listening on: {address}","Properties":{"address":"https://localhost:5001","EventId":{"Id":14,"Name":"ListeningOnAddress"},"SourceContext":"Microsoft.Hosting.Lifetime","ApplicationName":"Barn.Api"}}
{"Timestamp":"2023-05-05T10:55:21.6911163+02:00","Level":"Information","MessageTemplate":"Now listening on: {address}","Properties":{"address":"http://localhost:5000","EventId":{"Id":14,"Name":"ListeningOnAddress"},"SourceContext":"Microsoft.Hosting.Lifetime","ApplicationName":"Barn.Api"}}
{"Timestamp":"2023-05-05T10:55:21.6928242+02:00","Level":"Information","MessageTemplate":"Application started. Press Ctrl+C to shut down.","Properties":{"SourceContext":"Microsoft.Hosting.Lifetime","ApplicationName":"Barn.Api"}}
{"Timestamp":"2023-05-05T10:55:21.6930155+02:00","Level":"Information","MessageTemplate":"Hosting environment: {EnvName}","Properties":{"EnvName":"Development","SourceContext":"Microsoft.Hosting.Lifetime","ApplicationName":"Barn.Api"}}
{"Timestamp":"2023-05-05T10:55:21.6930937+02:00","Level":"Information","MessageTemplate":"Content root path: {ContentRoot}","Properties":{"ContentRoot":"C:\\Repos\\Birk.Bestillingsveiviser.Web\\Birk.Client.Bestilling","SourceContext":"Microsoft.Hosting.Lifetime","ApplicationName":"Barn.Api"}}
{"Timestamp":"2023-05-05T10:55:22.5935148+02:00","Level":"Information","MessageTemplate":"Entering {Method}","Properties":{"Method":"InitializeDropdownsAsync","SourceContext":"Birk.Client.Bestilling.Pages.Bestilling","ActionId":"8fe0b7f7-b87f-4926-a527-5a32ffe86e62","ActionName":"/_Host","RequestId":"0HMQD8PQL2Q2V:00000001","RequestPath":"/","ConnectionId":"0HMQD8PQL2Q2V","ApplicationName":"Barn.Api","CorrelationId":"da9c5045-3373-426f-9ca0-e35fa76033e8"}}
{"Timestamp":"2023-05-05T10:55:22.5973609+02:00","Level":"Information","MessageTemplate":"Entering {Method}","Properties":{"Method":"GetTypes","SourceContext":"Birk.Client.Bestilling.Services.Implementation.KodeverkService","ActionId":"8fe0b7f7-b87f-4926-a527-5a32ffe86e62","ActionName":"/_Host","RequestId":"0HMQD8PQL2Q2V:00000001","RequestPath":"/","ConnectionId":"0HMQD8PQL2Q2V","ApplicationName":"Barn.Api","CorrelationId":"da9c5045-3373-426f-9ca0-e35fa76033e8"}}
{"Timestamp":"2023-05-05T10:55:22.8502127+02:00","Level":"Information","MessageTemplate":"Exiting {Method}","Properties":{"Method":"InitializeDropdownsAsync","SourceContext":"Birk.Client.Bestilling.Pages.Bestilling","ActionId":"8fe0b7f7-b87f-4926-a527-5a32ffe86e62","ActionName":"/_Host","RequestId":"0HMQD8PQL2Q2V:00000001","RequestPath":"/","ConnectionId":"0HMQD8PQL2Q2V","ApplicationName":"Barn.Api","CorrelationId":"da9c5045-3373-426f-9ca0-e35fa76033e8"}}
{"Timestamp":"2023-05-05T10:55:23.8331669+02:00","Level":"Information","MessageTemplate":"Entering {Method}","Properties":{"Method":"InitializeDropdownsAsync","SourceContext":"Birk.Client.Bestilling.Pages.Bestilling","TransportConnectionId":"cLqfy5zes8NJM5urAQZdRQ","RequestId":"0HMQD8PQL2Q2V:0000003D","RequestPath":"/_blazor","ConnectionId":"0HMQD8PQL2Q2V","ApplicationName":"Barn.Api"}}
{"Timestamp":"2023-05-05T10:55:23.9563603+02:00","Level":"Information","MessageTemplate":"Entering {Method}","Properties":{"Method":"GetTypes","SourceContext":"Birk.Client.Bestilling.Services.Implementation.KodeverkService","TransportConnectionId":"cLqfy5zes8NJM5urAQZdRQ","RequestId":"0HMQD8PQL2Q2V:0000003D","RequestPath":"/_blazor","ConnectionId":"0HMQD8PQL2Q2V","ApplicationName":"Barn.Api"}}
{"Timestamp":"2023-05-05T10:55:24.0801506+02:00","Level":"Information","MessageTemplate":"Exiting {Method}","Properties":{"Method":"InitializeDropdownsAsync","SourceContext":"Birk.Client.Bestilling.Pages.Bestilling","TransportConnectionId":"cLqfy5zes8NJM5urAQZdRQ","RequestId":"0HMQD8PQL2Q2V:0000003D","RequestPath":"/_blazor","ConnectionId":"0HMQD8PQL2Q2V","ApplicationName":"Barn.Api"}}
{"Timestamp":"2023-05-05T10:55:28.2443733+02:00","Level":"Information","MessageTemplate":"Entering {Method}","Properties":{"Method":"GetKommunesAndBvtjenestes","SourceContext":"Birk.Client.Bestilling.Services.Implementation.KodeverkService","TransportConnectionId":"cLqfy5zes8NJM5urAQZdRQ","RequestId":"0HMQD8PQL2Q2V:0000003D","RequestPath":"/_blazor","ConnectionId":"0HMQD8PQL2Q2V","ApplicationName":"Barn.Api"}}
{"Timestamp":"2023-05-05T10:55:36.9015053+02:00","Level":"Information","MessageTemplate":"Entering {Method}","Properties":{"Method":"GetBarnByFnr","SourceContext":"Birk.Client.Bestilling.Services.Implementation.BarnService","TransportConnectionId":"cLqfy5zes8NJM5urAQZdRQ","RequestId":"0HMQD8PQL2Q2V:0000003D","RequestPath":"/_blazor","ConnectionId":"0HMQD8PQL2Q2V","ApplicationName":"Barn.Api"}}
{"Timestamp":"2023-05-05T11:40:33.0761497+02:00","Level":"Information","MessageTemplate":"Now listening on: {address}","Properties":{"address":"https://localhost:5001","EventId":{"Id":14,"Name":"ListeningOnAddress"},"SourceContext":"Microsoft.Hosting.Lifetime","ApplicationName":"Barn.Api"}}
{"Timestamp":"2023-05-05T11:40:33.1102091+02:00","Level":"Information","MessageTemplate":"Now listening on: {address}","Properties":{"address":"http://localhost:5000","EventId":{"Id":14,"Name":"ListeningOnAddress"},"SourceContext":"Microsoft.Hosting.Lifetime","ApplicationName":"Barn.Api"}}
{"Timestamp":"2023-05-05T11:40:33.1116154+02:00","Level":"Information","MessageTemplate":"Application started. Press Ctrl+C to shut down.","Properties":{"SourceContext":"Microsoft.Hosting.Lifetime","ApplicationName":"Barn.Api"}}
{"Timestamp":"2023-05-05T11:40:33.1118009+02:00","Level":"Information","MessageTemplate":"Hosting environment: {EnvName}","Properties":{"EnvName":"Development","SourceContext":"Microsoft.Hosting.Lifetime","ApplicationName":"Barn.Api"}}
{"Timestamp":"2023-05-05T11:40:33.1118612+02:00","Level":"Information","MessageTemplate":"Content root path: {ContentRoot}","Properties":{"ContentRoot":"C:\\Repos\\Birk.Bestillingsveiviser.Web\\Birk.Client.Bestilling","SourceContext":"Microsoft.Hosting.Lifetime","ApplicationName":"Barn.Api"}}
{"Timestamp":"2023-05-05T11:40:34.2712078+02:00","Level":"Information","MessageTemplate":"Entering {Method}","Properties":{"Method":"InitializeDropdownsAsync","SourceContext":"Birk.Client.Bestilling.Pages.Bestilling","ActionId":"25312cfa-af0d-41be-8f76-0cf4f47399e2","ActionName":"/_Host","RequestId":"0HMQD9J2Q2MS0:00000001","RequestPath":"/","ConnectionId":"0HMQD9J2Q2MS0","ApplicationName":"Barn.Api","CorrelationId":"a7474b49-dde4-49f2-98bb-817894acee9c"}}
{"Timestamp":"2023-05-05T11:40:34.2744515+02:00","Level":"Information","MessageTemplate":"Entering {Method}","Properties":{"Method":"GetTypes","SourceContext":"Birk.Client.Bestilling.Services.Implementation.KodeverkService","ActionId":"25312cfa-af0d-41be-8f76-0cf4f47399e2","ActionName":"/_Host","RequestId":"0HMQD9J2Q2MS0:00000001","RequestPath":"/","ConnectionId":"0HMQD9J2Q2MS0","ApplicationName":"Barn.Api","CorrelationId":"a7474b49-dde4-49f2-98bb-817894acee9c"}}
{"Timestamp":"2023-05-05T11:40:36.9949004+02:00","Level":"Information","MessageTemplate":"Exiting {Method}","Properties":{"Method":"InitializeDropdownsAsync","SourceContext":"Birk.Client.Bestilling.Pages.Bestilling","ActionId":"25312cfa-af0d-41be-8f76-0cf4f47399e2","ActionName":"/_Host","RequestId":"0HMQD9J2Q2MS0:00000001","RequestPath":"/","ConnectionId":"0HMQD9J2Q2MS0","ApplicationName":"Barn.Api","CorrelationId":"a7474b49-dde4-49f2-98bb-817894acee9c"}}
{"Timestamp":"2023-05-05T11:40:37.7867466+02:00","Level":"Information","MessageTemplate":"Entering {Method}","Properties":{"Method":"InitializeDropdownsAsync","SourceContext":"Birk.Client.Bestilling.Pages.Bestilling","TransportConnectionId":"rfscf050TKjeJbFLCAzdTw","RequestId":"0HMQD9J2Q2MS0:0000003D","RequestPath":"/_blazor","ConnectionId":"0HMQD9J2Q2MS0","ApplicationName":"Barn.Api"}}
{"Timestamp":"2023-05-05T11:40:37.9096862+02:00","Level":"Information","MessageTemplate":"Entering {Method}","Properties":{"Method":"GetTypes","SourceContext":"Birk.Client.Bestilling.Services.Implementation.KodeverkService","TransportConnectionId":"rfscf050TKjeJbFLCAzdTw","RequestId":"0HMQD9J2Q2MS0:0000003D","RequestPath":"/_blazor","ConnectionId":"0HMQD9J2Q2MS0","ApplicationName":"Barn.Api"}}
{"Timestamp":"2023-05-05T11:40:38.0299287+02:00","Level":"Information","MessageTemplate":"Exiting {Method}","Properties":{"Method":"InitializeDropdownsAsync","SourceContext":"Birk.Client.Bestilling.Pages.Bestilling","TransportConnectionId":"rfscf050TKjeJbFLCAzdTw","RequestId":"0HMQD9J2Q2MS0:0000003D","RequestPath":"/_blazor","ConnectionId":"0HMQD9J2Q2MS0","ApplicationName":"Barn.Api"}}
{"Timestamp":"2023-05-05T11:43:48.2188699+02:00","Level":"Information","MessageTemplate":"Entering {Method}","Properties":{"Method":"GetKommunesAndBvtjenestes","SourceContext":"Birk.Client.Bestilling.Services.Implementation.KodeverkService","TransportConnectionId":"rfscf050TKjeJbFLCAzdTw","RequestId":"0HMQD9J2Q2MS0:0000003D","RequestPath":"/_blazor","ConnectionId":"0HMQD9J2Q2MS0","ApplicationName":"Barn.Api"}}
{"Timestamp":"2023-05-05T11:48:11.4058367+02:00","Level":"Information","MessageTemplate":"Now listening on: {address}","Properties":{"address":"https://localhost:5001","EventId":{"Id":14,"Name":"ListeningOnAddress"},"SourceContext":"Microsoft.Hosting.Lifetime","ApplicationName":"Barn.Api"}}
{"Timestamp":"2023-05-05T11:48:11.4606759+02:00","Level":"Information","MessageTemplate":"Now listening on: {address}","Properties":{"address":"http://localhost:5000","EventId":{"Id":14,"Name":"ListeningOnAddress"},"SourceContext":"Microsoft.Hosting.Lifetime","ApplicationName":"Barn.Api"}}
{"Timestamp":"2023-05-05T11:48:11.4629998+02:00","Level":"Information","MessageTemplate":"Application started. Press Ctrl+C to shut down.","Properties":{"SourceContext":"Microsoft.Hosting.Lifetime","ApplicationName":"Barn.Api"}}
{"Timestamp":"2023-05-05T11:48:11.4633099+02:00","Level":"Information","MessageTemplate":"Hosting environment: {EnvName}","Properties":{"EnvName":"Development","SourceContext":"Microsoft.Hosting.Lifetime","ApplicationName":"Barn.Api"}}
{"Timestamp":"2023-05-05T11:48:11.4635100+02:00","Level":"Information","MessageTemplate":"Content root path: {ContentRoot}","Properties":{"ContentRoot":"C:\\Repos\\Birk.Bestillingsveiviser.Web\\Birk.Client.Bestilling","SourceContext":"Microsoft.Hosting.Lifetime","ApplicationName":"Barn.Api"}}
{"Timestamp":"2023-05-05T11:48:12.5436180+02:00","Level":"Information","MessageTemplate":"Entering {Method}","Properties":{"Method":"InitializeDropdownsAsync","SourceContext":"Birk.Client.Bestilling.Pages.Bestilling","ActionId":"fc1f7ff4-ab87-4ddf-8e0a-4a9dff74c43d","ActionName":"/_Host","RequestId":"0HMQD9NBCLOSA:00000001","RequestPath":"/","ConnectionId":"0HMQD9NBCLOSA","ApplicationName":"Barn.Api","CorrelationId":"6a614c06-b0dc-45fb-aa62-a412277d5c33"}}
{"Timestamp":"2023-05-05T11:48:12.5466790+02:00","Level":"Information","MessageTemplate":"Entering {Method}","Properties":{"Method":"GetTypes","SourceContext":"Birk.Client.Bestilling.Services.Implementation.KodeverkService","ActionId":"fc1f7ff4-ab87-4ddf-8e0a-4a9dff74c43d","ActionName":"/_Host","RequestId":"0HMQD9NBCLOSA:00000001","RequestPath":"/","ConnectionId":"0HMQD9NBCLOSA","ApplicationName":"Barn.Api","CorrelationId":"6a614c06-b0dc-45fb-aa62-a412277d5c33"}}
{"Timestamp":"2023-05-05T11:48:12.7934640+02:00","Level":"Information","MessageTemplate":"Exiting {Method}","Properties":{"Method":"InitializeDropdownsAsync","SourceContext":"Birk.Client.Bestilling.Pages.Bestilling","ActionId":"fc1f7ff4-ab87-4ddf-8e0a-4a9dff74c43d","ActionName":"/_Host","RequestId":"0HMQD9NBCLOSA:00000001","RequestPath":"/","ConnectionId":"0HMQD9NBCLOSA","ApplicationName":"Barn.Api","CorrelationId":"6a614c06-b0dc-45fb-aa62-a412277d5c33"}}
{"Timestamp":"2023-05-05T11:48:13.6371828+02:00","Level":"Information","MessageTemplate":"Entering {Method}","Properties":{"Method":"InitializeDropdownsAsync","SourceContext":"Birk.Client.Bestilling.Pages.Bestilling","TransportConnectionId":"ygrcTFl-VURV-NIYwg5Blw","RequestId":"0HMQD9NBCLOSA:0000003D","RequestPath":"/_blazor","ConnectionId":"0HMQD9NBCLOSA","ApplicationName":"Barn.Api"}}
{"Timestamp":"2023-05-05T11:48:13.7856716+02:00","Level":"Information","MessageTemplate":"Entering {Method}","Properties":{"Method":"GetTypes","SourceContext":"Birk.Client.Bestilling.Services.Implementation.KodeverkService","TransportConnectionId":"ygrcTFl-VURV-NIYwg5Blw","RequestId":"0HMQD9NBCLOSA:0000003D","RequestPath":"/_blazor","ConnectionId":"0HMQD9NBCLOSA","ApplicationName":"Barn.Api"}}
{"Timestamp":"2023-05-05T11:48:13.8689137+02:00","Level":"Information","MessageTemplate":"Exiting {Method}","Properties":{"Method":"InitializeDropdownsAsync","SourceContext":"Birk.Client.Bestilling.Pages.Bestilling","TransportConnectionId":"ygrcTFl-VURV-NIYwg5Blw","RequestId":"0HMQD9NBCLOSA:0000003D","RequestPath":"/_blazor","ConnectionId":"0HMQD9NBCLOSA","ApplicationName":"Barn.Api"}}
{"Timestamp":"2023-05-05T11:48:28.5215469+02:00","Level":"Information","MessageTemplate":"Entering {Method}","Properties":{"Method":"GetKommunesAndBvtjenestes","SourceContext":"Birk.Client.Bestilling.Services.Implementation.KodeverkService","TransportConnectionId":"ygrcTFl-VURV-NIYwg5Blw","RequestId":"0HMQD9NBCLOSA:0000003D","RequestPath":"/_blazor","ConnectionId":"0HMQD9NBCLOSA","ApplicationName":"Barn.Api"}}
{"Timestamp":"2023-05-05T11:58:17.2145257+02:00","Level":"Information","MessageTemplate":"Now listening on: {address}","Properties":{"address":"https://localhost:5001","EventId":{"Id":14,"Name":"ListeningOnAddress"},"SourceContext":"Microsoft.Hosting.Lifetime","ApplicationName":"Barn.Api"}}
{"Timestamp":"2023-05-05T11:58:17.2445013+02:00","Level":"Information","MessageTemplate":"Now listening on: {address}","Properties":{"address":"http://localhost:5000","EventId":{"Id":14,"Name":"ListeningOnAddress"},"SourceContext":"Microsoft.Hosting.Lifetime","ApplicationName":"Barn.Api"}}
{"Timestamp":"2023-05-05T11:58:17.2458838+02:00","Level":"Information","MessageTemplate":"Application started. Press Ctrl+C to shut down.","Properties":{"SourceContext":"Microsoft.Hosting.Lifetime","ApplicationName":"Barn.Api"}}
{"Timestamp":"2023-05-05T11:58:17.2460505+02:00","Level":"Information","MessageTemplate":"Hosting environment: {EnvName}","Properties":{"EnvName":"Development","SourceContext":"Microsoft.Hosting.Lifetime","ApplicationName":"Barn.Api"}}
{"Timestamp":"2023-05-05T11:58:17.2461097+02:00","Level":"Information","MessageTemplate":"Content root path: {ContentRoot}","Properties":{"ContentRoot":"C:\\Repos\\Birk.Bestillingsveiviser.Web\\Birk.Client.Bestilling","SourceContext":"Microsoft.Hosting.Lifetime","ApplicationName":"Barn.Api"}}
{"Timestamp":"2023-05-05T11:58:19.8526768+02:00","Level":"Information","MessageTemplate":"Entering {Method}","Properties":{"Method":"InitializeDropdownsAsync","SourceContext":"Birk.Client.Bestilling.Pages.Bestilling","ActionId":"1d936b83-5c70-4263-a2b7-7cf37f9b30bf","ActionName":"/_Host","RequestId":"0HMQD9SVVQTQF:00000001","RequestPath":"/","ConnectionId":"0HMQD9SVVQTQF","ApplicationName":"Barn.Api","CorrelationId":"ccd8f813-ad7e-4c48-a98f-765b73e24d2a"}}
{"Timestamp":"2023-05-05T11:58:19.8559344+02:00","Level":"Information","MessageTemplate":"Entering {Method}","Properties":{"Method":"GetTypes","SourceContext":"Birk.Client.Bestilling.Services.Implementation.KodeverkService","ActionId":"1d936b83-5c70-4263-a2b7-7cf37f9b30bf","ActionName":"/_Host","RequestId":"0HMQD9SVVQTQF:00000001","RequestPath":"/","ConnectionId":"0HMQD9SVVQTQF","ApplicationName":"Barn.Api","CorrelationId":"ccd8f813-ad7e-4c48-a98f-765b73e24d2a"}}
{"Timestamp":"2023-05-05T11:58:20.2288713+02:00","Level":"Information","MessageTemplate":"Exiting {Method}","Properties":{"Method":"InitializeDropdownsAsync","SourceContext":"Birk.Client.Bestilling.Pages.Bestilling","ActionId":"1d936b83-5c70-4263-a2b7-7cf37f9b30bf","ActionName":"/_Host","RequestId":"0HMQD9SVVQTQF:00000001","RequestPath":"/","ConnectionId":"0HMQD9SVVQTQF","ApplicationName":"Barn.Api","CorrelationId":"ccd8f813-ad7e-4c48-a98f-765b73e24d2a"}}
{"Timestamp":"2023-05-05T11:58:20.9479451+02:00","Level":"Information","MessageTemplate":"Entering {Method}","Properties":{"Method":"InitializeDropdownsAsync","SourceContext":"Birk.Client.Bestilling.Pages.Bestilling","TransportConnectionId":"rPPrWwXv28oIBXTmNmATFQ","RequestId":"0HMQD9SVVQTQF:0000003D","RequestPath":"/_blazor","ConnectionId":"0HMQD9SVVQTQF","ApplicationName":"Barn.Api"}}
{"Timestamp":"2023-05-05T11:58:21.3559821+02:00","Level":"Information","MessageTemplate":"Entering {Method}","Properties":{"Method":"GetTypes","SourceContext":"Birk.Client.Bestilling.Services.Implementation.KodeverkService","TransportConnectionId":"rPPrWwXv28oIBXTmNmATFQ","RequestId":"0HMQD9SVVQTQF:0000003D","RequestPath":"/_blazor","ConnectionId":"0HMQD9SVVQTQF","ApplicationName":"Barn.Api"}}
{"Timestamp":"2023-05-05T11:58:21.5962474+02:00","Level":"Information","MessageTemplate":"Exiting {Method}","Properties":{"Method":"InitializeDropdownsAsync","SourceContext":"Birk.Client.Bestilling.Pages.Bestilling","TransportConnectionId":"rPPrWwXv28oIBXTmNmATFQ","RequestId":"0HMQD9SVVQTQF:0000003D","RequestPath":"/_blazor","ConnectionId":"0HMQD9SVVQTQF","ApplicationName":"Barn.Api"}}
{"Timestamp":"2023-05-05T11:58:25.6918497+02:00","Level":"Information","MessageTemplate":"Entering {Method}","Properties":{"Method":"GetKommunesAndBvtjenestes","SourceContext":"Birk.Client.Bestilling.Services.Implementation.KodeverkService","TransportConnectionId":"rPPrWwXv28oIBXTmNmATFQ","RequestId":"0HMQD9SVVQTQF:0000003D","RequestPath":"/_blazor","ConnectionId":"0HMQD9SVVQTQF","ApplicationName":"Barn.Api"}}
{"Timestamp":"2023-05-05T12:00:06.4262579+02:00","Level":"Information","MessageTemplate":"Now listening on: {address}","Properties":{"address":"https://localhost:5001","EventId":{"Id":14,"Name":"ListeningOnAddress"},"SourceContext":"Microsoft.Hosting.Lifetime","ApplicationName":"Barn.Api"}}
{"Timestamp":"2023-05-05T12:00:06.4557995+02:00","Level":"Information","MessageTemplate":"Now listening on: {address}","Properties":{"address":"http://localhost:5000","EventId":{"Id":14,"Name":"ListeningOnAddress"},"SourceContext":"Microsoft.Hosting.Lifetime","ApplicationName":"Barn.Api"}}
{"Timestamp":"2023-05-05T12:00:06.4572293+02:00","Level":"Information","MessageTemplate":"Application started. Press Ctrl+C to shut down.","Properties":{"SourceContext":"Microsoft.Hosting.Lifetime","ApplicationName":"Barn.Api"}}
{"Timestamp":"2023-05-05T12:00:06.4574102+02:00","Level":"Information","MessageTemplate":"Hosting environment: {EnvName}","Properties":{"EnvName":"Development","SourceContext":"Microsoft.Hosting.Lifetime","ApplicationName":"Barn.Api"}}
{"Timestamp":"2023-05-05T12:00:06.4574701+02:00","Level":"Information","MessageTemplate":"Content root path: {ContentRoot}","Properties":{"ContentRoot":"C:\\Repos\\Birk.Bestillingsveiviser.Web\\Birk.Client.Bestilling","SourceContext":"Microsoft.Hosting.Lifetime","ApplicationName":"Barn.Api"}}
{"Timestamp":"2023-05-05T12:00:08.3891519+02:00","Level":"Information","MessageTemplate":"Entering {Method}","Properties":{"Method":"InitializeDropdownsAsync","SourceContext":"Birk.Client.Bestilling.Pages.Bestilling","ActionId":"a208372c-0a06-4840-992d-f7aa5918a970","ActionName":"/_Host","RequestId":"0HMQD9U0H37M0:00000001","RequestPath":"/","ConnectionId":"0HMQD9U0H37M0","ApplicationName":"Barn.Api","CorrelationId":"c6068b8a-0075-419e-b0e1-860f5234d769"}}
{"Timestamp":"2023-05-05T12:00:08.3925299+02:00","Level":"Information","MessageTemplate":"Entering {Method}","Properties":{"Method":"GetTypes","SourceContext":"Birk.Client.Bestilling.Services.Implementation.KodeverkService","ActionId":"a208372c-0a06-4840-992d-f7aa5918a970","ActionName":"/_Host","RequestId":"0HMQD9U0H37M0:00000001","RequestPath":"/","ConnectionId":"0HMQD9U0H37M0","ApplicationName":"Barn.Api","CorrelationId":"c6068b8a-0075-419e-b0e1-860f5234d769"}}
{"Timestamp":"2023-05-05T12:00:08.5938067+02:00","Level":"Information","MessageTemplate":"Exiting {Method}","Properties":{"Method":"InitializeDropdownsAsync","SourceContext":"Birk.Client.Bestilling.Pages.Bestilling","ActionId":"a208372c-0a06-4840-992d-f7aa5918a970","ActionName":"/_Host","RequestId":"0HMQD9U0H37M0:00000001","RequestPath":"/","ConnectionId":"0HMQD9U0H37M0","ApplicationName":"Barn.Api","CorrelationId":"c6068b8a-0075-419e-b0e1-860f5234d769"}}
{"Timestamp":"2023-05-05T12:00:09.6046639+02:00","Level":"Information","MessageTemplate":"Entering {Method}","Properties":{"Method":"InitializeDropdownsAsync","SourceContext":"Birk.Client.Bestilling.Pages.Bestilling","TransportConnectionId":"oGNtkYFS9xqMS55hoOlqZA","RequestId":"0HMQD9U0H37M0:0000003D","RequestPath":"/_blazor","ConnectionId":"0HMQD9U0H37M0","ApplicationName":"Barn.Api"}}
{"Timestamp":"2023-05-05T12:00:09.7454573+02:00","Level":"Information","MessageTemplate":"Entering {Method}","Properties":{"Method":"GetTypes","SourceContext":"Birk.Client.Bestilling.Services.Implementation.KodeverkService","TransportConnectionId":"oGNtkYFS9xqMS55hoOlqZA","RequestId":"0HMQD9U0H37M0:0000003D","RequestPath":"/_blazor","ConnectionId":"0HMQD9U0H37M0","ApplicationName":"Barn.Api"}}
{"Timestamp":"2023-05-05T12:00:09.8327797+02:00","Level":"Information","MessageTemplate":"Exiting {Method}","Properties":{"Method":"InitializeDropdownsAsync","SourceContext":"Birk.Client.Bestilling.Pages.Bestilling","TransportConnectionId":"oGNtkYFS9xqMS55hoOlqZA","RequestId":"0HMQD9U0H37M0:0000003D","RequestPath":"/_blazor","ConnectionId":"0HMQD9U0H37M0","ApplicationName":"Barn.Api"}}
{"Timestamp":"2023-05-05T12:00:11.9937009+02:00","Level":"Information","MessageTemplate":"Entering {Method}","Properties":{"Method":"GetKommunesAndBvtjenestes","SourceContext":"Birk.Client.Bestilling.Services.Implementation.KodeverkService","TransportConnectionId":"oGNtkYFS9xqMS55hoOlqZA","RequestId":"0HMQD9U0H37M0:0000003D","RequestPath":"/_blazor","ConnectionId":"0HMQD9U0H37M0","ApplicationName":"Barn.Api"}}
{"Timestamp":"2023-05-05T12:00:31.3626132+02:00","Level":"Information","MessageTemplate":"Entering {Method}","Properties":{"Method":"GetBarnByFnr","SourceContext":"Birk.Client.Bestilling.Services.Implementation.BarnService","TransportConnectionId":"oGNtkYFS9xqMS55hoOlqZA","RequestId":"0HMQD9U0H37M0:0000003D","RequestPath":"/_blazor","ConnectionId":"0HMQD9U0H37M0","ApplicationName":"Barn.Api"}}
{"Timestamp":"2023-05-05T12:01:06.9904530+02:00","Level":"Information","MessageTemplate":"Now listening on: {address}","Properties":{"address":"https://localhost:5001","EventId":{"Id":14,"Name":"ListeningOnAddress"},"SourceContext":"Microsoft.Hosting.Lifetime","ApplicationName":"Barn.Api"}}
{"Timestamp":"2023-05-05T12:01:07.0192400+02:00","Level":"Information","MessageTemplate":"Now listening on: {address}","Properties":{"address":"http://localhost:5000","EventId":{"Id":14,"Name":"ListeningOnAddress"},"SourceContext":"Microsoft.Hosting.Lifetime","ApplicationName":"Barn.Api"}}
{"Timestamp":"2023-05-05T12:01:07.0206179+02:00","Level":"Information","MessageTemplate":"Application started. Press Ctrl+C to shut down.","Properties":{"SourceContext":"Microsoft.Hosting.Lifetime","ApplicationName":"Barn.Api"}}
{"Timestamp":"2023-05-05T12:01:07.0208013+02:00","Level":"Information","MessageTemplate":"Hosting environment: {EnvName}","Properties":{"EnvName":"Development","SourceContext":"Microsoft.Hosting.Lifetime","ApplicationName":"Barn.Api"}}
{"Timestamp":"2023-05-05T12:01:07.0208750+02:00","Level":"Information","MessageTemplate":"Content root path: {ContentRoot}","Properties":{"ContentRoot":"C:\\Repos\\Birk.Bestillingsveiviser.Web\\Birk.Client.Bestilling","SourceContext":"Microsoft.Hosting.Lifetime","ApplicationName":"Barn.Api"}}
{"Timestamp":"2023-05-05T12:01:08.3088292+02:00","Level":"Information","MessageTemplate":"Entering {Method}","Properties":{"Method":"InitializeDropdownsAsync","SourceContext":"Birk.Client.Bestilling.Pages.Bestilling","ActionId":"a0f7ac14-82aa-405e-8d5e-34a3e5d4a27e","ActionName":"/_Host","RequestId":"0HMQD9UIHAS85:00000001","RequestPath":"/","ConnectionId":"0HMQD9UIHAS85","ApplicationName":"Barn.Api","CorrelationId":"e7fa2696-2b17-42fa-af57-18e5c4a8f8cf"}}
{"Timestamp":"2023-05-05T12:01:08.3120634+02:00","Level":"Information","MessageTemplate":"Entering {Method}","Properties":{"Method":"GetTypes","SourceContext":"Birk.Client.Bestilling.Services.Implementation.KodeverkService","ActionId":"a0f7ac14-82aa-405e-8d5e-34a3e5d4a27e","ActionName":"/_Host","RequestId":"0HMQD9UIHAS85:00000001","RequestPath":"/","ConnectionId":"0HMQD9UIHAS85","ApplicationName":"Barn.Api","CorrelationId":"e7fa2696-2b17-42fa-af57-18e5c4a8f8cf"}}
{"Timestamp":"2023-05-05T12:01:08.6327584+02:00","Level":"Information","MessageTemplate":"Exiting {Method}","Properties":{"Method":"InitializeDropdownsAsync","SourceContext":"Birk.Client.Bestilling.Pages.Bestilling","ActionId":"a0f7ac14-82aa-405e-8d5e-34a3e5d4a27e","ActionName":"/_Host","RequestId":"0HMQD9UIHAS85:00000001","RequestPath":"/","ConnectionId":"0HMQD9UIHAS85","ApplicationName":"Barn.Api","CorrelationId":"e7fa2696-2b17-42fa-af57-18e5c4a8f8cf"}}
{"Timestamp":"2023-05-05T12:01:09.6245626+02:00","Level":"Information","MessageTemplate":"Entering {Method}","Properties":{"Method":"InitializeDropdownsAsync","SourceContext":"Birk.Client.Bestilling.Pages.Bestilling","TransportConnectionId":"dXLqaW50Ejd0Lvjb63wH5A","RequestId":"0HMQD9UIHAS85:0000003D","RequestPath":"/_blazor","ConnectionId":"0HMQD9UIHAS85","ApplicationName":"Barn.Api"}}
{"Timestamp":"2023-05-05T12:01:09.7682833+02:00","Level":"Information","MessageTemplate":"Entering {Method}","Properties":{"Method":"GetTypes","SourceContext":"Birk.Client.Bestilling.Services.Implementation.KodeverkService","TransportConnectionId":"dXLqaW50Ejd0Lvjb63wH5A","RequestId":"0HMQD9UIHAS85:0000003D","RequestPath":"/_blazor","ConnectionId":"0HMQD9UIHAS85","ApplicationName":"Barn.Api"}}
{"Timestamp":"2023-05-05T12:01:09.8413235+02:00","Level":"Information","MessageTemplate":"Exiting {Method}","Properties":{"Method":"InitializeDropdownsAsync","SourceContext":"Birk.Client.Bestilling.Pages.Bestilling","TransportConnectionId":"dXLqaW50Ejd0Lvjb63wH5A","RequestId":"0HMQD9UIHAS85:0000003D","RequestPath":"/_blazor","ConnectionId":"0HMQD9UIHAS85","ApplicationName":"Barn.Api"}}
{"Timestamp":"2023-05-05T12:02:12.3212016+02:00","Level":"Information","MessageTemplate":"Now listening on: {address}","Properties":{"address":"https://localhost:5001","EventId":{"Id":14,"Name":"ListeningOnAddress"},"SourceContext":"Microsoft.Hosting.Lifetime","ApplicationName":"Barn.Api"}}
{"Timestamp":"2023-05-05T12:02:12.3747245+02:00","Level":"Information","MessageTemplate":"Now listening on: {address}","Properties":{"address":"http://localhost:5000","EventId":{"Id":14,"Name":"ListeningOnAddress"},"SourceContext":"Microsoft.Hosting.Lifetime","ApplicationName":"Barn.Api"}}
{"Timestamp":"2023-05-05T12:02:12.3766837+02:00","Level":"Information","MessageTemplate":"Application started. Press Ctrl+C to shut down.","Properties":{"SourceContext":"Microsoft.Hosting.Lifetime","ApplicationName":"Barn.Api"}}
{"Timestamp":"2023-05-05T12:02:12.3768832+02:00","Level":"Information","MessageTemplate":"Hosting environment: {EnvName}","Properties":{"EnvName":"Development","SourceContext":"Microsoft.Hosting.Lifetime","ApplicationName":"Barn.Api"}}
{"Timestamp":"2023-05-05T12:02:12.3769365+02:00","Level":"Information","MessageTemplate":"Content root path: {ContentRoot}","Properties":{"ContentRoot":"C:\\Repos\\Birk.Bestillingsveiviser.Web\\Birk.Client.Bestilling","SourceContext":"Microsoft.Hosting.Lifetime","ApplicationName":"Barn.Api"}}
{"Timestamp":"2023-05-05T12:02:14.7083357+02:00","Level":"Information","MessageTemplate":"Entering {Method}","Properties":{"Method":"InitializeDropdownsAsync","SourceContext":"Birk.Client.Bestilling.Pages.Bestilling","ActionId":"d8d9cb16-600f-42d1-a550-ead28667ea58","ActionName":"/_Host","RequestId":"0HMQD9V63B5H6:00000001","RequestPath":"/","ConnectionId":"0HMQD9V63B5H6","ApplicationName":"Barn.Api","CorrelationId":"d082627d-385b-4d99-bbf2-b7c380a5900d"}}
{"Timestamp":"2023-05-05T12:02:14.7115827+02:00","Level":"Information","MessageTemplate":"Entering {Method}","Properties":{"Method":"GetTypes","SourceContext":"Birk.Client.Bestilling.Services.Implementation.KodeverkService","ActionId":"d8d9cb16-600f-42d1-a550-ead28667ea58","ActionName":"/_Host","RequestId":"0HMQD9V63B5H6:00000001","RequestPath":"/","ConnectionId":"0HMQD9V63B5H6","ApplicationName":"Barn.Api","CorrelationId":"d082627d-385b-4d99-bbf2-b7c380a5900d"}}
{"Timestamp":"2023-05-05T12:02:14.9566046+02:00","Level":"Information","MessageTemplate":"Exiting {Method}","Properties":{"Method":"InitializeDropdownsAsync","SourceContext":"Birk.Client.Bestilling.Pages.Bestilling","ActionId":"d8d9cb16-600f-42d1-a550-ead28667ea58","ActionName":"/_Host","RequestId":"0HMQD9V63B5H6:00000001","RequestPath":"/","ConnectionId":"0HMQD9V63B5H6","ApplicationName":"Barn.Api","CorrelationId":"d082627d-385b-4d99-bbf2-b7c380a5900d"}}
{"Timestamp":"2023-05-05T12:02:16.0235650+02:00","Level":"Information","MessageTemplate":"Entering {Method}","Properties":{"Method":"InitializeDropdownsAsync","SourceContext":"Birk.Client.Bestilling.Pages.Bestilling","TransportConnectionId":"ePrk9rrLCmByRHyUbGKMgA","RequestId":"0HMQD9V63B5H6:0000003D","RequestPath":"/_blazor","ConnectionId":"0HMQD9V63B5H6","ApplicationName":"Barn.Api"}}
{"Timestamp":"2023-05-05T12:02:16.1908220+02:00","Level":"Information","MessageTemplate":"Entering {Method}","Properties":{"Method":"GetTypes","SourceContext":"Birk.Client.Bestilling.Services.Implementation.KodeverkService","TransportConnectionId":"ePrk9rrLCmByRHyUbGKMgA","RequestId":"0HMQD9V63B5H6:0000003D","RequestPath":"/_blazor","ConnectionId":"0HMQD9V63B5H6","ApplicationName":"Barn.Api"}}
{"Timestamp":"2023-05-05T12:02:16.2893856+02:00","Level":"Information","MessageTemplate":"Exiting {Method}","Properties":{"Method":"InitializeDropdownsAsync","SourceContext":"Birk.Client.Bestilling.Pages.Bestilling","TransportConnectionId":"ePrk9rrLCmByRHyUbGKMgA","RequestId":"0HMQD9V63B5H6:0000003D","RequestPath":"/_blazor","ConnectionId":"0HMQD9V63B5H6","ApplicationName":"Barn.Api"}}
{"Timestamp":"2023-05-05T12:02:21.9295786+02:00","Level":"Information","MessageTemplate":"Entering {Method}","Properties":{"Method":"GetKommunesAndBvtjenestes","SourceContext":"Birk.Client.Bestilling.Services.Implementation.KodeverkService","TransportConnectionId":"ePrk9rrLCmByRHyUbGKMgA","RequestId":"0HMQD9V63B5H6:0000003D","RequestPath":"/_blazor","ConnectionId":"0HMQD9V63B5H6","ApplicationName":"Barn.Api"}}
{"Timestamp":"2023-05-05T12:02:31.2360648+02:00","Level":"Information","MessageTemplate":"Entering {Method}","Properties":{"Method":"GetBarnByFnr","SourceContext":"Birk.Client.Bestilling.Services.Implementation.BarnService","TransportConnectionId":"ePrk9rrLCmByRHyUbGKMgA","RequestId":"0HMQD9V63B5H6:0000003D","RequestPath":"/_blazor","ConnectionId":"0HMQD9V63B5H6","ApplicationName":"Barn.Api"}}
{"Timestamp":"2023-05-05T12:02:56.3913768+02:00","Level":"Information","MessageTemplate":"Entering {Method}","Properties":{"Method":"GetBarnByFnr","SourceContext":"Birk.Client.Bestilling.Services.Implementation.BarnService","TransportConnectionId":"ePrk9rrLCmByRHyUbGKMgA","RequestId":"0HMQD9V63B5H6:0000003D","RequestPath":"/_blazor","ConnectionId":"0HMQD9V63B5H6","ApplicationName":"Barn.Api"}}
{"Timestamp":"2023-05-05T16:22:14.1769287+02:00","Level":"Information","MessageTemplate":"Now listening on: {address}","Properties":{"address":"https://localhost:5001","EventId":{"Id":14,"Name":"ListeningOnAddress"},"SourceContext":"Microsoft.Hosting.Lifetime","ApplicationName":"Barn.Api"}}
{"Timestamp":"2023-05-05T16:22:14.2059142+02:00","Level":"Information","MessageTemplate":"Now listening on: {address}","Properties":{"address":"http://localhost:5000","EventId":{"Id":14,"Name":"ListeningOnAddress"},"SourceContext":"Microsoft.Hosting.Lifetime","ApplicationName":"Barn.Api"}}
{"Timestamp":"2023-05-05T16:22:14.2072809+02:00","Level":"Information","MessageTemplate":"Application started. Press Ctrl+C to shut down.","Properties":{"SourceContext":"Microsoft.Hosting.Lifetime","ApplicationName":"Barn.Api"}}
{"Timestamp":"2023-05-05T16:22:14.2074583+02:00","Level":"Information","MessageTemplate":"Hosting environment: {EnvName}","Properties":{"EnvName":"Development","SourceContext":"Microsoft.Hosting.Lifetime","ApplicationName":"Barn.Api"}}
{"Timestamp":"2023-05-05T16:22:14.2075148+02:00","Level":"Information","MessageTemplate":"Content root path: {ContentRoot}","Properties":{"ContentRoot":"C:\\Repos\\Birk.Bestillingsveiviser.Web\\Birk.Client.Bestilling","SourceContext":"Microsoft.Hosting.Lifetime","ApplicationName":"Barn.Api"}}
{"Timestamp":"2023-05-05T16:22:15.8248085+02:00","Level":"Information","MessageTemplate":"Entering {Method}","Properties":{"Method":"InitializeDropdownsAsync","SourceContext":"Birk.Client.Bestilling.Pages.Bestilling","ActionId":"15c49f8f-b6e8-4d78-8d77-3a6679c46ed0","ActionName":"/_Host","RequestId":"0HMQDEGFO3TKP:00000001","RequestPath":"/","ConnectionId":"0HMQDEGFO3TKP","ApplicationName":"Barn.Api","CorrelationId":"9874f351-7e7c-4e36-b3c8-2e100e4268a2"}}
{"Timestamp":"2023-05-05T16:22:15.8294573+02:00","Level":"Information","MessageTemplate":"Entering {Method}","Properties":{"Method":"GetTypes","SourceContext":"Birk.Client.Bestilling.Services.Implementation.KodeverkService","ActionId":"15c49f8f-b6e8-4d78-8d77-3a6679c46ed0","ActionName":"/_Host","RequestId":"0HMQDEGFO3TKP:00000001","RequestPath":"/","ConnectionId":"0HMQDEGFO3TKP","ApplicationName":"Barn.Api","CorrelationId":"9874f351-7e7c-4e36-b3c8-2e100e4268a2"}}
{"Timestamp":"2023-05-05T16:22:19.5803874+02:00","Level":"Information","MessageTemplate":"Exiting {Method}","Properties":{"Method":"InitializeDropdownsAsync","SourceContext":"Birk.Client.Bestilling.Pages.Bestilling","ActionId":"15c49f8f-b6e8-4d78-8d77-3a6679c46ed0","ActionName":"/_Host","RequestId":"0HMQDEGFO3TKP:00000001","RequestPath":"/","ConnectionId":"0HMQDEGFO3TKP","ApplicationName":"Barn.Api","CorrelationId":"9874f351-7e7c-4e36-b3c8-2e100e4268a2"}}
{"Timestamp":"2023-05-05T16:22:20.2629658+02:00","Level":"Information","MessageTemplate":"Entering {Method}","Properties":{"Method":"InitializeDropdownsAsync","SourceContext":"Birk.Client.Bestilling.Pages.Bestilling","TransportConnectionId":"9OAULNWjeuEkyHs6GIeVsw","RequestId":"0HMQDEGFO3TKP:0000003D","RequestPath":"/_blazor","ConnectionId":"0HMQDEGFO3TKP","ApplicationName":"Barn.Api"}}
{"Timestamp":"2023-05-05T16:22:20.4210981+02:00","Level":"Information","MessageTemplate":"Entering {Method}","Properties":{"Method":"GetTypes","SourceContext":"Birk.Client.Bestilling.Services.Implementation.KodeverkService","TransportConnectionId":"9OAULNWjeuEkyHs6GIeVsw","RequestId":"0HMQDEGFO3TKP:0000003D","RequestPath":"/_blazor","ConnectionId":"0HMQDEGFO3TKP","ApplicationName":"Barn.Api"}}
{"Timestamp":"2023-05-05T16:22:20.5295954+02:00","Level":"Information","MessageTemplate":"Exiting {Method}","Properties":{"Method":"InitializeDropdownsAsync","SourceContext":"Birk.Client.Bestilling.Pages.Bestilling","TransportConnectionId":"9OAULNWjeuEkyHs6GIeVsw","RequestId":"0HMQDEGFO3TKP:0000003D","RequestPath":"/_blazor","ConnectionId":"0HMQDEGFO3TKP","ApplicationName":"Barn.Api"}}
{"Timestamp":"2023-05-05T16:23:02.9756498+02:00","Level":"Information","MessageTemplate":"Entering {Method}","Properties":{"Method":"GetKommunesAndBvtjenestes","SourceContext":"Birk.Client.Bestilling.Services.Implementation.KodeverkService","TransportConnectionId":"9OAULNWjeuEkyHs6GIeVsw","RequestId":"0HMQDEGFO3TKP:0000003D","RequestPath":"/_blazor","ConnectionId":"0HMQDEGFO3TKP","ApplicationName":"Barn.Api"}}
{"Timestamp":"2023-05-05T16:23:13.3262721+02:00","Level":"Information","MessageTemplate":"Entering {Method}","Properties":{"Method":"GetBarnByFnr","SourceContext":"Birk.Client.Bestilling.Services.Implementation.BarnService","TransportConnectionId":"9OAULNWjeuEkyHs6GIeVsw","RequestId":"0HMQDEGFO3TKP:0000003D","RequestPath":"/_blazor","ConnectionId":"0HMQDEGFO3TKP","ApplicationName":"Barn.Api"}}
{"Timestamp":"2023-05-05T16:24:02.1129534+02:00","Level":"Information","MessageTemplate":"Entering {Method}","Properties":{"Method":"GetBarnByFnr","SourceContext":"Birk.Client.Bestilling.Services.Implementation.BarnService","TransportConnectionId":"9OAULNWjeuEkyHs6GIeVsw","RequestId":"0HMQDEGFO3TKP:0000003D","RequestPath":"/_blazor","ConnectionId":"0HMQDEGFO3TKP","ApplicationName":"Barn.Api"}}
{"Timestamp":"2023-05-05T16:33:49.3820418+02:00","Level":"Information","MessageTemplate":"Now listening on: {address}","Properties":{"address":"https://localhost:5001","EventId":{"Id":14,"Name":"ListeningOnAddress"},"SourceContext":"Microsoft.Hosting.Lifetime","ApplicationName":"Barn.Api"}}
{"Timestamp":"2023-05-05T16:33:49.4149230+02:00","Level":"Information","MessageTemplate":"Now listening on: {address}","Properties":{"address":"http://localhost:5000","EventId":{"Id":14,"Name":"ListeningOnAddress"},"SourceContext":"Microsoft.Hosting.Lifetime","ApplicationName":"Barn.Api"}}
{"Timestamp":"2023-05-05T16:33:49.4162362+02:00","Level":"Information","MessageTemplate":"Application started. Press Ctrl+C to shut down.","Properties":{"SourceContext":"Microsoft.Hosting.Lifetime","ApplicationName":"Barn.Api"}}
{"Timestamp":"2023-05-05T16:33:49.4164151+02:00","Level":"Information","MessageTemplate":"Hosting environment: {EnvName}","Properties":{"EnvName":"Development","SourceContext":"Microsoft.Hosting.Lifetime","ApplicationName":"Barn.Api"}}
{"Timestamp":"2023-05-05T16:33:49.4164659+02:00","Level":"Information","MessageTemplate":"Content root path: {ContentRoot}","Properties":{"ContentRoot":"C:\\Repos\\Birk.Bestillingsveiviser.Web\\Birk.Client.Bestilling","SourceContext":"Microsoft.Hosting.Lifetime","ApplicationName":"Barn.Api"}}
{"Timestamp":"2023-05-05T16:33:50.3759808+02:00","Level":"Information","MessageTemplate":"Entering {Method}","Properties":{"Method":"InitializeDropdownsAsync","SourceContext":"Birk.Client.Bestilling.Pages.Bestilling","ActionId":"7dbd17f0-34db-427f-97ec-44cc515cd5b5","ActionName":"/_Host","RequestId":"0HMQDEMUTGC3G:00000001","RequestPath":"/","ConnectionId":"0HMQDEMUTGC3G","ApplicationName":"Barn.Api","CorrelationId":"8b45f9bd-2ef8-4671-945c-43514b5251e5"}}
{"Timestamp":"2023-05-05T16:33:50.3801894+02:00","Level":"Information","MessageTemplate":"Entering {Method}","Properties":{"Method":"GetTypes","SourceContext":"Birk.Client.Bestilling.Services.Implementation.KodeverkService","ActionId":"7dbd17f0-34db-427f-97ec-44cc515cd5b5","ActionName":"/_Host","RequestId":"0HMQDEMUTGC3G:00000001","RequestPath":"/","ConnectionId":"0HMQDEMUTGC3G","ApplicationName":"Barn.Api","CorrelationId":"8b45f9bd-2ef8-4671-945c-43514b5251e5"}}
{"Timestamp":"2023-05-05T16:33:51.1779237+02:00","Level":"Information","MessageTemplate":"Exiting {Method}","Properties":{"Method":"InitializeDropdownsAsync","SourceContext":"Birk.Client.Bestilling.Pages.Bestilling","ActionId":"7dbd17f0-34db-427f-97ec-44cc515cd5b5","ActionName":"/_Host","RequestId":"0HMQDEMUTGC3G:00000001","RequestPath":"/","ConnectionId":"0HMQDEMUTGC3G","ApplicationName":"Barn.Api","CorrelationId":"8b45f9bd-2ef8-4671-945c-43514b5251e5"}}
{"Timestamp":"2023-05-05T16:33:51.9898353+02:00","Level":"Information","MessageTemplate":"Entering {Method}","Properties":{"Method":"InitializeDropdownsAsync","SourceContext":"Birk.Client.Bestilling.Pages.Bestilling","TransportConnectionId":"wdNE7dyXxSZGPESIIX-ibw","RequestId":"0HMQDEMUTGC3G:0000003D","RequestPath":"/_blazor","ConnectionId":"0HMQDEMUTGC3G","ApplicationName":"Barn.Api"}}
{"Timestamp":"2023-05-05T16:33:52.0927725+02:00","Level":"Information","MessageTemplate":"Entering {Method}","Properties":{"Method":"GetTypes","SourceContext":"Birk.Client.Bestilling.Services.Implementation.KodeverkService","TransportConnectionId":"wdNE7dyXxSZGPESIIX-ibw","RequestId":"0HMQDEMUTGC3G:0000003D","RequestPath":"/_blazor","ConnectionId":"0HMQDEMUTGC3G","ApplicationName":"Barn.Api"}}
{"Timestamp":"2023-05-05T16:33:52.1786367+02:00","Level":"Information","MessageTemplate":"Exiting {Method}","Properties":{"Method":"InitializeDropdownsAsync","SourceContext":"Birk.Client.Bestilling.Pages.Bestilling","TransportConnectionId":"wdNE7dyXxSZGPESIIX-ibw","RequestId":"0HMQDEMUTGC3G:0000003D","RequestPath":"/_blazor","ConnectionId":"0HMQDEMUTGC3G","ApplicationName":"Barn.Api"}}
{"Timestamp":"2023-05-05T16:34:24.6666123+02:00","Level":"Information","MessageTemplate":"Entering {Method}","Properties":{"Method":"GetKommunesAndBvtjenestes","SourceContext":"Birk.Client.Bestilling.Services.Implementation.KodeverkService","TransportConnectionId":"wdNE7dyXxSZGPESIIX-ibw","RequestId":"0HMQDEMUTGC3G:0000003D","RequestPath":"/_blazor","ConnectionId":"0HMQDEMUTGC3G","ApplicationName":"Barn.Api"}}
{"Timestamp":"2023-05-05T16:39:03.3542763+02:00","Level":"Information","MessageTemplate":"Now listening on: {address}","Properties":{"address":"https://localhost:5001","EventId":{"Id":14,"Name":"ListeningOnAddress"},"SourceContext":"Microsoft.Hosting.Lifetime","ApplicationName":"Barn.Api"}}
{"Timestamp":"2023-05-05T16:39:03.3847666+02:00","Level":"Information","MessageTemplate":"Now listening on: {address}","Properties":{"address":"http://localhost:5000","EventId":{"Id":14,"Name":"ListeningOnAddress"},"SourceContext":"Microsoft.Hosting.Lifetime","ApplicationName":"Barn.Api"}}
{"Timestamp":"2023-05-05T16:39:03.3861768+02:00","Level":"Information","MessageTemplate":"Application started. Press Ctrl+C to shut down.","Properties":{"SourceContext":"Microsoft.Hosting.Lifetime","ApplicationName":"Barn.Api"}}
{"Timestamp":"2023-05-05T16:39:03.3863437+02:00","Level":"Information","MessageTemplate":"Hosting environment: {EnvName}","Properties":{"EnvName":"Development","SourceContext":"Microsoft.Hosting.Lifetime","ApplicationName":"Barn.Api"}}
{"Timestamp":"2023-05-05T16:39:03.3863989+02:00","Level":"Information","MessageTemplate":"Content root path: {ContentRoot}","Properties":{"ContentRoot":"C:\\Repos\\Birk.Bestillingsveiviser.Web\\Birk.Client.Bestilling","SourceContext":"Microsoft.Hosting.Lifetime","ApplicationName":"Barn.Api"}}
{"Timestamp":"2023-05-05T16:39:04.3231310+02:00","Level":"Information","MessageTemplate":"Entering {Method}","Properties":{"Method":"InitializeDropdownsAsync","SourceContext":"Birk.Client.Bestilling.Pages.Bestilling","ActionId":"b5270f84-d32b-4c3c-a995-993417f7f2fd","ActionName":"/_Host","RequestId":"0HMQDEPSFP5TB:00000001","RequestPath":"/","ConnectionId":"0HMQDEPSFP5TB","ApplicationName":"Barn.Api","CorrelationId":"328cd3d7-9b83-42c6-9630-e392dc959760"}}
{"Timestamp":"2023-05-05T16:39:04.3264504+02:00","Level":"Information","MessageTemplate":"Entering {Method}","Properties":{"Method":"GetTypes","SourceContext":"Birk.Client.Bestilling.Services.Implementation.KodeverkService","ActionId":"b5270f84-d32b-4c3c-a995-993417f7f2fd","ActionName":"/_Host","RequestId":"0HMQDEPSFP5TB:00000001","RequestPath":"/","ConnectionId":"0HMQDEPSFP5TB","ApplicationName":"Barn.Api","CorrelationId":"328cd3d7-9b83-42c6-9630-e392dc959760"}}
{"Timestamp":"2023-05-05T16:39:04.7732273+02:00","Level":"Information","MessageTemplate":"Exiting {Method}","Properties":{"Method":"InitializeDropdownsAsync","SourceContext":"Birk.Client.Bestilling.Pages.Bestilling","ActionId":"b5270f84-d32b-4c3c-a995-993417f7f2fd","ActionName":"/_Host","RequestId":"0HMQDEPSFP5TB:00000001","RequestPath":"/","ConnectionId":"0HMQDEPSFP5TB","ApplicationName":"Barn.Api","CorrelationId":"328cd3d7-9b83-42c6-9630-e392dc959760"}}
{"Timestamp":"2023-05-05T16:39:05.4925730+02:00","Level":"Information","MessageTemplate":"Entering {Method}","Properties":{"Method":"InitializeDropdownsAsync","SourceContext":"Birk.Client.Bestilling.Pages.Bestilling","TransportConnectionId":"-Orc5971zIPqEkIMCqXNRw","RequestId":"0HMQDEPSFP5TB:0000003D","RequestPath":"/_blazor","ConnectionId":"0HMQDEPSFP5TB","ApplicationName":"Barn.Api"}}
{"Timestamp":"2023-05-05T16:39:05.6050323+02:00","Level":"Information","MessageTemplate":"Entering {Method}","Properties":{"Method":"GetTypes","SourceContext":"Birk.Client.Bestilling.Services.Implementation.KodeverkService","TransportConnectionId":"-Orc5971zIPqEkIMCqXNRw","RequestId":"0HMQDEPSFP5TB:0000003D","RequestPath":"/_blazor","ConnectionId":"0HMQDEPSFP5TB","ApplicationName":"Barn.Api"}}
{"Timestamp":"2023-05-05T16:39:05.6741412+02:00","Level":"Information","MessageTemplate":"Exiting {Method}","Properties":{"Method":"InitializeDropdownsAsync","SourceContext":"Birk.Client.Bestilling.Pages.Bestilling","TransportConnectionId":"-Orc5971zIPqEkIMCqXNRw","RequestId":"0HMQDEPSFP5TB:0000003D","RequestPath":"/_blazor","ConnectionId":"0HMQDEPSFP5TB","ApplicationName":"Barn.Api"}}
{"Timestamp":"2023-05-05T16:39:09.0283938+02:00","Level":"Information","MessageTemplate":"Entering {Method}","Properties":{"Method":"GetKommunesAndBvtjenestes","SourceContext":"Birk.Client.Bestilling.Services.Implementation.KodeverkService","TransportConnectionId":"-Orc5971zIPqEkIMCqXNRw","RequestId":"0HMQDEPSFP5TB:0000003D","RequestPath":"/_blazor","ConnectionId":"0HMQDEPSFP5TB","ApplicationName":"Barn.Api"}}
{"Timestamp":"2023-05-05T16:41:33.1606529+02:00","Level":"Information","MessageTemplate":"Now listening on: {address}","Properties":{"address":"https://localhost:5001","EventId":{"Id":14,"Name":"ListeningOnAddress"},"SourceContext":"Microsoft.Hosting.Lifetime","ApplicationName":"Barn.Api"}}
{"Timestamp":"2023-05-05T16:41:33.1893365+02:00","Level":"Information","MessageTemplate":"Now listening on: {address}","Properties":{"address":"http://localhost:5000","EventId":{"Id":14,"Name":"ListeningOnAddress"},"SourceContext":"Microsoft.Hosting.Lifetime","ApplicationName":"Barn.Api"}}
{"Timestamp":"2023-05-05T16:41:33.1908157+02:00","Level":"Information","MessageTemplate":"Application started. Press Ctrl+C to shut down.","Properties":{"SourceContext":"Microsoft.Hosting.Lifetime","ApplicationName":"Barn.Api"}}
{"Timestamp":"2023-05-05T16:41:33.1909965+02:00","Level":"Information","MessageTemplate":"Hosting environment: {EnvName}","Properties":{"EnvName":"Development","SourceContext":"Microsoft.Hosting.Lifetime","ApplicationName":"Barn.Api"}}
{"Timestamp":"2023-05-05T16:41:33.1910501+02:00","Level":"Information","MessageTemplate":"Content root path: {ContentRoot}","Properties":{"ContentRoot":"C:\\Repos\\Birk.Bestillingsveiviser.Web\\Birk.Client.Bestilling","SourceContext":"Microsoft.Hosting.Lifetime","ApplicationName":"Barn.Api"}}
{"Timestamp":"2023-05-05T16:41:34.7716061+02:00","Level":"Information","MessageTemplate":"Entering {Method}","Properties":{"Method":"InitializeDropdownsAsync","SourceContext":"Birk.Client.Bestilling.Pages.Bestilling","ActionId":"dc3e8f0b-01d3-4cc6-93c9-306f043bf350","ActionName":"/_Host","RequestId":"0HMQDER976OPP:00000001","RequestPath":"/","ConnectionId":"0HMQDER976OPP","ApplicationName":"Barn.Api","CorrelationId":"0558168f-7dbb-4928-9312-eca4fa1f274d"}}
{"Timestamp":"2023-05-05T16:41:34.7746197+02:00","Level":"Information","MessageTemplate":"Entering {Method}","Properties":{"Method":"GetTypes","SourceContext":"Birk.Client.Bestilling.Services.Implementation.KodeverkService","ActionId":"dc3e8f0b-01d3-4cc6-93c9-306f043bf350","ActionName":"/_Host","RequestId":"0HMQDER976OPP:00000001","RequestPath":"/","ConnectionId":"0HMQDER976OPP","ApplicationName":"Barn.Api","CorrelationId":"0558168f-7dbb-4928-9312-eca4fa1f274d"}}
{"Timestamp":"2023-05-05T16:41:34.9754328+02:00","Level":"Information","MessageTemplate":"Exiting {Method}","Properties":{"Method":"InitializeDropdownsAsync","SourceContext":"Birk.Client.Bestilling.Pages.Bestilling","ActionId":"dc3e8f0b-01d3-4cc6-93c9-306f043bf350","ActionName":"/_Host","RequestId":"0HMQDER976OPP:00000001","RequestPath":"/","ConnectionId":"0HMQDER976OPP","ApplicationName":"Barn.Api","CorrelationId":"0558168f-7dbb-4928-9312-eca4fa1f274d"}}
{"Timestamp":"2023-05-05T16:41:35.7497573+02:00","Level":"Information","MessageTemplate":"Entering {Method}","Properties":{"Method":"InitializeDropdownsAsync","SourceContext":"Birk.Client.Bestilling.Pages.Bestilling","TransportConnectionId":"zN5JITxhqusA5xvBM_x2OQ","RequestId":"0HMQDER976OPP:0000003D","RequestPath":"/_blazor","ConnectionId":"0HMQDER976OPP","ApplicationName":"Barn.Api"}}
{"Timestamp":"2023-05-05T16:41:35.8869370+02:00","Level":"Information","MessageTemplate":"Entering {Method}","Properties":{"Method":"GetTypes","SourceContext":"Birk.Client.Bestilling.Services.Implementation.KodeverkService","TransportConnectionId":"zN5JITxhqusA5xvBM_x2OQ","RequestId":"0HMQDER976OPP:0000003D","RequestPath":"/_blazor","ConnectionId":"0HMQDER976OPP","ApplicationName":"Barn.Api"}}
{"Timestamp":"2023-05-05T16:41:35.9885419+02:00","Level":"Information","MessageTemplate":"Exiting {Method}","Properties":{"Method":"InitializeDropdownsAsync","SourceContext":"Birk.Client.Bestilling.Pages.Bestilling","TransportConnectionId":"zN5JITxhqusA5xvBM_x2OQ","RequestId":"0HMQDER976OPP:0000003D","RequestPath":"/_blazor","ConnectionId":"0HMQDER976OPP","ApplicationName":"Barn.Api"}}
{"Timestamp":"2023-05-05T16:41:38.7154815+02:00","Level":"Information","MessageTemplate":"Entering {Method}","Properties":{"Method":"GetKommunesAndBvtjenestes","SourceContext":"Birk.Client.Bestilling.Services.Implementation.KodeverkService","TransportConnectionId":"zN5JITxhqusA5xvBM_x2OQ","RequestId":"0HMQDER976OPP:0000003D","RequestPath":"/_blazor","ConnectionId":"0HMQDER976OPP","ApplicationName":"Barn.Api"}}
