{"Timestamp":"2023-04-27T14:49:30.2500159+02:00","Level":"Information","MessageTemplate":"Now listening on: {address}","Properties":{"address":"https://localhost:5001","EventId":{"Id":14,"Name":"ListeningOnAddress"},"SourceContext":"Microsoft.Hosting.Lifetime","ApplicationName":"Barn.Api"}}
{"Timestamp":"2023-04-27T14:49:30.3468732+02:00","Level":"Information","MessageTemplate":"Now listening on: {address}","Properties":{"address":"http://localhost:5000","EventId":{"Id":14,"Name":"ListeningOnAddress"},"SourceContext":"Microsoft.Hosting.Lifetime","ApplicationName":"Barn.Api"}}
{"Timestamp":"2023-04-27T14:49:30.3497487+02:00","Level":"Information","MessageTemplate":"Application started. Press Ctrl+C to shut down.","Properties":{"SourceContext":"Microsoft.Hosting.Lifetime","ApplicationName":"Barn.Api"}}
{"Timestamp":"2023-04-27T14:49:30.3500726+02:00","Level":"Information","MessageTemplate":"Hosting environment: {EnvName}","Properties":{"EnvName":"Development","SourceContext":"Microsoft.Hosting.Lifetime","ApplicationName":"Barn.Api"}}
{"Timestamp":"2023-04-27T14:49:30.3501795+02:00","Level":"Information","MessageTemplate":"Content root path: {ContentRoot}","Properties":{"ContentRoot":"C:\\Repos\\Birk.Bestillingsveiviser.Web\\Birk.Client.Bestilling","SourceContext":"Microsoft.Hosting.Lifetime","ApplicationName":"Barn.Api"}}
{"Timestamp":"2023-04-27T14:49:36.0645331+02:00","Level":"Information","MessageTemplate":"Entering {Method}","Properties":{"Method":"InitializeDropdownsAsync","SourceContext":"Birk.Client.Bestilling.Pages.Bestilling","ActionId":"efffaef7-46c5-4d69-afae-f7521fb0d6ab","ActionName":"/_Host","RequestId":"0HMQ73NC031EL:00000001","RequestPath":"/","ConnectionId":"0HMQ73NC031EL","ApplicationName":"Barn.Api","CorrelationId":"428aa27c-faa2-4158-be20-bc7ca83b5f4b"}}
{"Timestamp":"2023-04-27T14:49:36.0684596+02:00","Level":"Information","MessageTemplate":"Entering {Method}","Properties":{"Method":"GetTypes","SourceContext":"Birk.Client.Bestilling.Services.Implementation.KodeverkService","ActionId":"efffaef7-46c5-4d69-afae-f7521fb0d6ab","ActionName":"/_Host","RequestId":"0HMQ73NC031EL:00000001","RequestPath":"/","ConnectionId":"0HMQ73NC031EL","ApplicationName":"Barn.Api","CorrelationId":"428aa27c-faa2-4158-be20-bc7ca83b5f4b"}}
{"Timestamp":"2023-04-27T14:49:39.7698113+02:00","Level":"Information","MessageTemplate":"Exiting {Method}","Properties":{"Method":"InitializeDropdownsAsync","SourceContext":"Birk.Client.Bestilling.Pages.Bestilling","ActionId":"efffaef7-46c5-4d69-afae-f7521fb0d6ab","ActionName":"/_Host","RequestId":"0HMQ73NC031EL:00000001","RequestPath":"/","ConnectionId":"0HMQ73NC031EL","ApplicationName":"Barn.Api","CorrelationId":"428aa27c-faa2-4158-be20-bc7ca83b5f4b"}}
{"Timestamp":"2023-04-27T14:49:40.5254714+02:00","Level":"Information","MessageTemplate":"Entering {Method}","Properties":{"Method":"InitializeDropdownsAsync","SourceContext":"Birk.Client.Bestilling.Pages.Bestilling","TransportConnectionId":"HShFl0mwxXHp2FUZUdMPWw","RequestId":"0HMQ73NC031EL:0000003D","RequestPath":"/_blazor","ConnectionId":"0HMQ73NC031EL","ApplicationName":"Barn.Api"}}
{"Timestamp":"2023-04-27T14:49:40.6480938+02:00","Level":"Information","MessageTemplate":"Entering {Method}","Properties":{"Method":"GetTypes","SourceContext":"Birk.Client.Bestilling.Services.Implementation.KodeverkService","TransportConnectionId":"HShFl0mwxXHp2FUZUdMPWw","RequestId":"0HMQ73NC031EL:0000003D","RequestPath":"/_blazor","ConnectionId":"0HMQ73NC031EL","ApplicationName":"Barn.Api"}}
{"Timestamp":"2023-04-27T14:49:40.8921376+02:00","Level":"Information","MessageTemplate":"Exiting {Method}","Properties":{"Method":"InitializeDropdownsAsync","SourceContext":"Birk.Client.Bestilling.Pages.Bestilling","TransportConnectionId":"HShFl0mwxXHp2FUZUdMPWw","RequestId":"0HMQ73NC031EL:0000003D","RequestPath":"/_blazor","ConnectionId":"0HMQ73NC031EL","ApplicationName":"Barn.Api"}}
{"Timestamp":"2023-04-27T14:49:44.8187589+02:00","Level":"Information","MessageTemplate":"Entering {Method}","Properties":{"Method":"GetKommunesAndBvtjenestes","SourceContext":"Birk.Client.Bestilling.Services.Implementation.KodeverkService","TransportConnectionId":"HShFl0mwxXHp2FUZUdMPWw","RequestId":"0HMQ73NC031EL:0000003D","RequestPath":"/_blazor","ConnectionId":"0HMQ73NC031EL","ApplicationName":"Barn.Api"}}
{"Timestamp":"2023-04-27T14:49:51.9528515+02:00","Level":"Information","MessageTemplate":"Entering {Method}","Properties":{"Method":"GetBarnByFnr","SourceContext":"Birk.Client.Bestilling.Services.Implementation.BarnService","TransportConnectionId":"HShFl0mwxXHp2FUZUdMPWw","RequestId":"0HMQ73NC031EL:0000003D","RequestPath":"/_blazor","ConnectionId":"0HMQ73NC031EL","ApplicationName":"Barn.Api"}}
{"Timestamp":"2023-04-27T14:49:58.3663613+02:00","Level":"Information","MessageTemplate":"Entering {Method}","Properties":{"Method":"GetBarnByFnr","SourceContext":"Birk.Client.Bestilling.Services.Implementation.BarnService","TransportConnectionId":"HShFl0mwxXHp2FUZUdMPWw","RequestId":"0HMQ73NC031EL:0000003D","RequestPath":"/_blazor","ConnectionId":"0HMQ73NC031EL","ApplicationName":"Barn.Api"}}
{"Timestamp":"2023-04-27T20:30:05.2018448+02:00","Level":"Information","MessageTemplate":"Now listening on: {address}","Properties":{"address":"https://localhost:5001","EventId":{"Id":14,"Name":"ListeningOnAddress"},"SourceContext":"Microsoft.Hosting.Lifetime","ApplicationName":"Barn.Api"}}
{"Timestamp":"2023-04-27T20:30:05.2330148+02:00","Level":"Information","MessageTemplate":"Now listening on: {address}","Properties":{"address":"http://localhost:5000","EventId":{"Id":14,"Name":"ListeningOnAddress"},"SourceContext":"Microsoft.Hosting.Lifetime","ApplicationName":"Barn.Api"}}
{"Timestamp":"2023-04-27T20:30:05.2346977+02:00","Level":"Information","MessageTemplate":"Application started. Press Ctrl+C to shut down.","Properties":{"SourceContext":"Microsoft.Hosting.Lifetime","ApplicationName":"Barn.Api"}}
{"Timestamp":"2023-04-27T20:30:05.2348591+02:00","Level":"Information","MessageTemplate":"Hosting environment: {EnvName}","Properties":{"EnvName":"Development","SourceContext":"Microsoft.Hosting.Lifetime","ApplicationName":"Barn.Api"}}
{"Timestamp":"2023-04-27T20:30:05.2349229+02:00","Level":"Information","MessageTemplate":"Content root path: {ContentRoot}","Properties":{"ContentRoot":"C:\\Repos\\Birk.Bestillingsveiviser.Web\\Birk.Client.Bestilling","SourceContext":"Microsoft.Hosting.Lifetime","ApplicationName":"Barn.Api"}}
{"Timestamp":"2023-04-27T20:30:06.7839331+02:00","Level":"Information","MessageTemplate":"Entering {Method}","Properties":{"Method":"InitializeDropdownsAsync","SourceContext":"Birk.Client.Bestilling.Pages.Bestilling","ActionId":"3d3f8407-2967-4214-80b4-677de5b066f5","ActionName":"/_Host","RequestId":"0HMQ79LM05B0I:00000001","RequestPath":"/","ConnectionId":"0HMQ79LM05B0I","ApplicationName":"Barn.Api","CorrelationId":"47114ccf-9a7c-43cc-9e57-573da392f233"}}
{"Timestamp":"2023-04-27T20:30:06.7870194+02:00","Level":"Information","MessageTemplate":"Entering {Method}","Properties":{"Method":"GetTypes","SourceContext":"Birk.Client.Bestilling.Services.Implementation.KodeverkService","ActionId":"3d3f8407-2967-4214-80b4-677de5b066f5","ActionName":"/_Host","RequestId":"0HMQ79LM05B0I:00000001","RequestPath":"/","ConnectionId":"0HMQ79LM05B0I","ApplicationName":"Barn.Api","CorrelationId":"47114ccf-9a7c-43cc-9e57-573da392f233"}}
{"Timestamp":"2023-04-27T20:30:11.0702787+02:00","Level":"Information","MessageTemplate":"Exiting {Method}","Properties":{"Method":"InitializeDropdownsAsync","SourceContext":"Birk.Client.Bestilling.Pages.Bestilling","ActionId":"3d3f8407-2967-4214-80b4-677de5b066f5","ActionName":"/_Host","RequestId":"0HMQ79LM05B0I:00000001","RequestPath":"/","ConnectionId":"0HMQ79LM05B0I","ApplicationName":"Barn.Api","CorrelationId":"47114ccf-9a7c-43cc-9e57-573da392f233"}}
{"Timestamp":"2023-04-27T20:30:11.8990492+02:00","Level":"Information","MessageTemplate":"Entering {Method}","Properties":{"Method":"InitializeDropdownsAsync","SourceContext":"Birk.Client.Bestilling.Pages.Bestilling","TransportConnectionId":"J1r32VF8N52ZeQM9hIK4Uw","RequestId":"0HMQ79LM05B0I:0000003D","RequestPath":"/_blazor","ConnectionId":"0HMQ79LM05B0I","ApplicationName":"Barn.Api"}}
{"Timestamp":"2023-04-27T20:30:12.0199291+02:00","Level":"Information","MessageTemplate":"Entering {Method}","Properties":{"Method":"GetTypes","SourceContext":"Birk.Client.Bestilling.Services.Implementation.KodeverkService","TransportConnectionId":"J1r32VF8N52ZeQM9hIK4Uw","RequestId":"0HMQ79LM05B0I:0000003D","RequestPath":"/_blazor","ConnectionId":"0HMQ79LM05B0I","ApplicationName":"Barn.Api"}}
{"Timestamp":"2023-04-27T20:30:12.1366814+02:00","Level":"Information","MessageTemplate":"Exiting {Method}","Properties":{"Method":"InitializeDropdownsAsync","SourceContext":"Birk.Client.Bestilling.Pages.Bestilling","TransportConnectionId":"J1r32VF8N52ZeQM9hIK4Uw","RequestId":"0HMQ79LM05B0I:0000003D","RequestPath":"/_blazor","ConnectionId":"0HMQ79LM05B0I","ApplicationName":"Barn.Api"}}
{"Timestamp":"2023-04-27T20:30:37.2114439+02:00","Level":"Information","MessageTemplate":"Entering {Method}","Properties":{"Method":"GetKommunesAndBvtjenestes","SourceContext":"Birk.Client.Bestilling.Services.Implementation.KodeverkService","TransportConnectionId":"J1r32VF8N52ZeQM9hIK4Uw","RequestId":"0HMQ79LM05B0I:0000003D","RequestPath":"/_blazor","ConnectionId":"0HMQ79LM05B0I","ApplicationName":"Barn.Api"}}
{"Timestamp":"2023-04-27T20:39:15.3338048+02:00","Level":"Information","MessageTemplate":"Now listening on: {address}","Properties":{"address":"https://localhost:5001","EventId":{"Id":14,"Name":"ListeningOnAddress"},"SourceContext":"Microsoft.Hosting.Lifetime","ApplicationName":"Barn.Api"}}
{"Timestamp":"2023-04-27T20:39:15.3681481+02:00","Level":"Information","MessageTemplate":"Now listening on: {address}","Properties":{"address":"http://localhost:5000","EventId":{"Id":14,"Name":"ListeningOnAddress"},"SourceContext":"Microsoft.Hosting.Lifetime","ApplicationName":"Barn.Api"}}
{"Timestamp":"2023-04-27T20:39:15.3697429+02:00","Level":"Information","MessageTemplate":"Application started. Press Ctrl+C to shut down.","Properties":{"SourceContext":"Microsoft.Hosting.Lifetime","ApplicationName":"Barn.Api"}}
{"Timestamp":"2023-04-27T20:39:15.3700028+02:00","Level":"Information","MessageTemplate":"Hosting environment: {EnvName}","Properties":{"EnvName":"Development","SourceContext":"Microsoft.Hosting.Lifetime","ApplicationName":"Barn.Api"}}
{"Timestamp":"2023-04-27T20:39:15.3700867+02:00","Level":"Information","MessageTemplate":"Content root path: {ContentRoot}","Properties":{"ContentRoot":"C:\\Repos\\Birk.Bestillingsveiviser.Web\\Birk.Client.Bestilling","SourceContext":"Microsoft.Hosting.Lifetime","ApplicationName":"Barn.Api"}}
{"Timestamp":"2023-04-27T20:39:16.4099936+02:00","Level":"Information","MessageTemplate":"Entering {Method}","Properties":{"Method":"InitializeDropdownsAsync","SourceContext":"Birk.Client.Bestilling.Pages.Bestilling","ActionId":"ad956586-e0bb-4ca7-83ef-338ac3217170","ActionName":"/_Host","RequestId":"0HMQ79QPTOPSQ:00000001","RequestPath":"/","ConnectionId":"0HMQ79QPTOPSQ","ApplicationName":"Barn.Api","CorrelationId":"421ee2e5-9861-467d-89f0-00c5ff418d3b"}}
{"Timestamp":"2023-04-27T20:39:16.4134916+02:00","Level":"Information","MessageTemplate":"Entering {Method}","Properties":{"Method":"GetTypes","SourceContext":"Birk.Client.Bestilling.Services.Implementation.KodeverkService","ActionId":"ad956586-e0bb-4ca7-83ef-338ac3217170","ActionName":"/_Host","RequestId":"0HMQ79QPTOPSQ:00000001","RequestPath":"/","ConnectionId":"0HMQ79QPTOPSQ","ApplicationName":"Barn.Api","CorrelationId":"421ee2e5-9861-467d-89f0-00c5ff418d3b"}}
{"Timestamp":"2023-04-27T20:39:16.6618049+02:00","Level":"Information","MessageTemplate":"Exiting {Method}","Properties":{"Method":"InitializeDropdownsAsync","SourceContext":"Birk.Client.Bestilling.Pages.Bestilling","ActionId":"ad956586-e0bb-4ca7-83ef-338ac3217170","ActionName":"/_Host","RequestId":"0HMQ79QPTOPSQ:00000001","RequestPath":"/","ConnectionId":"0HMQ79QPTOPSQ","ApplicationName":"Barn.Api","CorrelationId":"421ee2e5-9861-467d-89f0-00c5ff418d3b"}}
{"Timestamp":"2023-04-27T20:39:17.4766705+02:00","Level":"Information","MessageTemplate":"Entering {Method}","Properties":{"Method":"InitializeDropdownsAsync","SourceContext":"Birk.Client.Bestilling.Pages.Bestilling","TransportConnectionId":"ZYOXV-v7CAQkF4pNe0OnUQ","RequestId":"0HMQ79QPTOPSQ:0000003D","RequestPath":"/_blazor","ConnectionId":"0HMQ79QPTOPSQ","ApplicationName":"Barn.Api"}}
{"Timestamp":"2023-04-27T20:39:17.6102956+02:00","Level":"Information","MessageTemplate":"Entering {Method}","Properties":{"Method":"GetTypes","SourceContext":"Birk.Client.Bestilling.Services.Implementation.KodeverkService","TransportConnectionId":"ZYOXV-v7CAQkF4pNe0OnUQ","RequestId":"0HMQ79QPTOPSQ:0000003D","RequestPath":"/_blazor","ConnectionId":"0HMQ79QPTOPSQ","ApplicationName":"Barn.Api"}}
{"Timestamp":"2023-04-27T20:39:17.7009054+02:00","Level":"Information","MessageTemplate":"Exiting {Method}","Properties":{"Method":"InitializeDropdownsAsync","SourceContext":"Birk.Client.Bestilling.Pages.Bestilling","TransportConnectionId":"ZYOXV-v7CAQkF4pNe0OnUQ","RequestId":"0HMQ79QPTOPSQ:0000003D","RequestPath":"/_blazor","ConnectionId":"0HMQ79QPTOPSQ","ApplicationName":"Barn.Api"}}
{"Timestamp":"2023-04-27T20:39:19.7425748+02:00","Level":"Information","MessageTemplate":"Entering {Method}","Properties":{"Method":"GetKommunesAndBvtjenestes","SourceContext":"Birk.Client.Bestilling.Services.Implementation.KodeverkService","TransportConnectionId":"ZYOXV-v7CAQkF4pNe0OnUQ","RequestId":"0HMQ79QPTOPSQ:0000003D","RequestPath":"/_blazor","ConnectionId":"0HMQ79QPTOPSQ","ApplicationName":"Barn.Api"}}
{"Timestamp":"2023-04-27T20:45:31.5067908+02:00","Level":"Information","MessageTemplate":"Now listening on: {address}","Properties":{"address":"https://localhost:5001","EventId":{"Id":14,"Name":"ListeningOnAddress"},"SourceContext":"Microsoft.Hosting.Lifetime","ApplicationName":"Barn.Api"}}
{"Timestamp":"2023-04-27T20:45:31.5392933+02:00","Level":"Information","MessageTemplate":"Now listening on: {address}","Properties":{"address":"http://localhost:5000","EventId":{"Id":14,"Name":"ListeningOnAddress"},"SourceContext":"Microsoft.Hosting.Lifetime","ApplicationName":"Barn.Api"}}
{"Timestamp":"2023-04-27T20:45:31.5407053+02:00","Level":"Information","MessageTemplate":"Application started. Press Ctrl+C to shut down.","Properties":{"SourceContext":"Microsoft.Hosting.Lifetime","ApplicationName":"Barn.Api"}}
{"Timestamp":"2023-04-27T20:45:31.5409062+02:00","Level":"Information","MessageTemplate":"Hosting environment: {EnvName}","Properties":{"EnvName":"Development","SourceContext":"Microsoft.Hosting.Lifetime","ApplicationName":"Barn.Api"}}
{"Timestamp":"2023-04-27T20:45:31.5409699+02:00","Level":"Information","MessageTemplate":"Content root path: {ContentRoot}","Properties":{"ContentRoot":"C:\\Repos\\Birk.Bestillingsveiviser.Web\\Birk.Client.Bestilling","SourceContext":"Microsoft.Hosting.Lifetime","ApplicationName":"Barn.Api"}}
{"Timestamp":"2023-04-27T20:45:32.9994333+02:00","Level":"Information","MessageTemplate":"Entering {Method}","Properties":{"Method":"InitializeDropdownsAsync","SourceContext":"Birk.Client.Bestilling.Pages.Bestilling","ActionId":"7965d8a6-b82b-4c2d-8b84-19b5eb3632f0","ActionName":"/_Host","RequestId":"0HMQ79UA251MH:00000001","RequestPath":"/","ConnectionId":"0HMQ79UA251MH","ApplicationName":"Barn.Api","CorrelationId":"f0bbbe74-99fa-477d-903d-17f7d06f6e3c"}}
{"Timestamp":"2023-04-27T20:45:33.0028970+02:00","Level":"Information","MessageTemplate":"Entering {Method}","Properties":{"Method":"GetTypes","SourceContext":"Birk.Client.Bestilling.Services.Implementation.KodeverkService","ActionId":"7965d8a6-b82b-4c2d-8b84-19b5eb3632f0","ActionName":"/_Host","RequestId":"0HMQ79UA251MH:00000001","RequestPath":"/","ConnectionId":"0HMQ79UA251MH","ApplicationName":"Barn.Api","CorrelationId":"f0bbbe74-99fa-477d-903d-17f7d06f6e3c"}}
{"Timestamp":"2023-04-27T20:45:33.2432105+02:00","Level":"Information","MessageTemplate":"Exiting {Method}","Properties":{"Method":"InitializeDropdownsAsync","SourceContext":"Birk.Client.Bestilling.Pages.Bestilling","ActionId":"7965d8a6-b82b-4c2d-8b84-19b5eb3632f0","ActionName":"/_Host","RequestId":"0HMQ79UA251MH:00000001","RequestPath":"/","ConnectionId":"0HMQ79UA251MH","ApplicationName":"Barn.Api","CorrelationId":"f0bbbe74-99fa-477d-903d-17f7d06f6e3c"}}
{"Timestamp":"2023-04-27T20:45:34.1291974+02:00","Level":"Information","MessageTemplate":"Entering {Method}","Properties":{"Method":"InitializeDropdownsAsync","SourceContext":"Birk.Client.Bestilling.Pages.Bestilling","TransportConnectionId":"sNF-Y84jWdAWdfnK_-A5ig","RequestId":"0HMQ79UA251MH:0000003D","RequestPath":"/_blazor","ConnectionId":"0HMQ79UA251MH","ApplicationName":"Barn.Api"}}
{"Timestamp":"2023-04-27T20:45:34.2340837+02:00","Level":"Information","MessageTemplate":"Entering {Method}","Properties":{"Method":"GetTypes","SourceContext":"Birk.Client.Bestilling.Services.Implementation.KodeverkService","TransportConnectionId":"sNF-Y84jWdAWdfnK_-A5ig","RequestId":"0HMQ79UA251MH:0000003D","RequestPath":"/_blazor","ConnectionId":"0HMQ79UA251MH","ApplicationName":"Barn.Api"}}
{"Timestamp":"2023-04-27T20:45:34.3212467+02:00","Level":"Information","MessageTemplate":"Exiting {Method}","Properties":{"Method":"InitializeDropdownsAsync","SourceContext":"Birk.Client.Bestilling.Pages.Bestilling","TransportConnectionId":"sNF-Y84jWdAWdfnK_-A5ig","RequestId":"0HMQ79UA251MH:0000003D","RequestPath":"/_blazor","ConnectionId":"0HMQ79UA251MH","ApplicationName":"Barn.Api"}}
{"Timestamp":"2023-04-27T20:45:46.6188447+02:00","Level":"Information","MessageTemplate":"Entering {Method}","Properties":{"Method":"GetKommunesAndBvtjenestes","SourceContext":"Birk.Client.Bestilling.Services.Implementation.KodeverkService","TransportConnectionId":"sNF-Y84jWdAWdfnK_-A5ig","RequestId":"0HMQ79UA251MH:0000003D","RequestPath":"/_blazor","ConnectionId":"0HMQ79UA251MH","ApplicationName":"Barn.Api"}}
{"Timestamp":"2023-04-27T20:56:28.0133702+02:00","Level":"Information","MessageTemplate":"Now listening on: {address}","Properties":{"address":"https://localhost:5001","EventId":{"Id":14,"Name":"ListeningOnAddress"},"SourceContext":"Microsoft.Hosting.Lifetime","ApplicationName":"Barn.Api"}}
{"Timestamp":"2023-04-27T20:56:28.0454938+02:00","Level":"Information","MessageTemplate":"Now listening on: {address}","Properties":{"address":"http://localhost:5000","EventId":{"Id":14,"Name":"ListeningOnAddress"},"SourceContext":"Microsoft.Hosting.Lifetime","ApplicationName":"Barn.Api"}}
{"Timestamp":"2023-04-27T20:56:28.0470284+02:00","Level":"Information","MessageTemplate":"Application started. Press Ctrl+C to shut down.","Properties":{"SourceContext":"Microsoft.Hosting.Lifetime","ApplicationName":"Barn.Api"}}
{"Timestamp":"2023-04-27T20:56:28.0472447+02:00","Level":"Information","MessageTemplate":"Hosting environment: {EnvName}","Properties":{"EnvName":"Development","SourceContext":"Microsoft.Hosting.Lifetime","ApplicationName":"Barn.Api"}}
{"Timestamp":"2023-04-27T20:56:28.0473083+02:00","Level":"Information","MessageTemplate":"Content root path: {ContentRoot}","Properties":{"ContentRoot":"C:\\Repos\\Birk.Bestillingsveiviser.Web\\Birk.Client.Bestilling","SourceContext":"Microsoft.Hosting.Lifetime","ApplicationName":"Barn.Api"}}
{"Timestamp":"2023-04-27T20:56:29.3094075+02:00","Level":"Information","MessageTemplate":"Entering {Method}","Properties":{"Method":"InitializeDropdownsAsync","SourceContext":"Birk.Client.Bestilling.Pages.Bestilling","ActionId":"a06a2682-30dd-42c4-ae11-bd6e40562afd","ActionName":"/_Host","RequestId":"0HMQ7A4DNRM5U:00000001","RequestPath":"/","ConnectionId":"0HMQ7A4DNRM5U","ApplicationName":"Barn.Api","CorrelationId":"b64d0d45-457b-4921-aeae-aa9b2c9b232b"}}
{"Timestamp":"2023-04-27T20:56:29.3125829+02:00","Level":"Information","MessageTemplate":"Entering {Method}","Properties":{"Method":"GetTypes","SourceContext":"Birk.Client.Bestilling.Services.Implementation.KodeverkService","ActionId":"a06a2682-30dd-42c4-ae11-bd6e40562afd","ActionName":"/_Host","RequestId":"0HMQ7A4DNRM5U:00000001","RequestPath":"/","ConnectionId":"0HMQ7A4DNRM5U","ApplicationName":"Barn.Api","CorrelationId":"b64d0d45-457b-4921-aeae-aa9b2c9b232b"}}
{"Timestamp":"2023-04-27T20:56:29.5172678+02:00","Level":"Information","MessageTemplate":"Exiting {Method}","Properties":{"Method":"InitializeDropdownsAsync","SourceContext":"Birk.Client.Bestilling.Pages.Bestilling","ActionId":"a06a2682-30dd-42c4-ae11-bd6e40562afd","ActionName":"/_Host","RequestId":"0HMQ7A4DNRM5U:00000001","RequestPath":"/","ConnectionId":"0HMQ7A4DNRM5U","ApplicationName":"Barn.Api","CorrelationId":"b64d0d45-457b-4921-aeae-aa9b2c9b232b"}}
{"Timestamp":"2023-04-27T20:56:30.3470230+02:00","Level":"Information","MessageTemplate":"Entering {Method}","Properties":{"Method":"InitializeDropdownsAsync","SourceContext":"Birk.Client.Bestilling.Pages.Bestilling","TransportConnectionId":"o9qm6_QHUhzxW7uFwTG2WQ","RequestId":"0HMQ7A4DNRM5U:0000003D","RequestPath":"/_blazor","ConnectionId":"0HMQ7A4DNRM5U","ApplicationName":"Barn.Api"}}
{"Timestamp":"2023-04-27T20:56:30.4948481+02:00","Level":"Information","MessageTemplate":"Entering {Method}","Properties":{"Method":"GetTypes","SourceContext":"Birk.Client.Bestilling.Services.Implementation.KodeverkService","TransportConnectionId":"o9qm6_QHUhzxW7uFwTG2WQ","RequestId":"0HMQ7A4DNRM5U:0000003D","RequestPath":"/_blazor","ConnectionId":"0HMQ7A4DNRM5U","ApplicationName":"Barn.Api"}}
{"Timestamp":"2023-04-27T20:56:30.6274046+02:00","Level":"Information","MessageTemplate":"Exiting {Method}","Properties":{"Method":"InitializeDropdownsAsync","SourceContext":"Birk.Client.Bestilling.Pages.Bestilling","TransportConnectionId":"o9qm6_QHUhzxW7uFwTG2WQ","RequestId":"0HMQ7A4DNRM5U:0000003D","RequestPath":"/_blazor","ConnectionId":"0HMQ7A4DNRM5U","ApplicationName":"Barn.Api"}}
{"Timestamp":"2023-04-27T20:56:48.5492045+02:00","Level":"Information","MessageTemplate":"Entering {Method}","Properties":{"Method":"GetKommunesAndBvtjenestes","SourceContext":"Birk.Client.Bestilling.Services.Implementation.KodeverkService","TransportConnectionId":"o9qm6_QHUhzxW7uFwTG2WQ","RequestId":"0HMQ7A4DNRM5U:0000003D","RequestPath":"/_blazor","ConnectionId":"0HMQ7A4DNRM5U","ApplicationName":"Barn.Api"}}
{"Timestamp":"2023-04-27T20:57:14.2862023+02:00","Level":"Information","MessageTemplate":"Entering {Method}","Properties":{"Method":"GetBarnByFnr","SourceContext":"Birk.Client.Bestilling.Services.Implementation.BarnService","TransportConnectionId":"o9qm6_QHUhzxW7uFwTG2WQ","RequestId":"0HMQ7A4DNRM5U:0000003D","RequestPath":"/_blazor","ConnectionId":"0HMQ7A4DNRM5U","ApplicationName":"Barn.Api"}}
{"Timestamp":"2023-04-27T20:57:40.4814104+02:00","Level":"Information","MessageTemplate":"Entering {Method}","Properties":{"Method":"GetBarnByFnr","SourceContext":"Birk.Client.Bestilling.Services.Implementation.BarnService","TransportConnectionId":"o9qm6_QHUhzxW7uFwTG2WQ","RequestId":"0HMQ7A4DNRM5U:0000003D","RequestPath":"/_blazor","ConnectionId":"0HMQ7A4DNRM5U","ApplicationName":"Barn.Api"}}
{"Timestamp":"2023-04-27T20:58:16.6433095+02:00","Level":"Information","MessageTemplate":"Entering {Method}","Properties":{"Method":"GetBarnByFnr","SourceContext":"Birk.Client.Bestilling.Services.Implementation.BarnService","TransportConnectionId":"o9qm6_QHUhzxW7uFwTG2WQ","RequestId":"0HMQ7A4DNRM5U:0000003D","RequestPath":"/_blazor","ConnectionId":"0HMQ7A4DNRM5U","ApplicationName":"Barn.Api"}}
{"Timestamp":"2023-04-27T21:00:15.4112294+02:00","Level":"Information","MessageTemplate":"Now listening on: {address}","Properties":{"address":"https://localhost:5001","EventId":{"Id":14,"Name":"ListeningOnAddress"},"SourceContext":"Microsoft.Hosting.Lifetime","ApplicationName":"Barn.Api"}}
{"Timestamp":"2023-04-27T21:00:15.4501294+02:00","Level":"Information","MessageTemplate":"Now listening on: {address}","Properties":{"address":"http://localhost:5000","EventId":{"Id":14,"Name":"ListeningOnAddress"},"SourceContext":"Microsoft.Hosting.Lifetime","ApplicationName":"Barn.Api"}}
{"Timestamp":"2023-04-27T21:00:15.4609206+02:00","Level":"Information","MessageTemplate":"Application started. Press Ctrl+C to shut down.","Properties":{"SourceContext":"Microsoft.Hosting.Lifetime","ApplicationName":"Barn.Api"}}
{"Timestamp":"2023-04-27T21:00:15.4612286+02:00","Level":"Information","MessageTemplate":"Hosting environment: {EnvName}","Properties":{"EnvName":"Development","SourceContext":"Microsoft.Hosting.Lifetime","ApplicationName":"Barn.Api"}}
{"Timestamp":"2023-04-27T21:00:15.4613919+02:00","Level":"Information","MessageTemplate":"Content root path: {ContentRoot}","Properties":{"ContentRoot":"C:\\Repos\\Birk.Bestillingsveiviser.Web\\Birk.Client.Bestilling","SourceContext":"Microsoft.Hosting.Lifetime","ApplicationName":"Barn.Api"}}
{"Timestamp":"2023-04-27T21:00:16.5745685+02:00","Level":"Information","MessageTemplate":"Entering {Method}","Properties":{"Method":"InitializeDropdownsAsync","SourceContext":"Birk.Client.Bestilling.Pages.Bestilling","ActionId":"d4ef1f05-8f82-41ad-af13-14dd042ad432","ActionName":"/_Host","RequestId":"0HMQ7A6HEV7MJ:00000001","RequestPath":"/","ConnectionId":"0HMQ7A6HEV7MJ","ApplicationName":"Barn.Api","CorrelationId":"8da62112-46c9-47cc-8b59-0deedb0a9d52"}}
{"Timestamp":"2023-04-27T21:00:16.5782350+02:00","Level":"Information","MessageTemplate":"Entering {Method}","Properties":{"Method":"GetTypes","SourceContext":"Birk.Client.Bestilling.Services.Implementation.KodeverkService","ActionId":"d4ef1f05-8f82-41ad-af13-14dd042ad432","ActionName":"/_Host","RequestId":"0HMQ7A6HEV7MJ:00000001","RequestPath":"/","ConnectionId":"0HMQ7A6HEV7MJ","ApplicationName":"Barn.Api","CorrelationId":"8da62112-46c9-47cc-8b59-0deedb0a9d52"}}
{"Timestamp":"2023-04-27T21:00:16.8144529+02:00","Level":"Information","MessageTemplate":"Exiting {Method}","Properties":{"Method":"InitializeDropdownsAsync","SourceContext":"Birk.Client.Bestilling.Pages.Bestilling","ActionId":"d4ef1f05-8f82-41ad-af13-14dd042ad432","ActionName":"/_Host","RequestId":"0HMQ7A6HEV7MJ:00000001","RequestPath":"/","ConnectionId":"0HMQ7A6HEV7MJ","ApplicationName":"Barn.Api","CorrelationId":"8da62112-46c9-47cc-8b59-0deedb0a9d52"}}
{"Timestamp":"2023-04-27T21:00:17.5923854+02:00","Level":"Information","MessageTemplate":"Entering {Method}","Properties":{"Method":"InitializeDropdownsAsync","SourceContext":"Birk.Client.Bestilling.Pages.Bestilling","TransportConnectionId":"HU8WK2Jg5W9i3G15yd-0Yw","RequestId":"0HMQ7A6HEV7MJ:0000003D","RequestPath":"/_blazor","ConnectionId":"0HMQ7A6HEV7MJ","ApplicationName":"Barn.Api"}}
{"Timestamp":"2023-04-27T21:00:17.7167767+02:00","Level":"Information","MessageTemplate":"Entering {Method}","Properties":{"Method":"GetTypes","SourceContext":"Birk.Client.Bestilling.Services.Implementation.KodeverkService","TransportConnectionId":"HU8WK2Jg5W9i3G15yd-0Yw","RequestId":"0HMQ7A6HEV7MJ:0000003D","RequestPath":"/_blazor","ConnectionId":"0HMQ7A6HEV7MJ","ApplicationName":"Barn.Api"}}
{"Timestamp":"2023-04-27T21:00:17.7837773+02:00","Level":"Information","MessageTemplate":"Exiting {Method}","Properties":{"Method":"InitializeDropdownsAsync","SourceContext":"Birk.Client.Bestilling.Pages.Bestilling","TransportConnectionId":"HU8WK2Jg5W9i3G15yd-0Yw","RequestId":"0HMQ7A6HEV7MJ:0000003D","RequestPath":"/_blazor","ConnectionId":"0HMQ7A6HEV7MJ","ApplicationName":"Barn.Api"}}
{"Timestamp":"2023-04-27T21:00:20.9009011+02:00","Level":"Information","MessageTemplate":"Entering {Method}","Properties":{"Method":"GetKommunesAndBvtjenestes","SourceContext":"Birk.Client.Bestilling.Services.Implementation.KodeverkService","TransportConnectionId":"HU8WK2Jg5W9i3G15yd-0Yw","RequestId":"0HMQ7A6HEV7MJ:0000003D","RequestPath":"/_blazor","ConnectionId":"0HMQ7A6HEV7MJ","ApplicationName":"Barn.Api"}}
{"Timestamp":"2023-04-27T21:00:32.6957520+02:00","Level":"Information","MessageTemplate":"Entering {Method}","Properties":{"Method":"GetBarnByFnr","SourceContext":"Birk.Client.Bestilling.Services.Implementation.BarnService","TransportConnectionId":"HU8WK2Jg5W9i3G15yd-0Yw","RequestId":"0HMQ7A6HEV7MJ:0000003D","RequestPath":"/_blazor","ConnectionId":"0HMQ7A6HEV7MJ","ApplicationName":"Barn.Api"}}
{"Timestamp":"2023-04-27T21:00:40.9721560+02:00","Level":"Information","MessageTemplate":"Entering {Method}","Properties":{"Method":"GetBarnByFnr","SourceContext":"Birk.Client.Bestilling.Services.Implementation.BarnService","TransportConnectionId":"HU8WK2Jg5W9i3G15yd-0Yw","RequestId":"0HMQ7A6HEV7MJ:0000003D","RequestPath":"/_blazor","ConnectionId":"0HMQ7A6HEV7MJ","ApplicationName":"Barn.Api"}}
{"Timestamp":"2023-04-27T21:01:04.3276821+02:00","Level":"Information","MessageTemplate":"Entering {Method}","Properties":{"Method":"GetBarnByFnr","SourceContext":"Birk.Client.Bestilling.Services.Implementation.BarnService","TransportConnectionId":"HU8WK2Jg5W9i3G15yd-0Yw","RequestId":"0HMQ7A6HEV7MJ:0000003D","RequestPath":"/_blazor","ConnectionId":"0HMQ7A6HEV7MJ","ApplicationName":"Barn.Api"}}
{"Timestamp":"2023-04-27T21:02:23.0431211+02:00","Level":"Information","MessageTemplate":"Now listening on: {address}","Properties":{"address":"https://localhost:5001","EventId":{"Id":14,"Name":"ListeningOnAddress"},"SourceContext":"Microsoft.Hosting.Lifetime","ApplicationName":"Barn.Api"}}
{"Timestamp":"2023-04-27T21:02:23.0757300+02:00","Level":"Information","MessageTemplate":"Now listening on: {address}","Properties":{"address":"http://localhost:5000","EventId":{"Id":14,"Name":"ListeningOnAddress"},"SourceContext":"Microsoft.Hosting.Lifetime","ApplicationName":"Barn.Api"}}
{"Timestamp":"2023-04-27T21:02:23.0777319+02:00","Level":"Information","MessageTemplate":"Application started. Press Ctrl+C to shut down.","Properties":{"SourceContext":"Microsoft.Hosting.Lifetime","ApplicationName":"Barn.Api"}}
{"Timestamp":"2023-04-27T21:02:23.0780313+02:00","Level":"Information","MessageTemplate":"Hosting environment: {EnvName}","Properties":{"EnvName":"Development","SourceContext":"Microsoft.Hosting.Lifetime","ApplicationName":"Barn.Api"}}
{"Timestamp":"2023-04-27T21:02:23.0781707+02:00","Level":"Information","MessageTemplate":"Content root path: {ContentRoot}","Properties":{"ContentRoot":"C:\\Repos\\Birk.Bestillingsveiviser.Web\\Birk.Client.Bestilling","SourceContext":"Microsoft.Hosting.Lifetime","ApplicationName":"Barn.Api"}}
{"Timestamp":"2023-04-27T21:02:24.2762068+02:00","Level":"Information","MessageTemplate":"Entering {Method}","Properties":{"Method":"InitializeDropdownsAsync","SourceContext":"Birk.Client.Bestilling.Pages.Bestilling","ActionId":"3e3fa6b1-cb6c-4670-89b9-08abb4bac43a","ActionName":"/_Host","RequestId":"0HMQ7A7NG5T67:00000001","RequestPath":"/","ConnectionId":"0HMQ7A7NG5T67","ApplicationName":"Barn.Api","CorrelationId":"2817d03a-176d-4b8d-9477-105632350fd2"}}
{"Timestamp":"2023-04-27T21:02:24.2880717+02:00","Level":"Information","MessageTemplate":"Entering {Method}","Properties":{"Method":"GetTypes","SourceContext":"Birk.Client.Bestilling.Services.Implementation.KodeverkService","ActionId":"3e3fa6b1-cb6c-4670-89b9-08abb4bac43a","ActionName":"/_Host","RequestId":"0HMQ7A7NG5T67:00000001","RequestPath":"/","ConnectionId":"0HMQ7A7NG5T67","ApplicationName":"Barn.Api","CorrelationId":"2817d03a-176d-4b8d-9477-105632350fd2"}}
{"Timestamp":"2023-04-27T21:02:24.6765737+02:00","Level":"Information","MessageTemplate":"Exiting {Method}","Properties":{"Method":"InitializeDropdownsAsync","SourceContext":"Birk.Client.Bestilling.Pages.Bestilling","ActionId":"3e3fa6b1-cb6c-4670-89b9-08abb4bac43a","ActionName":"/_Host","RequestId":"0HMQ7A7NG5T67:00000001","RequestPath":"/","ConnectionId":"0HMQ7A7NG5T67","ApplicationName":"Barn.Api","CorrelationId":"2817d03a-176d-4b8d-9477-105632350fd2"}}
{"Timestamp":"2023-04-27T21:02:25.7058360+02:00","Level":"Information","MessageTemplate":"Entering {Method}","Properties":{"Method":"InitializeDropdownsAsync","SourceContext":"Birk.Client.Bestilling.Pages.Bestilling","TransportConnectionId":"TNv_TTUvZm_AESLblNKzQg","RequestId":"0HMQ7A7NG5T67:0000003D","RequestPath":"/_blazor","ConnectionId":"0HMQ7A7NG5T67","ApplicationName":"Barn.Api"}}
{"Timestamp":"2023-04-27T21:02:25.8040762+02:00","Level":"Information","MessageTemplate":"Entering {Method}","Properties":{"Method":"GetTypes","SourceContext":"Birk.Client.Bestilling.Services.Implementation.KodeverkService","TransportConnectionId":"TNv_TTUvZm_AESLblNKzQg","RequestId":"0HMQ7A7NG5T67:0000003D","RequestPath":"/_blazor","ConnectionId":"0HMQ7A7NG5T67","ApplicationName":"Barn.Api"}}
{"Timestamp":"2023-04-27T21:02:25.8910766+02:00","Level":"Information","MessageTemplate":"Exiting {Method}","Properties":{"Method":"InitializeDropdownsAsync","SourceContext":"Birk.Client.Bestilling.Pages.Bestilling","TransportConnectionId":"TNv_TTUvZm_AESLblNKzQg","RequestId":"0HMQ7A7NG5T67:0000003D","RequestPath":"/_blazor","ConnectionId":"0HMQ7A7NG5T67","ApplicationName":"Barn.Api"}}
{"Timestamp":"2023-04-27T21:02:40.1695444+02:00","Level":"Information","MessageTemplate":"Now listening on: {address}","Properties":{"address":"https://localhost:5001","EventId":{"Id":14,"Name":"ListeningOnAddress"},"SourceContext":"Microsoft.Hosting.Lifetime","ApplicationName":"Barn.Api"}}
{"Timestamp":"2023-04-27T21:02:40.2032815+02:00","Level":"Information","MessageTemplate":"Now listening on: {address}","Properties":{"address":"http://localhost:5000","EventId":{"Id":14,"Name":"ListeningOnAddress"},"SourceContext":"Microsoft.Hosting.Lifetime","ApplicationName":"Barn.Api"}}
{"Timestamp":"2023-04-27T21:02:40.2058249+02:00","Level":"Information","MessageTemplate":"Application started. Press Ctrl+C to shut down.","Properties":{"SourceContext":"Microsoft.Hosting.Lifetime","ApplicationName":"Barn.Api"}}
{"Timestamp":"2023-04-27T21:02:40.2060956+02:00","Level":"Information","MessageTemplate":"Hosting environment: {EnvName}","Properties":{"EnvName":"Development","SourceContext":"Microsoft.Hosting.Lifetime","ApplicationName":"Barn.Api"}}
{"Timestamp":"2023-04-27T21:02:40.2063911+02:00","Level":"Information","MessageTemplate":"Content root path: {ContentRoot}","Properties":{"ContentRoot":"C:\\Repos\\Birk.Bestillingsveiviser.Web\\Birk.Client.Bestilling","SourceContext":"Microsoft.Hosting.Lifetime","ApplicationName":"Barn.Api"}}
{"Timestamp":"2023-04-27T21:02:41.6176509+02:00","Level":"Information","MessageTemplate":"Entering {Method}","Properties":{"Method":"InitializeDropdownsAsync","SourceContext":"Birk.Client.Bestilling.Pages.Bestilling","ActionId":"f596b569-889a-4e57-a0c1-b120f3a0701c","ActionName":"/_Host","RequestId":"0HMQ7A7SMLGFV:00000001","RequestPath":"/","ConnectionId":"0HMQ7A7SMLGFV","ApplicationName":"Barn.Api","CorrelationId":"d5065f49-a5f5-45dc-a043-9a3171faeaba"}}
{"Timestamp":"2023-04-27T21:02:41.6218541+02:00","Level":"Information","MessageTemplate":"Entering {Method}","Properties":{"Method":"GetTypes","SourceContext":"Birk.Client.Bestilling.Services.Implementation.KodeverkService","ActionId":"f596b569-889a-4e57-a0c1-b120f3a0701c","ActionName":"/_Host","RequestId":"0HMQ7A7SMLGFV:00000001","RequestPath":"/","ConnectionId":"0HMQ7A7SMLGFV","ApplicationName":"Barn.Api","CorrelationId":"d5065f49-a5f5-45dc-a043-9a3171faeaba"}}
{"Timestamp":"2023-04-27T21:02:41.8445413+02:00","Level":"Information","MessageTemplate":"Exiting {Method}","Properties":{"Method":"InitializeDropdownsAsync","SourceContext":"Birk.Client.Bestilling.Pages.Bestilling","ActionId":"f596b569-889a-4e57-a0c1-b120f3a0701c","ActionName":"/_Host","RequestId":"0HMQ7A7SMLGFV:00000001","RequestPath":"/","ConnectionId":"0HMQ7A7SMLGFV","ApplicationName":"Barn.Api","CorrelationId":"d5065f49-a5f5-45dc-a043-9a3171faeaba"}}
{"Timestamp":"2023-04-27T21:02:42.5246882+02:00","Level":"Information","MessageTemplate":"Entering {Method}","Properties":{"Method":"InitializeDropdownsAsync","SourceContext":"Birk.Client.Bestilling.Pages.Bestilling","TransportConnectionId":"vKFwZ1BeJvQ67TeHTE9CFg","RequestId":"0HMQ7A7SMLGFV:0000003D","RequestPath":"/_blazor","ConnectionId":"0HMQ7A7SMLGFV","ApplicationName":"Barn.Api"}}
{"Timestamp":"2023-04-27T21:02:42.6399107+02:00","Level":"Information","MessageTemplate":"Entering {Method}","Properties":{"Method":"GetTypes","SourceContext":"Birk.Client.Bestilling.Services.Implementation.KodeverkService","TransportConnectionId":"vKFwZ1BeJvQ67TeHTE9CFg","RequestId":"0HMQ7A7SMLGFV:0000003D","RequestPath":"/_blazor","ConnectionId":"0HMQ7A7SMLGFV","ApplicationName":"Barn.Api"}}
{"Timestamp":"2023-04-27T21:02:42.7258627+02:00","Level":"Information","MessageTemplate":"Exiting {Method}","Properties":{"Method":"InitializeDropdownsAsync","SourceContext":"Birk.Client.Bestilling.Pages.Bestilling","TransportConnectionId":"vKFwZ1BeJvQ67TeHTE9CFg","RequestId":"0HMQ7A7SMLGFV:0000003D","RequestPath":"/_blazor","ConnectionId":"0HMQ7A7SMLGFV","ApplicationName":"Barn.Api"}}
{"Timestamp":"2023-04-27T21:02:49.0370644+02:00","Level":"Information","MessageTemplate":"Entering {Method}","Properties":{"Method":"GetKommunesAndBvtjenestes","SourceContext":"Birk.Client.Bestilling.Services.Implementation.KodeverkService","TransportConnectionId":"vKFwZ1BeJvQ67TeHTE9CFg","RequestId":"0HMQ7A7SMLGFV:0000003D","RequestPath":"/_blazor","ConnectionId":"0HMQ7A7SMLGFV","ApplicationName":"Barn.Api"}}
{"Timestamp":"2023-04-27T21:03:10.5575838+02:00","Level":"Information","MessageTemplate":"Entering {Method}","Properties":{"Method":"GetBarnByFnr","SourceContext":"Birk.Client.Bestilling.Services.Implementation.BarnService","TransportConnectionId":"vKFwZ1BeJvQ67TeHTE9CFg","RequestId":"0HMQ7A7SMLGFV:0000003D","RequestPath":"/_blazor","ConnectionId":"0HMQ7A7SMLGFV","ApplicationName":"Barn.Api"}}
{"Timestamp":"2023-04-27T21:03:20.3957135+02:00","Level":"Information","MessageTemplate":"Entering {Method}","Properties":{"Method":"GetBarnByFnr","SourceContext":"Birk.Client.Bestilling.Services.Implementation.BarnService","TransportConnectionId":"vKFwZ1BeJvQ67TeHTE9CFg","RequestId":"0HMQ7A7SMLGFV:0000003D","RequestPath":"/_blazor","ConnectionId":"0HMQ7A7SMLGFV","ApplicationName":"Barn.Api"}}
{"Timestamp":"2023-04-27T21:03:51.3041523+02:00","Level":"Information","MessageTemplate":"Entering {Method}","Properties":{"Method":"GetBarnByFnr","SourceContext":"Birk.Client.Bestilling.Services.Implementation.BarnService","TransportConnectionId":"vKFwZ1BeJvQ67TeHTE9CFg","RequestId":"0HMQ7A7SMLGFV:0000003D","RequestPath":"/_blazor","ConnectionId":"0HMQ7A7SMLGFV","ApplicationName":"Barn.Api"}}
{"Timestamp":"2023-04-27T21:03:57.4482172+02:00","Level":"Information","MessageTemplate":"Entering {Method}","Properties":{"Method":"GetBarnByFnr","SourceContext":"Birk.Client.Bestilling.Services.Implementation.BarnService","TransportConnectionId":"vKFwZ1BeJvQ67TeHTE9CFg","RequestId":"0HMQ7A7SMLGFV:0000003D","RequestPath":"/_blazor","ConnectionId":"0HMQ7A7SMLGFV","ApplicationName":"Barn.Api"}}
{"Timestamp":"2023-04-27T21:04:12.2382071+02:00","Level":"Information","MessageTemplate":"Entering {Method}","Properties":{"Method":"GetBarnByFnr","SourceContext":"Birk.Client.Bestilling.Services.Implementation.BarnService","TransportConnectionId":"vKFwZ1BeJvQ67TeHTE9CFg","RequestId":"0HMQ7A7SMLGFV:0000003D","RequestPath":"/_blazor","ConnectionId":"0HMQ7A7SMLGFV","ApplicationName":"Barn.Api"}}
{"Timestamp":"2023-04-27T21:20:13.8745291+02:00","Level":"Information","MessageTemplate":"Now listening on: {address}","Properties":{"address":"https://localhost:5001","EventId":{"Id":14,"Name":"ListeningOnAddress"},"SourceContext":"Microsoft.Hosting.Lifetime","ApplicationName":"Barn.Api"}}
{"Timestamp":"2023-04-27T21:20:13.9341283+02:00","Level":"Information","MessageTemplate":"Now listening on: {address}","Properties":{"address":"http://localhost:5000","EventId":{"Id":14,"Name":"ListeningOnAddress"},"SourceContext":"Microsoft.Hosting.Lifetime","ApplicationName":"Barn.Api"}}
{"Timestamp":"2023-04-27T21:20:13.9365870+02:00","Level":"Information","MessageTemplate":"Application started. Press Ctrl+C to shut down.","Properties":{"SourceContext":"Microsoft.Hosting.Lifetime","ApplicationName":"Barn.Api"}}
{"Timestamp":"2023-04-27T21:20:13.9369921+02:00","Level":"Information","MessageTemplate":"Hosting environment: {EnvName}","Properties":{"EnvName":"Development","SourceContext":"Microsoft.Hosting.Lifetime","ApplicationName":"Barn.Api"}}
{"Timestamp":"2023-04-27T21:20:13.9371030+02:00","Level":"Information","MessageTemplate":"Content root path: {ContentRoot}","Properties":{"ContentRoot":"C:\\Repos\\Birk.Bestillingsveiviser.Web\\Birk.Client.Bestilling","SourceContext":"Microsoft.Hosting.Lifetime","ApplicationName":"Barn.Api"}}
{"Timestamp":"2023-04-27T21:20:15.4819375+02:00","Level":"Information","MessageTemplate":"Entering {Method}","Properties":{"Method":"InitializeDropdownsAsync","SourceContext":"Birk.Client.Bestilling.Pages.Bestilling","ActionId":"5fa02a79-a8d1-4e3e-8b08-dfb90f2a08ad","ActionName":"/_Host","RequestId":"0HMQ7AHMKGIAD:00000001","RequestPath":"/","ConnectionId":"0HMQ7AHMKGIAD","ApplicationName":"Barn.Api","CorrelationId":"978aabc3-1167-4ad7-8483-746050bc551e"}}
{"Timestamp":"2023-04-27T21:20:15.4849865+02:00","Level":"Information","MessageTemplate":"Entering {Method}","Properties":{"Method":"GetTypes","SourceContext":"Birk.Client.Bestilling.Services.Implementation.KodeverkService","ActionId":"5fa02a79-a8d1-4e3e-8b08-dfb90f2a08ad","ActionName":"/_Host","RequestId":"0HMQ7AHMKGIAD:00000001","RequestPath":"/","ConnectionId":"0HMQ7AHMKGIAD","ApplicationName":"Barn.Api","CorrelationId":"978aabc3-1167-4ad7-8483-746050bc551e"}}
{"Timestamp":"2023-04-27T21:20:15.6549223+02:00","Level":"Information","MessageTemplate":"Exiting {Method}","Properties":{"Method":"InitializeDropdownsAsync","SourceContext":"Birk.Client.Bestilling.Pages.Bestilling","ActionId":"5fa02a79-a8d1-4e3e-8b08-dfb90f2a08ad","ActionName":"/_Host","RequestId":"0HMQ7AHMKGIAD:00000001","RequestPath":"/","ConnectionId":"0HMQ7AHMKGIAD","ApplicationName":"Barn.Api","CorrelationId":"978aabc3-1167-4ad7-8483-746050bc551e"}}
{"Timestamp":"2023-04-27T21:20:16.5143993+02:00","Level":"Information","MessageTemplate":"Entering {Method}","Properties":{"Method":"InitializeDropdownsAsync","SourceContext":"Birk.Client.Bestilling.Pages.Bestilling","TransportConnectionId":"gFO_q745HRaY9wm1_n0Ykg","RequestId":"0HMQ7AHMKGIAD:0000003D","RequestPath":"/_blazor","ConnectionId":"0HMQ7AHMKGIAD","ApplicationName":"Barn.Api"}}
{"Timestamp":"2023-04-27T21:20:16.6255183+02:00","Level":"Information","MessageTemplate":"Entering {Method}","Properties":{"Method":"GetTypes","SourceContext":"Birk.Client.Bestilling.Services.Implementation.KodeverkService","TransportConnectionId":"gFO_q745HRaY9wm1_n0Ykg","RequestId":"0HMQ7AHMKGIAD:0000003D","RequestPath":"/_blazor","ConnectionId":"0HMQ7AHMKGIAD","ApplicationName":"Barn.Api"}}
{"Timestamp":"2023-04-27T21:20:16.7444496+02:00","Level":"Information","MessageTemplate":"Exiting {Method}","Properties":{"Method":"InitializeDropdownsAsync","SourceContext":"Birk.Client.Bestilling.Pages.Bestilling","TransportConnectionId":"gFO_q745HRaY9wm1_n0Ykg","RequestId":"0HMQ7AHMKGIAD:0000003D","RequestPath":"/_blazor","ConnectionId":"0HMQ7AHMKGIAD","ApplicationName":"Barn.Api"}}
{"Timestamp":"2023-04-27T21:26:38.8772894+02:00","Level":"Information","MessageTemplate":"Entering {Method}","Properties":{"Method":"GetKommunesAndBvtjenestes","SourceContext":"Birk.Client.Bestilling.Services.Implementation.KodeverkService","TransportConnectionId":"gFO_q745HRaY9wm1_n0Ykg","RequestId":"0HMQ7AHMKGIAD:0000003D","RequestPath":"/_blazor","ConnectionId":"0HMQ7AHMKGIAD","ApplicationName":"Barn.Api"}}
{"Timestamp":"2023-04-27T21:26:52.1958234+02:00","Level":"Information","MessageTemplate":"Entering {Method}","Properties":{"Method":"GetBarnByFnr","SourceContext":"Birk.Client.Bestilling.Services.Implementation.BarnService","TransportConnectionId":"gFO_q745HRaY9wm1_n0Ykg","RequestId":"0HMQ7AHMKGIAD:0000003D","RequestPath":"/_blazor","ConnectionId":"0HMQ7AHMKGIAD","ApplicationName":"Barn.Api"}}
{"Timestamp":"2023-04-27T21:30:37.0213054+02:00","Level":"Information","MessageTemplate":"Now listening on: {address}","Properties":{"address":"https://localhost:5001","EventId":{"Id":14,"Name":"ListeningOnAddress"},"SourceContext":"Microsoft.Hosting.Lifetime","ApplicationName":"Barn.Api"}}
{"Timestamp":"2023-04-27T21:30:37.0542703+02:00","Level":"Information","MessageTemplate":"Now listening on: {address}","Properties":{"address":"http://localhost:5000","EventId":{"Id":14,"Name":"ListeningOnAddress"},"SourceContext":"Microsoft.Hosting.Lifetime","ApplicationName":"Barn.Api"}}
{"Timestamp":"2023-04-27T21:30:37.0556162+02:00","Level":"Information","MessageTemplate":"Application started. Press Ctrl+C to shut down.","Properties":{"SourceContext":"Microsoft.Hosting.Lifetime","ApplicationName":"Barn.Api"}}
{"Timestamp":"2023-04-27T21:30:37.0557826+02:00","Level":"Information","MessageTemplate":"Hosting environment: {EnvName}","Properties":{"EnvName":"Development","SourceContext":"Microsoft.Hosting.Lifetime","ApplicationName":"Barn.Api"}}
{"Timestamp":"2023-04-27T21:30:37.0559738+02:00","Level":"Information","MessageTemplate":"Content root path: {ContentRoot}","Properties":{"ContentRoot":"C:\\Repos\\Birk.Bestillingsveiviser.Web\\Birk.Client.Bestilling","SourceContext":"Microsoft.Hosting.Lifetime","ApplicationName":"Barn.Api"}}
{"Timestamp":"2023-04-27T21:30:38.6623059+02:00","Level":"Information","MessageTemplate":"Entering {Method}","Properties":{"Method":"InitializeDropdownsAsync","SourceContext":"Birk.Client.Bestilling.Pages.Bestilling","ActionId":"9da23364-b561-40b2-8209-5cfcbd40064c","ActionName":"/_Host","RequestId":"0HMQ7ANGDUINS:00000001","RequestPath":"/","ConnectionId":"0HMQ7ANGDUINS","ApplicationName":"Barn.Api","CorrelationId":"82fb32e3-3ef0-42bb-8f89-310fa94bee08"}}
{"Timestamp":"2023-04-27T21:30:38.6656063+02:00","Level":"Information","MessageTemplate":"Entering {Method}","Properties":{"Method":"GetTypes","SourceContext":"Birk.Client.Bestilling.Services.Implementation.KodeverkService","ActionId":"9da23364-b561-40b2-8209-5cfcbd40064c","ActionName":"/_Host","RequestId":"0HMQ7ANGDUINS:00000001","RequestPath":"/","ConnectionId":"0HMQ7ANGDUINS","ApplicationName":"Barn.Api","CorrelationId":"82fb32e3-3ef0-42bb-8f89-310fa94bee08"}}
{"Timestamp":"2023-04-27T21:30:38.9731413+02:00","Level":"Information","MessageTemplate":"Exiting {Method}","Properties":{"Method":"InitializeDropdownsAsync","SourceContext":"Birk.Client.Bestilling.Pages.Bestilling","ActionId":"9da23364-b561-40b2-8209-5cfcbd40064c","ActionName":"/_Host","RequestId":"0HMQ7ANGDUINS:00000001","RequestPath":"/","ConnectionId":"0HMQ7ANGDUINS","ApplicationName":"Barn.Api","CorrelationId":"82fb32e3-3ef0-42bb-8f89-310fa94bee08"}}
{"Timestamp":"2023-04-27T21:30:39.8109173+02:00","Level":"Information","MessageTemplate":"Entering {Method}","Properties":{"Method":"InitializeDropdownsAsync","SourceContext":"Birk.Client.Bestilling.Pages.Bestilling","TransportConnectionId":"h1GazwMFu8lLZWmz4kuGWw","RequestId":"0HMQ7ANGDUINS:0000003D","RequestPath":"/_blazor","ConnectionId":"0HMQ7ANGDUINS","ApplicationName":"Barn.Api"}}
{"Timestamp":"2023-04-27T21:30:39.9222831+02:00","Level":"Information","MessageTemplate":"Entering {Method}","Properties":{"Method":"GetTypes","SourceContext":"Birk.Client.Bestilling.Services.Implementation.KodeverkService","TransportConnectionId":"h1GazwMFu8lLZWmz4kuGWw","RequestId":"0HMQ7ANGDUINS:0000003D","RequestPath":"/_blazor","ConnectionId":"0HMQ7ANGDUINS","ApplicationName":"Barn.Api"}}
{"Timestamp":"2023-04-27T21:30:40.0417123+02:00","Level":"Information","MessageTemplate":"Exiting {Method}","Properties":{"Method":"InitializeDropdownsAsync","SourceContext":"Birk.Client.Bestilling.Pages.Bestilling","TransportConnectionId":"h1GazwMFu8lLZWmz4kuGWw","RequestId":"0HMQ7ANGDUINS:0000003D","RequestPath":"/_blazor","ConnectionId":"0HMQ7ANGDUINS","ApplicationName":"Barn.Api"}}
{"Timestamp":"2023-04-27T21:31:03.1362195+02:00","Level":"Information","MessageTemplate":"Entering {Method}","Properties":{"Method":"GetKommunesAndBvtjenestes","SourceContext":"Birk.Client.Bestilling.Services.Implementation.KodeverkService","TransportConnectionId":"h1GazwMFu8lLZWmz4kuGWw","RequestId":"0HMQ7ANGDUINS:0000003D","RequestPath":"/_blazor","ConnectionId":"0HMQ7ANGDUINS","ApplicationName":"Barn.Api"}}
