{"Timestamp":"2023-04-21T00:16:31.6767818+02:00","Level":"Information","MessageTemplate":"Now listening on: {address}","Properties":{"address":"https://localhost:5001","EventId":{"Id":14,"Name":"ListeningOnAddress"},"SourceContext":"Microsoft.Hosting.Lifetime","ApplicationName":"Barn.Api"}}
{"Timestamp":"2023-04-21T00:16:31.7063476+02:00","Level":"Information","MessageTemplate":"Now listening on: {address}","Properties":{"address":"http://localhost:5000","EventId":{"Id":14,"Name":"ListeningOnAddress"},"SourceContext":"Microsoft.Hosting.Lifetime","ApplicationName":"Barn.Api"}}
{"Timestamp":"2023-04-21T00:16:31.7079649+02:00","Level":"Information","MessageTemplate":"Application started. Press Ctrl+C to shut down.","Properties":{"SourceContext":"Microsoft.Hosting.Lifetime","ApplicationName":"Barn.Api"}}
{"Timestamp":"2023-04-21T00:16:31.7081519+02:00","Level":"Information","MessageTemplate":"Hosting environment: {EnvName}","Properties":{"EnvName":"Development","SourceContext":"Microsoft.Hosting.Lifetime","ApplicationName":"Barn.Api"}}
{"Timestamp":"2023-04-21T00:16:31.7082322+02:00","Level":"Information","MessageTemplate":"Content root path: {ContentRoot}","Properties":{"ContentRoot":"C:\\Repos\\Birk.Bestillingsveiviser.Web\\Birk.Client.Bestilling","SourceContext":"Microsoft.Hosting.Lifetime","ApplicationName":"Barn.Api"}}
{"Timestamp":"2023-04-21T00:16:33.4395083+02:00","Level":"Information","MessageTemplate":"Entering {Method}","Properties":{"Method":"InitializeDropdownsAsync","SourceContext":"Birk.Client.Bestilling.Pages.Bestilling","ActionId":"decc9eb2-bd14-45a8-b313-94f27c1ca77c","ActionName":"/_Host","RequestId":"0HMQ1TJILCPJ8:00000001","RequestPath":"/","ConnectionId":"0HMQ1TJILCPJ8","ApplicationName":"Barn.Api","CorrelationId":"47ed0c49-d711-44b0-b453-b634ef43c32c"}}
{"Timestamp":"2023-04-21T00:16:33.4428491+02:00","Level":"Information","MessageTemplate":"Entering {Method}","Properties":{"Method":"GetTypes","SourceContext":"Birk.Client.Bestilling.Services.Implementation.KodeverkService","ActionId":"decc9eb2-bd14-45a8-b313-94f27c1ca77c","ActionName":"/_Host","RequestId":"0HMQ1TJILCPJ8:00000001","RequestPath":"/","ConnectionId":"0HMQ1TJILCPJ8","ApplicationName":"Barn.Api","CorrelationId":"47ed0c49-d711-44b0-b453-b634ef43c32c"}}
{"Timestamp":"2023-04-21T00:16:37.3803264+02:00","Level":"Information","MessageTemplate":"Exiting {Method}","Properties":{"Method":"InitializeDropdownsAsync","SourceContext":"Birk.Client.Bestilling.Pages.Bestilling","ActionId":"decc9eb2-bd14-45a8-b313-94f27c1ca77c","ActionName":"/_Host","RequestId":"0HMQ1TJILCPJ8:00000001","RequestPath":"/","ConnectionId":"0HMQ1TJILCPJ8","ApplicationName":"Barn.Api","CorrelationId":"47ed0c49-d711-44b0-b453-b634ef43c32c"}}
{"Timestamp":"2023-04-21T00:16:38.0997738+02:00","Level":"Information","MessageTemplate":"Entering {Method}","Properties":{"Method":"InitializeDropdownsAsync","SourceContext":"Birk.Client.Bestilling.Pages.Bestilling","TransportConnectionId":"RptLleqCx7xzAtrb7oe-Zg","RequestId":"0HMQ1TJILCPJ8:0000003D","RequestPath":"/_blazor","ConnectionId":"0HMQ1TJILCPJ8","ApplicationName":"Barn.Api"}}
{"Timestamp":"2023-04-21T00:16:38.2812291+02:00","Level":"Information","MessageTemplate":"Entering {Method}","Properties":{"Method":"GetTypes","SourceContext":"Birk.Client.Bestilling.Services.Implementation.KodeverkService","TransportConnectionId":"RptLleqCx7xzAtrb7oe-Zg","RequestId":"0HMQ1TJILCPJ8:0000003D","RequestPath":"/_blazor","ConnectionId":"0HMQ1TJILCPJ8","ApplicationName":"Barn.Api"}}
{"Timestamp":"2023-04-21T00:16:38.4192277+02:00","Level":"Information","MessageTemplate":"Exiting {Method}","Properties":{"Method":"InitializeDropdownsAsync","SourceContext":"Birk.Client.Bestilling.Pages.Bestilling","TransportConnectionId":"RptLleqCx7xzAtrb7oe-Zg","RequestId":"0HMQ1TJILCPJ8:0000003D","RequestPath":"/_blazor","ConnectionId":"0HMQ1TJILCPJ8","ApplicationName":"Barn.Api"}}
{"Timestamp":"2023-04-21T00:17:13.6516171+02:00","Level":"Information","MessageTemplate":"Entering {Method}","Properties":{"Method":"GetKommunesAndBvtjenestes","SourceContext":"Birk.Client.Bestilling.Services.Implementation.KodeverkService","TransportConnectionId":"RptLleqCx7xzAtrb7oe-Zg","RequestId":"0HMQ1TJILCPJ8:0000003D","RequestPath":"/_blazor","ConnectionId":"0HMQ1TJILCPJ8","ApplicationName":"Barn.Api"}}
{"Timestamp":"2023-04-21T00:29:10.1028062+02:00","Level":"Information","MessageTemplate":"Now listening on: {address}","Properties":{"address":"https://localhost:5001","EventId":{"Id":14,"Name":"ListeningOnAddress"},"SourceContext":"Microsoft.Hosting.Lifetime","ApplicationName":"Barn.Api"}}
{"Timestamp":"2023-04-21T00:29:10.1334658+02:00","Level":"Information","MessageTemplate":"Now listening on: {address}","Properties":{"address":"http://localhost:5000","EventId":{"Id":14,"Name":"ListeningOnAddress"},"SourceContext":"Microsoft.Hosting.Lifetime","ApplicationName":"Barn.Api"}}
{"Timestamp":"2023-04-21T00:29:10.1348583+02:00","Level":"Information","MessageTemplate":"Application started. Press Ctrl+C to shut down.","Properties":{"SourceContext":"Microsoft.Hosting.Lifetime","ApplicationName":"Barn.Api"}}
{"Timestamp":"2023-04-21T00:29:10.1350506+02:00","Level":"Information","MessageTemplate":"Hosting environment: {EnvName}","Properties":{"EnvName":"Development","SourceContext":"Microsoft.Hosting.Lifetime","ApplicationName":"Barn.Api"}}
{"Timestamp":"2023-04-21T00:29:10.1351096+02:00","Level":"Information","MessageTemplate":"Content root path: {ContentRoot}","Properties":{"ContentRoot":"C:\\Repos\\Birk.Bestillingsveiviser.Web\\Birk.Client.Bestilling","SourceContext":"Microsoft.Hosting.Lifetime","ApplicationName":"Barn.Api"}}
{"Timestamp":"2023-04-21T00:29:12.0579230+02:00","Level":"Information","MessageTemplate":"Entering {Method}","Properties":{"Method":"InitializeDropdownsAsync","SourceContext":"Birk.Client.Bestilling.Pages.Bestilling","ActionId":"9578079d-6b2d-45fc-a3eb-be5f43e7b5ed","ActionName":"/_Host","RequestId":"0HMQ1TQKMHSTU:00000001","RequestPath":"/","ConnectionId":"0HMQ1TQKMHSTU","ApplicationName":"Barn.Api","CorrelationId":"4610510c-d109-4453-b578-a37da9f55993"}}
{"Timestamp":"2023-04-21T00:29:12.0612002+02:00","Level":"Information","MessageTemplate":"Entering {Method}","Properties":{"Method":"GetTypes","SourceContext":"Birk.Client.Bestilling.Services.Implementation.KodeverkService","ActionId":"9578079d-6b2d-45fc-a3eb-be5f43e7b5ed","ActionName":"/_Host","RequestId":"0HMQ1TQKMHSTU:00000001","RequestPath":"/","ConnectionId":"0HMQ1TQKMHSTU","ApplicationName":"Barn.Api","CorrelationId":"4610510c-d109-4453-b578-a37da9f55993"}}
{"Timestamp":"2023-04-21T00:29:12.2962584+02:00","Level":"Information","MessageTemplate":"Exiting {Method}","Properties":{"Method":"InitializeDropdownsAsync","SourceContext":"Birk.Client.Bestilling.Pages.Bestilling","ActionId":"9578079d-6b2d-45fc-a3eb-be5f43e7b5ed","ActionName":"/_Host","RequestId":"0HMQ1TQKMHSTU:00000001","RequestPath":"/","ConnectionId":"0HMQ1TQKMHSTU","ApplicationName":"Barn.Api","CorrelationId":"4610510c-d109-4453-b578-a37da9f55993"}}
{"Timestamp":"2023-04-21T00:29:13.0886322+02:00","Level":"Information","MessageTemplate":"Entering {Method}","Properties":{"Method":"InitializeDropdownsAsync","SourceContext":"Birk.Client.Bestilling.Pages.Bestilling","TransportConnectionId":"DEtKLhNsHHrl3GDZrCHDLg","RequestId":"0HMQ1TQKMHSTU:0000003D","RequestPath":"/_blazor","ConnectionId":"0HMQ1TQKMHSTU","ApplicationName":"Barn.Api"}}
{"Timestamp":"2023-04-21T00:29:13.2501620+02:00","Level":"Information","MessageTemplate":"Entering {Method}","Properties":{"Method":"GetTypes","SourceContext":"Birk.Client.Bestilling.Services.Implementation.KodeverkService","TransportConnectionId":"DEtKLhNsHHrl3GDZrCHDLg","RequestId":"0HMQ1TQKMHSTU:0000003D","RequestPath":"/_blazor","ConnectionId":"0HMQ1TQKMHSTU","ApplicationName":"Barn.Api"}}
{"Timestamp":"2023-04-21T00:29:13.3235456+02:00","Level":"Information","MessageTemplate":"Exiting {Method}","Properties":{"Method":"InitializeDropdownsAsync","SourceContext":"Birk.Client.Bestilling.Pages.Bestilling","TransportConnectionId":"DEtKLhNsHHrl3GDZrCHDLg","RequestId":"0HMQ1TQKMHSTU:0000003D","RequestPath":"/_blazor","ConnectionId":"0HMQ1TQKMHSTU","ApplicationName":"Barn.Api"}}
{"Timestamp":"2023-04-21T00:31:41.3841863+02:00","Level":"Information","MessageTemplate":"Entering {Method}","Properties":{"Method":"GetKommunesAndBvtjenestes","SourceContext":"Birk.Client.Bestilling.Services.Implementation.KodeverkService","TransportConnectionId":"DEtKLhNsHHrl3GDZrCHDLg","RequestId":"0HMQ1TQKMHSTU:0000003D","RequestPath":"/_blazor","ConnectionId":"0HMQ1TQKMHSTU","ApplicationName":"Barn.Api"}}
{"Timestamp":"2023-04-21T00:34:37.6653725+02:00","Level":"Information","MessageTemplate":"Now listening on: {address}","Properties":{"address":"https://localhost:5001","EventId":{"Id":14,"Name":"ListeningOnAddress"},"SourceContext":"Microsoft.Hosting.Lifetime","ApplicationName":"Barn.Api"}}
{"Timestamp":"2023-04-21T00:34:37.6992696+02:00","Level":"Information","MessageTemplate":"Now listening on: {address}","Properties":{"address":"http://localhost:5000","EventId":{"Id":14,"Name":"ListeningOnAddress"},"SourceContext":"Microsoft.Hosting.Lifetime","ApplicationName":"Barn.Api"}}
{"Timestamp":"2023-04-21T00:34:37.7006170+02:00","Level":"Information","MessageTemplate":"Application started. Press Ctrl+C to shut down.","Properties":{"SourceContext":"Microsoft.Hosting.Lifetime","ApplicationName":"Barn.Api"}}
{"Timestamp":"2023-04-21T00:34:37.7008207+02:00","Level":"Information","MessageTemplate":"Hosting environment: {EnvName}","Properties":{"EnvName":"Development","SourceContext":"Microsoft.Hosting.Lifetime","ApplicationName":"Barn.Api"}}
{"Timestamp":"2023-04-21T00:34:37.7009703+02:00","Level":"Information","MessageTemplate":"Content root path: {ContentRoot}","Properties":{"ContentRoot":"C:\\Repos\\Birk.Bestillingsveiviser.Web\\Birk.Client.Bestilling","SourceContext":"Microsoft.Hosting.Lifetime","ApplicationName":"Barn.Api"}}
{"Timestamp":"2023-04-21T00:34:39.3263714+02:00","Level":"Information","MessageTemplate":"Entering {Method}","Properties":{"Method":"InitializeDropdownsAsync","SourceContext":"Birk.Client.Bestilling.Pages.Bestilling","ActionId":"0fcac5df-15f3-433d-87a8-29a26095d433","ActionName":"/_Host","RequestId":"0HMQ1TTM8OOA0:00000001","RequestPath":"/","ConnectionId":"0HMQ1TTM8OOA0","ApplicationName":"Barn.Api","CorrelationId":"74e80e6b-246a-4c08-a557-39c21723dd5b"}}
{"Timestamp":"2023-04-21T00:34:39.3296611+02:00","Level":"Information","MessageTemplate":"Entering {Method}","Properties":{"Method":"GetTypes","SourceContext":"Birk.Client.Bestilling.Services.Implementation.KodeverkService","ActionId":"0fcac5df-15f3-433d-87a8-29a26095d433","ActionName":"/_Host","RequestId":"0HMQ1TTM8OOA0:00000001","RequestPath":"/","ConnectionId":"0HMQ1TTM8OOA0","ApplicationName":"Barn.Api","CorrelationId":"74e80e6b-246a-4c08-a557-39c21723dd5b"}}
{"Timestamp":"2023-04-21T00:34:39.6078896+02:00","Level":"Information","MessageTemplate":"Exiting {Method}","Properties":{"Method":"InitializeDropdownsAsync","SourceContext":"Birk.Client.Bestilling.Pages.Bestilling","ActionId":"0fcac5df-15f3-433d-87a8-29a26095d433","ActionName":"/_Host","RequestId":"0HMQ1TTM8OOA0:00000001","RequestPath":"/","ConnectionId":"0HMQ1TTM8OOA0","ApplicationName":"Barn.Api","CorrelationId":"74e80e6b-246a-4c08-a557-39c21723dd5b"}}
{"Timestamp":"2023-04-21T00:34:40.6963005+02:00","Level":"Information","MessageTemplate":"Entering {Method}","Properties":{"Method":"InitializeDropdownsAsync","SourceContext":"Birk.Client.Bestilling.Pages.Bestilling","TransportConnectionId":"v4yj5UTZglzYUESlovP3pQ","RequestId":"0HMQ1TTM8OOA0:0000003D","RequestPath":"/_blazor","ConnectionId":"0HMQ1TTM8OOA0","ApplicationName":"Barn.Api"}}
{"Timestamp":"2023-04-21T00:34:40.8830336+02:00","Level":"Information","MessageTemplate":"Entering {Method}","Properties":{"Method":"GetTypes","SourceContext":"Birk.Client.Bestilling.Services.Implementation.KodeverkService","TransportConnectionId":"v4yj5UTZglzYUESlovP3pQ","RequestId":"0HMQ1TTM8OOA0:0000003D","RequestPath":"/_blazor","ConnectionId":"0HMQ1TTM8OOA0","ApplicationName":"Barn.Api"}}
{"Timestamp":"2023-04-21T00:34:41.0214756+02:00","Level":"Information","MessageTemplate":"Exiting {Method}","Properties":{"Method":"InitializeDropdownsAsync","SourceContext":"Birk.Client.Bestilling.Pages.Bestilling","TransportConnectionId":"v4yj5UTZglzYUESlovP3pQ","RequestId":"0HMQ1TTM8OOA0:0000003D","RequestPath":"/_blazor","ConnectionId":"0HMQ1TTM8OOA0","ApplicationName":"Barn.Api"}}
{"Timestamp":"2023-04-21T00:35:05.0430719+02:00","Level":"Information","MessageTemplate":"Entering {Method}","Properties":{"Method":"GetKommunesAndBvtjenestes","SourceContext":"Birk.Client.Bestilling.Services.Implementation.KodeverkService","TransportConnectionId":"v4yj5UTZglzYUESlovP3pQ","RequestId":"0HMQ1TTM8OOA0:0000003D","RequestPath":"/_blazor","ConnectionId":"0HMQ1TTM8OOA0","ApplicationName":"Barn.Api"}}
{"Timestamp":"2023-04-21T00:38:33.0738728+02:00","Level":"Information","MessageTemplate":"Now listening on: {address}","Properties":{"address":"https://localhost:5001","EventId":{"Id":14,"Name":"ListeningOnAddress"},"SourceContext":"Microsoft.Hosting.Lifetime","ApplicationName":"Barn.Api"}}
{"Timestamp":"2023-04-21T00:38:33.1043657+02:00","Level":"Information","MessageTemplate":"Now listening on: {address}","Properties":{"address":"http://localhost:5000","EventId":{"Id":14,"Name":"ListeningOnAddress"},"SourceContext":"Microsoft.Hosting.Lifetime","ApplicationName":"Barn.Api"}}
{"Timestamp":"2023-04-21T00:38:33.1057430+02:00","Level":"Information","MessageTemplate":"Application started. Press Ctrl+C to shut down.","Properties":{"SourceContext":"Microsoft.Hosting.Lifetime","ApplicationName":"Barn.Api"}}
{"Timestamp":"2023-04-21T00:38:33.1059316+02:00","Level":"Information","MessageTemplate":"Hosting environment: {EnvName}","Properties":{"EnvName":"Development","SourceContext":"Microsoft.Hosting.Lifetime","ApplicationName":"Barn.Api"}}
{"Timestamp":"2023-04-21T00:38:33.1059903+02:00","Level":"Information","MessageTemplate":"Content root path: {ContentRoot}","Properties":{"ContentRoot":"C:\\Repos\\Birk.Bestillingsveiviser.Web\\Birk.Client.Bestilling","SourceContext":"Microsoft.Hosting.Lifetime","ApplicationName":"Barn.Api"}}
{"Timestamp":"2023-04-21T00:38:35.2893976+02:00","Level":"Information","MessageTemplate":"Entering {Method}","Properties":{"Method":"InitializeDropdownsAsync","SourceContext":"Birk.Client.Bestilling.Pages.Bestilling","ActionId":"1e3c827c-b5c6-45ce-bbc6-e7d94d81338a","ActionName":"/_Host","RequestId":"0HMQ1TVSHBF5A:00000001","RequestPath":"/","ConnectionId":"0HMQ1TVSHBF5A","ApplicationName":"Barn.Api","CorrelationId":"05149cc1-d19f-466f-9e44-6075670b88f3"}}
{"Timestamp":"2023-04-21T00:38:35.2925990+02:00","Level":"Information","MessageTemplate":"Entering {Method}","Properties":{"Method":"GetTypes","SourceContext":"Birk.Client.Bestilling.Services.Implementation.KodeverkService","ActionId":"1e3c827c-b5c6-45ce-bbc6-e7d94d81338a","ActionName":"/_Host","RequestId":"0HMQ1TVSHBF5A:00000001","RequestPath":"/","ConnectionId":"0HMQ1TVSHBF5A","ApplicationName":"Barn.Api","CorrelationId":"05149cc1-d19f-466f-9e44-6075670b88f3"}}
{"Timestamp":"2023-04-21T00:38:35.6176054+02:00","Level":"Information","MessageTemplate":"Exiting {Method}","Properties":{"Method":"InitializeDropdownsAsync","SourceContext":"Birk.Client.Bestilling.Pages.Bestilling","ActionId":"1e3c827c-b5c6-45ce-bbc6-e7d94d81338a","ActionName":"/_Host","RequestId":"0HMQ1TVSHBF5A:00000001","RequestPath":"/","ConnectionId":"0HMQ1TVSHBF5A","ApplicationName":"Barn.Api","CorrelationId":"05149cc1-d19f-466f-9e44-6075670b88f3"}}
{"Timestamp":"2023-04-21T00:38:36.5118304+02:00","Level":"Information","MessageTemplate":"Entering {Method}","Properties":{"Method":"InitializeDropdownsAsync","SourceContext":"Birk.Client.Bestilling.Pages.Bestilling","TransportConnectionId":"Q-LHcgJgJHh-oTXJVF0bRQ","RequestId":"0HMQ1TVSHBF5A:0000003D","RequestPath":"/_blazor","ConnectionId":"0HMQ1TVSHBF5A","ApplicationName":"Barn.Api"}}
{"Timestamp":"2023-04-21T00:38:36.6691521+02:00","Level":"Information","MessageTemplate":"Entering {Method}","Properties":{"Method":"GetTypes","SourceContext":"Birk.Client.Bestilling.Services.Implementation.KodeverkService","TransportConnectionId":"Q-LHcgJgJHh-oTXJVF0bRQ","RequestId":"0HMQ1TVSHBF5A:0000003D","RequestPath":"/_blazor","ConnectionId":"0HMQ1TVSHBF5A","ApplicationName":"Barn.Api"}}
{"Timestamp":"2023-04-21T00:38:36.7615918+02:00","Level":"Information","MessageTemplate":"Exiting {Method}","Properties":{"Method":"InitializeDropdownsAsync","SourceContext":"Birk.Client.Bestilling.Pages.Bestilling","TransportConnectionId":"Q-LHcgJgJHh-oTXJVF0bRQ","RequestId":"0HMQ1TVSHBF5A:0000003D","RequestPath":"/_blazor","ConnectionId":"0HMQ1TVSHBF5A","ApplicationName":"Barn.Api"}}
{"Timestamp":"2023-04-21T00:45:50.8648394+02:00","Level":"Information","MessageTemplate":"Entering {Method}","Properties":{"Method":"GetKommunesAndBvtjenestes","SourceContext":"Birk.Client.Bestilling.Services.Implementation.KodeverkService","TransportConnectionId":"Q-LHcgJgJHh-oTXJVF0bRQ","RequestId":"0HMQ1TVSHBF5A:0000003D","RequestPath":"/_blazor","ConnectionId":"0HMQ1TVSHBF5A","ApplicationName":"Barn.Api"}}
{"Timestamp":"2023-04-21T18:22:43.6946145+02:00","Level":"Information","MessageTemplate":"Now listening on: {address}","Properties":{"address":"https://localhost:5001","EventId":{"Id":14,"Name":"ListeningOnAddress"},"SourceContext":"Microsoft.Hosting.Lifetime","ApplicationName":"Barn.Api"}}
{"Timestamp":"2023-04-21T18:22:43.7242032+02:00","Level":"Information","MessageTemplate":"Now listening on: {address}","Properties":{"address":"http://localhost:5000","EventId":{"Id":14,"Name":"ListeningOnAddress"},"SourceContext":"Microsoft.Hosting.Lifetime","ApplicationName":"Barn.Api"}}
{"Timestamp":"2023-04-21T18:22:43.7254765+02:00","Level":"Information","MessageTemplate":"Application started. Press Ctrl+C to shut down.","Properties":{"SourceContext":"Microsoft.Hosting.Lifetime","ApplicationName":"Barn.Api"}}
{"Timestamp":"2023-04-21T18:22:43.7256479+02:00","Level":"Information","MessageTemplate":"Hosting environment: {EnvName}","Properties":{"EnvName":"Development","SourceContext":"Microsoft.Hosting.Lifetime","ApplicationName":"Barn.Api"}}
{"Timestamp":"2023-04-21T18:22:43.7257041+02:00","Level":"Information","MessageTemplate":"Content root path: {ContentRoot}","Properties":{"ContentRoot":"C:\\Repos\\Birk.Bestillingsveiviser.Web\\Birk.Client.Bestilling","SourceContext":"Microsoft.Hosting.Lifetime","ApplicationName":"Barn.Api"}}
{"Timestamp":"2023-04-21T18:22:45.7623337+02:00","Level":"Information","MessageTemplate":"Entering {Method}","Properties":{"Method":"InitializeDropdownsAsync","SourceContext":"Birk.Client.Bestilling.Pages.Bestilling","ActionId":"78bb0b7c-e29a-4017-a73e-1d2e3af8c901","ActionName":"/_Host","RequestId":"0HMQ2GIHGLMAM:00000001","RequestPath":"/","ConnectionId":"0HMQ2GIHGLMAM","ApplicationName":"Barn.Api","CorrelationId":"f77c0df6-dee8-4a2a-bda6-b29e2faf3187"}}
{"Timestamp":"2023-04-21T18:22:45.7657374+02:00","Level":"Information","MessageTemplate":"Entering {Method}","Properties":{"Method":"GetTypes","SourceContext":"Birk.Client.Bestilling.Services.Implementation.KodeverkService","ActionId":"78bb0b7c-e29a-4017-a73e-1d2e3af8c901","ActionName":"/_Host","RequestId":"0HMQ2GIHGLMAM:00000001","RequestPath":"/","ConnectionId":"0HMQ2GIHGLMAM","ApplicationName":"Barn.Api","CorrelationId":"f77c0df6-dee8-4a2a-bda6-b29e2faf3187"}}
{"Timestamp":"2023-04-21T18:22:48.3999971+02:00","Level":"Information","MessageTemplate":"Exiting {Method}","Properties":{"Method":"InitializeDropdownsAsync","SourceContext":"Birk.Client.Bestilling.Pages.Bestilling","ActionId":"78bb0b7c-e29a-4017-a73e-1d2e3af8c901","ActionName":"/_Host","RequestId":"0HMQ2GIHGLMAM:00000001","RequestPath":"/","ConnectionId":"0HMQ2GIHGLMAM","ApplicationName":"Barn.Api","CorrelationId":"f77c0df6-dee8-4a2a-bda6-b29e2faf3187"}}
{"Timestamp":"2023-04-21T18:22:49.2055895+02:00","Level":"Information","MessageTemplate":"Entering {Method}","Properties":{"Method":"InitializeDropdownsAsync","SourceContext":"Birk.Client.Bestilling.Pages.Bestilling","TransportConnectionId":"OQrCZHqGEDsVpEIqwT4VMA","RequestId":"0HMQ2GIHGLMAM:0000003D","RequestPath":"/_blazor","ConnectionId":"0HMQ2GIHGLMAM","ApplicationName":"Barn.Api"}}
{"Timestamp":"2023-04-21T18:22:49.3452824+02:00","Level":"Information","MessageTemplate":"Entering {Method}","Properties":{"Method":"GetTypes","SourceContext":"Birk.Client.Bestilling.Services.Implementation.KodeverkService","TransportConnectionId":"OQrCZHqGEDsVpEIqwT4VMA","RequestId":"0HMQ2GIHGLMAM:0000003D","RequestPath":"/_blazor","ConnectionId":"0HMQ2GIHGLMAM","ApplicationName":"Barn.Api"}}
{"Timestamp":"2023-04-21T18:22:49.4595746+02:00","Level":"Information","MessageTemplate":"Exiting {Method}","Properties":{"Method":"InitializeDropdownsAsync","SourceContext":"Birk.Client.Bestilling.Pages.Bestilling","TransportConnectionId":"OQrCZHqGEDsVpEIqwT4VMA","RequestId":"0HMQ2GIHGLMAM:0000003D","RequestPath":"/_blazor","ConnectionId":"0HMQ2GIHGLMAM","ApplicationName":"Barn.Api"}}
{"Timestamp":"2023-04-21T18:26:51.9160485+02:00","Level":"Information","MessageTemplate":"Entering {Method}","Properties":{"Method":"InitializeDropdownsAsync","SourceContext":"Birk.Client.Bestilling.Pages.Bestilling","ActionId":"78bb0b7c-e29a-4017-a73e-1d2e3af8c901","ActionName":"/_Host","RequestId":"0HMQ2GIHGLMAM:0000006F","RequestPath":"/","ConnectionId":"0HMQ2GIHGLMAM","ApplicationName":"Barn.Api","CorrelationId":"beb6beeb-a15d-4c6d-93bb-afb694c9da03"}}
{"Timestamp":"2023-04-21T18:26:51.9163888+02:00","Level":"Information","MessageTemplate":"Entering {Method}","Properties":{"Method":"GetTypes","SourceContext":"Birk.Client.Bestilling.Services.Implementation.KodeverkService","ActionId":"78bb0b7c-e29a-4017-a73e-1d2e3af8c901","ActionName":"/_Host","RequestId":"0HMQ2GIHGLMAM:0000006F","RequestPath":"/","ConnectionId":"0HMQ2GIHGLMAM","ApplicationName":"Barn.Api","CorrelationId":"beb6beeb-a15d-4c6d-93bb-afb694c9da03"}}
{"Timestamp":"2023-04-21T18:26:52.0358451+02:00","Level":"Information","MessageTemplate":"Exiting {Method}","Properties":{"Method":"InitializeDropdownsAsync","SourceContext":"Birk.Client.Bestilling.Pages.Bestilling","ActionId":"78bb0b7c-e29a-4017-a73e-1d2e3af8c901","ActionName":"/_Host","RequestId":"0HMQ2GIHGLMAM:0000006F","RequestPath":"/","ConnectionId":"0HMQ2GIHGLMAM","ApplicationName":"Barn.Api","CorrelationId":"beb6beeb-a15d-4c6d-93bb-afb694c9da03"}}
{"Timestamp":"2023-04-21T18:26:53.9375288+02:00","Level":"Information","MessageTemplate":"Entering {Method}","Properties":{"Method":"InitializeDropdownsAsync","SourceContext":"Birk.Client.Bestilling.Pages.Bestilling","TransportConnectionId":"hkPnHtg-KG7QMqhEnMmpZg","RequestId":"0HMQ2GIHGLMAM:000000AF","RequestPath":"/_blazor","ConnectionId":"0HMQ2GIHGLMAM","ApplicationName":"Barn.Api"}}
{"Timestamp":"2023-04-21T18:26:54.3462120+02:00","Level":"Information","MessageTemplate":"Entering {Method}","Properties":{"Method":"GetTypes","SourceContext":"Birk.Client.Bestilling.Services.Implementation.KodeverkService","TransportConnectionId":"hkPnHtg-KG7QMqhEnMmpZg","RequestId":"0HMQ2GIHGLMAM:000000AF","RequestPath":"/_blazor","ConnectionId":"0HMQ2GIHGLMAM","ApplicationName":"Barn.Api"}}
{"Timestamp":"2023-04-21T18:26:54.5690349+02:00","Level":"Information","MessageTemplate":"Exiting {Method}","Properties":{"Method":"InitializeDropdownsAsync","SourceContext":"Birk.Client.Bestilling.Pages.Bestilling","TransportConnectionId":"hkPnHtg-KG7QMqhEnMmpZg","RequestId":"0HMQ2GIHGLMAM:000000AF","RequestPath":"/_blazor","ConnectionId":"0HMQ2GIHGLMAM","ApplicationName":"Barn.Api"}}
{"Timestamp":"2023-04-21T18:26:55.9593138+02:00","Level":"Information","MessageTemplate":"Entering {Method}","Properties":{"Method":"GetKommunesAndBvtjenestes","SourceContext":"Birk.Client.Bestilling.Services.Implementation.KodeverkService","TransportConnectionId":"hkPnHtg-KG7QMqhEnMmpZg","RequestId":"0HMQ2GIHGLMAM:000000AF","RequestPath":"/_blazor","ConnectionId":"0HMQ2GIHGLMAM","ApplicationName":"Barn.Api"}}
{"Timestamp":"2023-04-21T18:39:50.9085544+02:00","Level":"Information","MessageTemplate":"Now listening on: {address}","Properties":{"address":"https://localhost:5001","EventId":{"Id":14,"Name":"ListeningOnAddress"},"SourceContext":"Microsoft.Hosting.Lifetime","ApplicationName":"Barn.Api"}}
{"Timestamp":"2023-04-21T18:39:50.9382613+02:00","Level":"Information","MessageTemplate":"Now listening on: {address}","Properties":{"address":"http://localhost:5000","EventId":{"Id":14,"Name":"ListeningOnAddress"},"SourceContext":"Microsoft.Hosting.Lifetime","ApplicationName":"Barn.Api"}}
{"Timestamp":"2023-04-21T18:39:50.9397083+02:00","Level":"Information","MessageTemplate":"Application started. Press Ctrl+C to shut down.","Properties":{"SourceContext":"Microsoft.Hosting.Lifetime","ApplicationName":"Barn.Api"}}
{"Timestamp":"2023-04-21T18:39:50.9399017+02:00","Level":"Information","MessageTemplate":"Hosting environment: {EnvName}","Properties":{"EnvName":"Development","SourceContext":"Microsoft.Hosting.Lifetime","ApplicationName":"Barn.Api"}}
{"Timestamp":"2023-04-21T18:39:50.9399797+02:00","Level":"Information","MessageTemplate":"Content root path: {ContentRoot}","Properties":{"ContentRoot":"C:\\Repos\\Birk.Bestillingsveiviser.Web\\Birk.Client.Bestilling","SourceContext":"Microsoft.Hosting.Lifetime","ApplicationName":"Barn.Api"}}
{"Timestamp":"2023-04-21T18:39:52.7172604+02:00","Level":"Information","MessageTemplate":"Entering {Method}","Properties":{"Method":"InitializeDropdownsAsync","SourceContext":"Birk.Client.Bestilling.Pages.Bestilling","ActionId":"46851cad-acd2-47b9-9b00-6ae7118b2df9","ActionName":"/_Host","RequestId":"0HMQ2GS3JMKHG:00000001","RequestPath":"/","ConnectionId":"0HMQ2GS3JMKHG","ApplicationName":"Barn.Api","CorrelationId":"c0fbc991-a63f-463d-a04e-fab317c3e1dc"}}
{"Timestamp":"2023-04-21T18:39:52.7203148+02:00","Level":"Information","MessageTemplate":"Entering {Method}","Properties":{"Method":"GetTypes","SourceContext":"Birk.Client.Bestilling.Services.Implementation.KodeverkService","ActionId":"46851cad-acd2-47b9-9b00-6ae7118b2df9","ActionName":"/_Host","RequestId":"0HMQ2GS3JMKHG:00000001","RequestPath":"/","ConnectionId":"0HMQ2GS3JMKHG","ApplicationName":"Barn.Api","CorrelationId":"c0fbc991-a63f-463d-a04e-fab317c3e1dc"}}
{"Timestamp":"2023-04-21T18:39:52.9331222+02:00","Level":"Information","MessageTemplate":"Exiting {Method}","Properties":{"Method":"InitializeDropdownsAsync","SourceContext":"Birk.Client.Bestilling.Pages.Bestilling","ActionId":"46851cad-acd2-47b9-9b00-6ae7118b2df9","ActionName":"/_Host","RequestId":"0HMQ2GS3JMKHG:00000001","RequestPath":"/","ConnectionId":"0HMQ2GS3JMKHG","ApplicationName":"Barn.Api","CorrelationId":"c0fbc991-a63f-463d-a04e-fab317c3e1dc"}}
{"Timestamp":"2023-04-21T18:39:53.8297112+02:00","Level":"Information","MessageTemplate":"Entering {Method}","Properties":{"Method":"InitializeDropdownsAsync","SourceContext":"Birk.Client.Bestilling.Pages.Bestilling","TransportConnectionId":"PGiiQT2TNTwlwwQCzTciyA","RequestId":"0HMQ2GS3JMKHG:0000003D","RequestPath":"/_blazor","ConnectionId":"0HMQ2GS3JMKHG","ApplicationName":"Barn.Api"}}
{"Timestamp":"2023-04-21T18:39:54.0195333+02:00","Level":"Information","MessageTemplate":"Entering {Method}","Properties":{"Method":"GetTypes","SourceContext":"Birk.Client.Bestilling.Services.Implementation.KodeverkService","TransportConnectionId":"PGiiQT2TNTwlwwQCzTciyA","RequestId":"0HMQ2GS3JMKHG:0000003D","RequestPath":"/_blazor","ConnectionId":"0HMQ2GS3JMKHG","ApplicationName":"Barn.Api"}}
{"Timestamp":"2023-04-21T18:39:54.1831543+02:00","Level":"Information","MessageTemplate":"Exiting {Method}","Properties":{"Method":"InitializeDropdownsAsync","SourceContext":"Birk.Client.Bestilling.Pages.Bestilling","TransportConnectionId":"PGiiQT2TNTwlwwQCzTciyA","RequestId":"0HMQ2GS3JMKHG:0000003D","RequestPath":"/_blazor","ConnectionId":"0HMQ2GS3JMKHG","ApplicationName":"Barn.Api"}}
{"Timestamp":"2023-04-21T18:40:44.8835806+02:00","Level":"Information","MessageTemplate":"Entering {Method}","Properties":{"Method":"GetKommunesAndBvtjenestes","SourceContext":"Birk.Client.Bestilling.Services.Implementation.KodeverkService","TransportConnectionId":"PGiiQT2TNTwlwwQCzTciyA","RequestId":"0HMQ2GS3JMKHG:0000003D","RequestPath":"/_blazor","ConnectionId":"0HMQ2GS3JMKHG","ApplicationName":"Barn.Api"}}
{"Timestamp":"2023-04-21T18:43:36.4307765+02:00","Level":"Information","MessageTemplate":"Now listening on: {address}","Properties":{"address":"https://localhost:5001","EventId":{"Id":14,"Name":"ListeningOnAddress"},"SourceContext":"Microsoft.Hosting.Lifetime","ApplicationName":"Barn.Api"}}
{"Timestamp":"2023-04-21T18:43:36.4600089+02:00","Level":"Information","MessageTemplate":"Now listening on: {address}","Properties":{"address":"http://localhost:5000","EventId":{"Id":14,"Name":"ListeningOnAddress"},"SourceContext":"Microsoft.Hosting.Lifetime","ApplicationName":"Barn.Api"}}
{"Timestamp":"2023-04-21T18:43:36.4614864+02:00","Level":"Information","MessageTemplate":"Application started. Press Ctrl+C to shut down.","Properties":{"SourceContext":"Microsoft.Hosting.Lifetime","ApplicationName":"Barn.Api"}}
{"Timestamp":"2023-04-21T18:43:36.4616661+02:00","Level":"Information","MessageTemplate":"Hosting environment: {EnvName}","Properties":{"EnvName":"Development","SourceContext":"Microsoft.Hosting.Lifetime","ApplicationName":"Barn.Api"}}
{"Timestamp":"2023-04-21T18:43:36.4618011+02:00","Level":"Information","MessageTemplate":"Content root path: {ContentRoot}","Properties":{"ContentRoot":"C:\\Repos\\Birk.Bestillingsveiviser.Web\\Birk.Client.Bestilling","SourceContext":"Microsoft.Hosting.Lifetime","ApplicationName":"Barn.Api"}}
{"Timestamp":"2023-04-21T18:43:38.1679293+02:00","Level":"Information","MessageTemplate":"Entering {Method}","Properties":{"Method":"InitializeDropdownsAsync","SourceContext":"Birk.Client.Bestilling.Pages.Bestilling","ActionId":"652a9136-a2a6-4a14-bc65-a9f538945ae9","ActionName":"/_Host","RequestId":"0HMQ2GU6R6S4R:00000001","RequestPath":"/","ConnectionId":"0HMQ2GU6R6S4R","ApplicationName":"Barn.Api","CorrelationId":"ec918bdc-c6a3-4607-bad6-dacd10484cb4"}}
{"Timestamp":"2023-04-21T18:43:38.1713664+02:00","Level":"Information","MessageTemplate":"Entering {Method}","Properties":{"Method":"GetTypes","SourceContext":"Birk.Client.Bestilling.Services.Implementation.KodeverkService","ActionId":"652a9136-a2a6-4a14-bc65-a9f538945ae9","ActionName":"/_Host","RequestId":"0HMQ2GU6R6S4R:00000001","RequestPath":"/","ConnectionId":"0HMQ2GU6R6S4R","ApplicationName":"Barn.Api","CorrelationId":"ec918bdc-c6a3-4607-bad6-dacd10484cb4"}}
{"Timestamp":"2023-04-21T18:43:38.3640017+02:00","Level":"Information","MessageTemplate":"Exiting {Method}","Properties":{"Method":"InitializeDropdownsAsync","SourceContext":"Birk.Client.Bestilling.Pages.Bestilling","ActionId":"652a9136-a2a6-4a14-bc65-a9f538945ae9","ActionName":"/_Host","RequestId":"0HMQ2GU6R6S4R:00000001","RequestPath":"/","ConnectionId":"0HMQ2GU6R6S4R","ApplicationName":"Barn.Api","CorrelationId":"ec918bdc-c6a3-4607-bad6-dacd10484cb4"}}
{"Timestamp":"2023-04-21T18:43:39.0822852+02:00","Level":"Information","MessageTemplate":"Entering {Method}","Properties":{"Method":"InitializeDropdownsAsync","SourceContext":"Birk.Client.Bestilling.Pages.Bestilling","TransportConnectionId":"VIbN8Hgp5QfHs4HWLrqlwQ","RequestId":"0HMQ2GU6R6S4R:0000003D","RequestPath":"/_blazor","ConnectionId":"0HMQ2GU6R6S4R","ApplicationName":"Barn.Api"}}
{"Timestamp":"2023-04-21T18:43:39.2558503+02:00","Level":"Information","MessageTemplate":"Entering {Method}","Properties":{"Method":"GetTypes","SourceContext":"Birk.Client.Bestilling.Services.Implementation.KodeverkService","TransportConnectionId":"VIbN8Hgp5QfHs4HWLrqlwQ","RequestId":"0HMQ2GU6R6S4R:0000003D","RequestPath":"/_blazor","ConnectionId":"0HMQ2GU6R6S4R","ApplicationName":"Barn.Api"}}
{"Timestamp":"2023-04-21T18:43:39.3372349+02:00","Level":"Information","MessageTemplate":"Exiting {Method}","Properties":{"Method":"InitializeDropdownsAsync","SourceContext":"Birk.Client.Bestilling.Pages.Bestilling","TransportConnectionId":"VIbN8Hgp5QfHs4HWLrqlwQ","RequestId":"0HMQ2GU6R6S4R:0000003D","RequestPath":"/_blazor","ConnectionId":"0HMQ2GU6R6S4R","ApplicationName":"Barn.Api"}}
{"Timestamp":"2023-04-21T18:45:35.3346759+02:00","Level":"Information","MessageTemplate":"Entering {Method}","Properties":{"Method":"GetKommunesAndBvtjenestes","SourceContext":"Birk.Client.Bestilling.Services.Implementation.KodeverkService","TransportConnectionId":"VIbN8Hgp5QfHs4HWLrqlwQ","RequestId":"0HMQ2GU6R6S4R:0000003D","RequestPath":"/_blazor","ConnectionId":"0HMQ2GU6R6S4R","ApplicationName":"Barn.Api"}}
{"Timestamp":"2023-04-21T18:45:53.6375480+02:00","Level":"Information","MessageTemplate":"Entering {Method}","Properties":{"Method":"GetBarnByFnr","SourceContext":"Birk.Client.Bestilling.Services.Implementation.BarnService","TransportConnectionId":"VIbN8Hgp5QfHs4HWLrqlwQ","RequestId":"0HMQ2GU6R6S4R:0000003D","RequestPath":"/_blazor","ConnectionId":"0HMQ2GU6R6S4R","ApplicationName":"Barn.Api"}}
{"Timestamp":"2023-04-21T18:48:39.8398253+02:00","Level":"Information","MessageTemplate":"Now listening on: {address}","Properties":{"address":"https://localhost:5001","EventId":{"Id":14,"Name":"ListeningOnAddress"},"SourceContext":"Microsoft.Hosting.Lifetime","ApplicationName":"Barn.Api"}}
{"Timestamp":"2023-04-21T18:48:39.8747406+02:00","Level":"Information","MessageTemplate":"Now listening on: {address}","Properties":{"address":"http://localhost:5000","EventId":{"Id":14,"Name":"ListeningOnAddress"},"SourceContext":"Microsoft.Hosting.Lifetime","ApplicationName":"Barn.Api"}}
{"Timestamp":"2023-04-21T18:48:39.8765202+02:00","Level":"Information","MessageTemplate":"Application started. Press Ctrl+C to shut down.","Properties":{"SourceContext":"Microsoft.Hosting.Lifetime","ApplicationName":"Barn.Api"}}
{"Timestamp":"2023-04-21T18:48:39.8767360+02:00","Level":"Information","MessageTemplate":"Hosting environment: {EnvName}","Properties":{"EnvName":"Development","SourceContext":"Microsoft.Hosting.Lifetime","ApplicationName":"Barn.Api"}}
{"Timestamp":"2023-04-21T18:48:39.8768040+02:00","Level":"Information","MessageTemplate":"Content root path: {ContentRoot}","Properties":{"ContentRoot":"C:\\Repos\\Birk.Bestillingsveiviser.Web\\Birk.Client.Bestilling","SourceContext":"Microsoft.Hosting.Lifetime","ApplicationName":"Barn.Api"}}
{"Timestamp":"2023-04-21T18:48:41.4676226+02:00","Level":"Information","MessageTemplate":"Entering {Method}","Properties":{"Method":"InitializeDropdownsAsync","SourceContext":"Birk.Client.Bestilling.Pages.Bestilling","ActionId":"cf287605-3200-4280-8ada-54b2f9af19e5","ActionName":"/_Host","RequestId":"0HMQ2H116M3DG:00000001","RequestPath":"/","ConnectionId":"0HMQ2H116M3DG","ApplicationName":"Barn.Api","CorrelationId":"2d0162df-50d2-4a94-b94e-4aec17ef38b4"}}
{"Timestamp":"2023-04-21T18:48:41.4705817+02:00","Level":"Information","MessageTemplate":"Entering {Method}","Properties":{"Method":"GetTypes","SourceContext":"Birk.Client.Bestilling.Services.Implementation.KodeverkService","ActionId":"cf287605-3200-4280-8ada-54b2f9af19e5","ActionName":"/_Host","RequestId":"0HMQ2H116M3DG:00000001","RequestPath":"/","ConnectionId":"0HMQ2H116M3DG","ApplicationName":"Barn.Api","CorrelationId":"2d0162df-50d2-4a94-b94e-4aec17ef38b4"}}
{"Timestamp":"2023-04-21T18:48:41.6862046+02:00","Level":"Information","MessageTemplate":"Exiting {Method}","Properties":{"Method":"InitializeDropdownsAsync","SourceContext":"Birk.Client.Bestilling.Pages.Bestilling","ActionId":"cf287605-3200-4280-8ada-54b2f9af19e5","ActionName":"/_Host","RequestId":"0HMQ2H116M3DG:00000001","RequestPath":"/","ConnectionId":"0HMQ2H116M3DG","ApplicationName":"Barn.Api","CorrelationId":"2d0162df-50d2-4a94-b94e-4aec17ef38b4"}}
{"Timestamp":"2023-04-21T18:48:42.4190332+02:00","Level":"Information","MessageTemplate":"Entering {Method}","Properties":{"Method":"InitializeDropdownsAsync","SourceContext":"Birk.Client.Bestilling.Pages.Bestilling","TransportConnectionId":"pdnVYdgdj2UCHNH6mQ8sNg","RequestId":"0HMQ2H116M3DG:0000003D","RequestPath":"/_blazor","ConnectionId":"0HMQ2H116M3DG","ApplicationName":"Barn.Api"}}
{"Timestamp":"2023-04-21T18:48:42.5637710+02:00","Level":"Information","MessageTemplate":"Entering {Method}","Properties":{"Method":"GetTypes","SourceContext":"Birk.Client.Bestilling.Services.Implementation.KodeverkService","TransportConnectionId":"pdnVYdgdj2UCHNH6mQ8sNg","RequestId":"0HMQ2H116M3DG:0000003D","RequestPath":"/_blazor","ConnectionId":"0HMQ2H116M3DG","ApplicationName":"Barn.Api"}}
{"Timestamp":"2023-04-21T18:48:42.6519362+02:00","Level":"Information","MessageTemplate":"Exiting {Method}","Properties":{"Method":"InitializeDropdownsAsync","SourceContext":"Birk.Client.Bestilling.Pages.Bestilling","TransportConnectionId":"pdnVYdgdj2UCHNH6mQ8sNg","RequestId":"0HMQ2H116M3DG:0000003D","RequestPath":"/_blazor","ConnectionId":"0HMQ2H116M3DG","ApplicationName":"Barn.Api"}}
{"Timestamp":"2023-04-21T18:49:07.1278372+02:00","Level":"Information","MessageTemplate":"Entering {Method}","Properties":{"Method":"GetKommunesAndBvtjenestes","SourceContext":"Birk.Client.Bestilling.Services.Implementation.KodeverkService","TransportConnectionId":"pdnVYdgdj2UCHNH6mQ8sNg","RequestId":"0HMQ2H116M3DG:0000003D","RequestPath":"/_blazor","ConnectionId":"0HMQ2H116M3DG","ApplicationName":"Barn.Api"}}
